{
	"textures": {
		"2": "animated_java:blueprint/fire_model/fire_limb",
		"particle": "minecraft:item/pufferfish"
	},
	"display": {
		"head": {
			"rotation": [0, 180, 0]
		}
	},
	"elements": [
		{
			"from": [8, 4.5, 5.5],
			"to": [12.5, 11, 10.5],
			"rotation": {
				"angle": 0,
				"axis": "y",
				"origin": [12, 9, 7.5]
			},
			"faces": {
				"north": {
					"uv": [9, 0, 0, 6.25],
					"texture": "#2"
				},
				"east": {
					"uv": [10, 0, 0, 7.5],
					"texture": "#2"
				},
				"south": {
					"uv": [10, 0, 0, 7.5],
					"texture": "#2"
				},
				"west": {
					"uv": [10, 0, 0, 7.5],
					"texture": "#2"
				},
				"up": {
					"uv": [10, 0, 0, 7.5],
					"texture": "#2"
				},
				"down": {
					"uv": [10, 0, 0, 7.5],
					"texture": "#2"
				}
			}
		},
		{
			"from": [8, 3, 6],
			"to": [12, 4.5, 10],
			"rotation": {
				"angle": 0,
				"axis": "y",
				"origin": [11.5, 2.5, 7.5]
			},
			"faces": {
				"north": {
					"uv": [7.5, 5.08333, 0, 7],
					"texture": "#2"
				},
				"east": {
					"uv": [9, 5.25, 0, 7.08333],
					"texture": "#2"
				},
				"south": {
					"uv": [9, 5.25, 0, 7.08333],
					"texture": "#2"
				},
				"west": {
					"uv": [9, 5.25, 0, 7.08333],
					"texture": "#2"
				},
				"up": {
					"uv": [9, 5.25, 0, 7.08333],
					"texture": "#2"
				},
				"down": {
					"uv": [9, 5.25, 0, 7.08333],
					"texture": "#2"
				}
			}
		}
	]
}