{
	"textures": {
		"2": "animated_java:blueprint/fire_model/fire_limb",
		"particle": "minecraft:item/pufferfish"
	},
	"display": {
		"head": {
			"rotation": [0, 180, 0]
		}
	},
	"elements": [
		{
			"from": [5.75, 3.5, 5.75],
			"to": [10.25, 8, 10.25],
			"rotation": {
				"angle": 0,
				"axis": "y",
				"origin": [8, 8, 8]
			},
			"faces": {
				"north": {
					"uv": [9.5, 11.5, 0, 16],
					"texture": "#2"
				},
				"east": {
					"uv": [9.5, 11.5, 0, 16],
					"texture": "#2"
				},
				"south": {
					"uv": [9.5, 11.5, 0, 16],
					"texture": "#2"
				},
				"west": {
					"uv": [9.5, 11.5, 0, 16],
					"texture": "#2"
				},
				"up": {
					"uv": [9.5, 11.5, 0, 16],
					"texture": "#2"
				},
				"down": {
					"uv": [9.5, 11.5, 0, 16],
					"texture": "#2"
				}
			}
		}
	]
}