{
	"textures": {
		"0": "animated_java:blueprint/fire_model/fire_body",
		"particle": "minecraft:item/pufferfish"
	},
	"display": {
		"head": {
			"rotation": [0, 180, 0]
		}
	},
	"elements": [
		{
			"from": [2.5, 2, 5],
			"to": [13.5, 8, 11],
			"rotation": {
				"angle": 0,
				"axis": "y",
				"origin": [8, 8, 8.25]
			},
			"faces": {
				"north": {
					"uv": [0, 12.02778, 5.66667, 7.44445],
					"texture": "#0"
				},
				"east": {
					"uv": [0, 15, 6, 16],
					"texture": "#0"
				},
				"south": {
					"uv": [5.83333, 10.11111, 10, 5.58333],
					"texture": "#0"
				},
				"west": {
					"uv": [7.66667, 13.44445, 14.5, 7.5],
					"texture": "#0"
				},
				"up": {
					"uv": [0, 18.33334, 71.00004, 30],
					"texture": "#0"
				},
				"down": {
					"uv": [0, 18.33334, 71.00004, 30],
					"texture": "#0"
				}
			}
		}
	]
}