{
	"textures": {
		"0": "animated_java:blueprint/fire_model/fire_body",
		"particle": "minecraft:item/pufferfish"
	},
	"display": {
		"head": {
			"rotation": [0, 180, 0]
		}
	},
	"elements": [
		{
			"from": [2.5, 4, 5.5],
			"to": [13.5, 6.5, 10.5],
			"rotation": {
				"angle": 0,
				"axis": "y",
				"origin": [12.5, 4, 9.5]
			},
			"faces": {
				"north": {
					"uv": [0, 0, 11, 0.41667],
					"texture": "#0"
				},
				"east": {
					"uv": [0, 0, 5, 0.41667],
					"texture": "#0"
				},
				"south": {
					"uv": [0, 0, 11, 0.41667],
					"texture": "#0"
				},
				"west": {
					"uv": [0, 0, 5, 0.41667],
					"texture": "#0"
				},
				"up": {
					"uv": [0, 0, 11, 0.83333],
					"texture": "#0"
				},
				"down": {
					"uv": [0, 0, 11, 0.83333],
					"texture": "#0"
				}
			}
		},
		{
			"from": [1.75, 6.5, 4.5],
			"to": [14.25, 8, 11.5],
			"rotation": {
				"angle": 0,
				"axis": "y",
				"origin": [12.5, 6.5, 9.5]
			},
			"faces": {
				"north": {
					"uv": [0, 0, 12.5, 0.25],
					"texture": "#0"
				},
				"east": {
					"uv": [0, 0, 7, 0.25],
					"texture": "#0"
				},
				"south": {
					"uv": [0, 0, 12.5, 0.25],
					"texture": "#0"
				},
				"west": {
					"uv": [0, 0, 7, 0.25],
					"texture": "#0"
				},
				"up": {
					"uv": [0, 0, 12.5, 1.16667],
					"texture": "#0"
				},
				"down": {
					"uv": [0, 0, 12.5, 1.16667],
					"texture": "#0"
				}
			}
		},
		{
			"from": [2.5, 3.925, 5],
			"to": [13.5, 8.425, 6],
			"rotation": {
				"angle": -22.5,
				"axis": "x",
				"origin": [12.5, 3.925, 5]
			},
			"faces": {
				"north": {
					"uv": [0, 8.22223, 5.66667, 11.55556],
					"texture": "#0"
				},
				"east": {
					"uv": [0, 2.83334, 12, 11.83334],
					"texture": "#0"
				},
				"south": {
					"uv": [0, 0, 11, 0.75],
					"texture": "#0"
				},
				"west": {
					"uv": [0, 2.83334, 3.83333, 9.75001],
					"texture": "#0"
				},
				"up": {
					"uv": [0, 0, 11, 0.16667],
					"texture": "#0"
				},
				"down": {
					"uv": [0, 0, 11, 0.16667],
					"texture": "#0"
				}
			}
		},
		{
			"from": [2.5, 4.3, 10.075],
			"to": [13.5, 8.8, 11.075],
			"rotation": {
				"angle": 22.5,
				"axis": "x",
				"origin": [12.5, 4.3, 10.075]
			},
			"faces": {
				"north": {
					"uv": [0, 0, 11, 0.75],
					"texture": "#0"
				},
				"east": {
					"uv": [0, 2.83334, 6.66667, 10.94445],
					"texture": "#0"
				},
				"south": {
					"uv": [3.83333, 11.27778, 16, 16],
					"texture": "#0"
				},
				"west": {
					"uv": [0, 2.66666, 12, 11.66666],
					"texture": "#0"
				},
				"up": {
					"uv": [0, 0, 11, 0.16667],
					"texture": "#0"
				},
				"down": {
					"uv": [0, 0, 11, 0.16667],
					"texture": "#0"
				}
			}
		},
		{
			"from": [11.875, 0.5, 5],
			"to": [12.875, 5, 11],
			"rotation": {
				"angle": -22.5,
				"axis": "z",
				"origin": [21.875, 0.5, 9.5]
			},
			"faces": {
				"north": {
					"uv": [0, 2.33334, 12, 11.33334],
					"texture": "#0"
				},
				"east": {
					"uv": [0, 2.5, 6, 3.25],
					"texture": "#0"
				},
				"south": {
					"uv": [0, 2.66666, 5.16667, 9.58333],
					"texture": "#0"
				},
				"west": {
					"uv": [0, 0, 6, 0.75],
					"texture": "#0"
				},
				"up": {
					"uv": [0, 0, 12, 12],
					"texture": "#0"
				},
				"down": {
					"uv": [0, 0, 12, 12],
					"texture": "#0"
				}
			}
		},
		{
			"from": [1.7, 7.75, 5],
			"to": [2.7, 12.25, 11],
			"rotation": {
				"angle": 22.5,
				"axis": "z",
				"origin": [11.7, 7.75, 9.5]
			},
			"faces": {
				"north": {
					"uv": [0, 2.66666, 5.5, 8.97222],
					"texture": "#0"
				},
				"east": {
					"uv": [0, 0, 6, 0.75],
					"texture": "#0"
				},
				"south": {
					"uv": [0, 2.5, 12, 11.5],
					"texture": "#0"
				},
				"west": {
					"uv": [0, 2.5, 6, 3.25],
					"texture": "#0"
				},
				"up": {
					"uv": [0, 0, 12, 12],
					"texture": "#0"
				},
				"down": {
					"uv": [0, 0, 12, 12],
					"texture": "#0"
				}
			}
		}
	]
}