{
	"textures": {
		"0": "animated_java:blueprint/fire_model/fire_body",
		"particle": "minecraft:item/pufferfish"
	},
	"display": {
		"head": {
			"rotation": [0, 180, 0]
		}
	},
	"elements": [
		{
			"from": [0.75, 8, 3.25],
			"to": [15.25, 11, 12.75],
			"rotation": {
				"angle": 0,
				"axis": "y",
				"origin": [8, 8, 8]
			},
			"faces": {
				"north": {
					"uv": [0, 4.33333, 5.66667, 8.30556],
					"texture": "#0"
				},
				"east": {
					"uv": [0, 6.16666, 9.5, 6.66666],
					"texture": "#0"
				},
				"south": {
					"uv": [7.33333, 5, 13, 8.97222],
					"texture": "#0"
				},
				"west": {
					"uv": [0, 6.16666, 5.33333, 11.58333],
					"texture": "#0"
				},
				"up": {
					"uv": [0, 0, 77.00004, 12.83334],
					"texture": "#0"
				},
				"down": {
					"uv": [0, 0, 77.00004, 12.83334],
					"texture": "#0"
				}
			}
		},
		{
			"from": [0.75, 9.35, 2.925],
			"to": [15.25, 12.625, 4.425],
			"rotation": {
				"angle": 22.5,
				"axis": "x",
				"origin": [8, 9.35, 7.175]
			},
			"faces": {
				"north": {
					"uv": [0, 0, 5.66667, 3.97222],
					"texture": "#0"
				},
				"east": {
					"uv": [2.00004, 0.5, 6.00004, 2.68472],
					"texture": "#0"
				},
				"south": {
					"uv": [0, 0, 74.00004, 6.66666],
					"texture": "#0"
				},
				"west": {
					"uv": [0, 0.66666, 2.33333, 4.38888],
					"texture": "#0"
				},
				"up": {
					"uv": [0, 0, 74.00004, 3.16666],
					"texture": "#0"
				},
				"down": {
					"uv": [0, 0, 74.00004, 3.16666],
					"texture": "#0"
				}
			}
		},
		{
			"from": [0.75, 11, 4.55],
			"to": [15.25, 14, 12.75],
			"rotation": {
				"angle": 0,
				"axis": "y",
				"origin": [8, 11, 8]
			},
			"faces": {
				"north": {
					"uv": [0, 0, 74.00004, 6.16666],
					"texture": "#0"
				},
				"east": {
					"uv": [0, 0.16666, 10.03333, 2.16666],
					"texture": "#0"
				},
				"south": {
					"uv": [7.33333, 2.5, 13, 6.47222],
					"texture": "#0"
				},
				"west": {
					"uv": [0, 0, 8.2, 0.5],
					"texture": "#0"
				},
				"up": {
					"uv": [0, 0, 8.83333, 3.42778],
					"texture": "#0"
				},
				"down": {
					"uv": [0, 0, 14.5, 6.23334],
					"texture": "#0"
				}
			}
		}
	]
}