{
	"textures": {
		"1": "animated_java:blueprint/fire_model/fire_head",
		"particle": "minecraft:item/pufferfish"
	},
	"display": {
		"head": {
			"rotation": [0, 180, 0]
		}
	},
	"elements": [
		{
			"from": [4, 8, 4],
			"to": [12, 16, 12],
			"rotation": {
				"angle": 0,
				"axis": "y",
				"origin": [4, 8, 4]
			},
			"faces": {
				"north": {
					"uv": [0, 0, 16, 2.66667],
					"texture": "#1"
				},
				"east": {
					"uv": [14.5, 10.66667, 0, 4.83333],
					"texture": "#1"
				},
				"south": {
					"uv": [14.5, 13.33333, 0, 7.5],
					"texture": "#1"
				},
				"west": {
					"uv": [0, 8, 16, 10.66667],
					"texture": "#1"
				},
				"up": {
					"uv": [0, 5.33333, 16, 7.91667],
					"rotation": 180,
					"texture": "#1"
				},
				"down": {
					"uv": [0, 2.66667, 16, 5.25],
					"rotation": 180,
					"texture": "#1"
				}
			}
		}
	]
}