{
	"textures": {
		"2": "animated_java:blueprint/fire_model/fire_limb",
		"particle": "minecraft:item/pufferfish"
	},
	"display": {
		"head": {
			"rotation": [0, 180, 0]
		}
	},
	"elements": [
		{
			"from": [5.5, 1, 5.5],
			"to": [10.5, 8, 10.5],
			"rotation": {
				"angle": 0,
				"axis": "y",
				"origin": [9.5, -1, 8.5]
			},
			"faces": {
				"north": {
					"uv": [9, 0, 0, 6.25],
					"texture": "#2"
				},
				"east": {
					"uv": [10, 0, 0, 7.5],
					"texture": "#2"
				},
				"south": {
					"uv": [10, 0, 0, 7.5],
					"texture": "#2"
				},
				"west": {
					"uv": [10, 0, 0, 7.5],
					"texture": "#2"
				},
				"up": {
					"uv": [10, 0, 0, 7.5],
					"texture": "#2"
				},
				"down": {
					"uv": [10, 0, 0, 7.5],
					"texture": "#2"
				}
			}
		}
	]
}