{
	"textures": {
		"2": "animated_java:blueprint/fire_model/fire_limb",
		"particle": "minecraft:item/pufferfish"
	},
	"display": {
		"head": {
			"rotation": [0, 180, 0]
		}
	},
	"elements": [
		{
			"from": [5.75, 5, 2.75],
			"to": [10.25, 6.5, 10.25],
			"rotation": {
				"angle": 0,
				"axis": "y",
				"origin": [9, 5, 8]
			},
			"faces": {
				"north": {
					"uv": [9.5, 11.5, 0, 16],
					"texture": "#2"
				},
				"east": {
					"uv": [9.5, 13.25, 0, 16],
					"texture": "#2"
				},
				"south": {
					"uv": [9, 13.83333, 0, 16],
					"texture": "#2"
				},
				"west": {
					"uv": [9.5, 11.5, 0, 16],
					"texture": "#2"
				},
				"up": {
					"uv": [9.5, 11.5, 0, 16],
					"texture": "#2"
				},
				"down": {
					"uv": [9.5, 11.5, 0, 16],
					"texture": "#2"
				}
			}
		},
		{
			"from": [5.75, 6.5, 5.75],
			"to": [10.25, 8, 10.25],
			"rotation": {
				"angle": 0,
				"axis": "y",
				"origin": [9, 6.5, 8]
			},
			"faces": {
				"north": {
					"uv": [9.5, 11.5, 0, 16],
					"texture": "#2"
				},
				"east": {
					"uv": [9.5, 11.5, 0, 13.16667],
					"texture": "#2"
				},
				"south": {
					"uv": [16, 9.91667, 6, 12.08333],
					"texture": "#2"
				},
				"west": {
					"uv": [16, 9.33333, 6.5, 13.83333],
					"texture": "#2"
				},
				"up": {
					"uv": [9.5, 11.5, 0, 16],
					"texture": "#2"
				},
				"down": {
					"uv": [9.5, 11.5, 0, 16],
					"texture": "#2"
				}
			}
		},
		{
			"from": [5.8, 7.25, 2.95],
			"to": [10.2, 8.5, 6.45],
			"rotation": {
				"angle": -22.5,
				"axis": "x",
				"origin": [9, 7, 7.95]
			},
			"faces": {
				"north": {
					"uv": [9.5, 11.5, 0, 16],
					"texture": "#2"
				},
				"east": {
					"uv": [16, 11.5, 9.5, 16],
					"texture": "#2"
				},
				"south": {
					"uv": [9.5, 11.5, 0, 16],
					"texture": "#2"
				},
				"west": {
					"uv": [9.5, 11.5, 0, 16],
					"texture": "#2"
				},
				"up": {
					"uv": [9.5, 11.5, 0, 16],
					"texture": "#2"
				},
				"down": {
					"uv": [9.5, 11.5, 0, 16],
					"texture": "#2"
				}
			}
		}
	]
}