{
	"textures": {
		"2": "animated_java:blueprint/fire_model/fire_limb",
		"particle": "minecraft:item/pufferfish"
	},
	"display": {
		"head": {
			"rotation": [0, 180, 0]
		}
	},
	"elements": [
		{
			"from": [5.5, 6, 5.5],
			"to": [10.5, 8, 10.5],
			"rotation": {
				"angle": 0,
				"axis": "y",
				"origin": [9.5, -1, 8.5]
			},
			"faces": {
				"north": {
					"uv": [7.5, 5.08333, 0, 7],
					"texture": "#2"
				},
				"east": {
					"uv": [9, 5.25, 0, 7.08333],
					"texture": "#2"
				},
				"south": {
					"uv": [9, 5.25, 0, 7.08333],
					"texture": "#2"
				},
				"west": {
					"uv": [9, 5.25, 0, 7.08333],
					"texture": "#2"
				},
				"up": {
					"uv": [9, 5.25, 0, 7.08333],
					"texture": "#2"
				},
				"down": {
					"uv": [9, 5.25, 0, 7.08333],
					"texture": "#2"
				}
			}
		},
		{
			"from": [6, 3, 6],
			"to": [10, 6, 10],
			"rotation": {
				"angle": 0,
				"axis": "y",
				"origin": [9, 4, 8]
			},
			"faces": {
				"north": {
					"uv": [8.5, 6.25, 0, 11.33333],
					"texture": "#2"
				},
				"east": {
					"uv": [11, 7.08333, 0, 11.5],
					"texture": "#2"
				},
				"south": {
					"uv": [11, 7.08333, 0, 11.5],
					"texture": "#2"
				},
				"west": {
					"uv": [11, 7.08333, 0, 11.5],
					"texture": "#2"
				},
				"up": {
					"uv": [11, 7.08333, 0, 11.5],
					"texture": "#2"
				},
				"down": {
					"uv": [11, 7.08333, 0, 11.5],
					"texture": "#2"
				}
			}
		}
	]
}