{
	"textures": {
		"0": "animated_java:blueprint/joker_model/joker",
		"particle": "minecraft:item/pufferfish"
	},
	"display": {
		"head": {
			"rotation": [0, 180, 0]
		}
	},
	"elements": [
		{
			"from": [3.5, 8, 5.5],
			"to": [8, 11, 10.5],
			"rotation": {
				"angle": 0,
				"axis": "y",
				"origin": [7, 9, 7.5]
			},
			"faces": {
				"north": {
					"uv": [0, 0, 3.95833, 2],
					"texture": "#0"
				},
				"east": {
					"uv": [0, 0, 4, 2],
					"texture": "#0"
				},
				"south": {
					"uv": [0, 0, 3.95833, 2],
					"texture": "#0"
				},
				"west": {
					"uv": [0, 0, 4, 2],
					"texture": "#0"
				},
				"up": {
					"uv": [0, 0, 4.125, 1.16667],
					"texture": "#0"
				},
				"down": {
					"uv": [0, 0, 3.95833, 2.16667],
					"texture": "#0"
				}
			}
		},
		{
			"from": [3.5, 3, 5.5],
			"to": [8, 8, 10.5],
			"rotation": {
				"angle": 0,
				"axis": "y",
				"origin": [7, 7, 7.5]
			},
			"faces": {
				"north": {
					"uv": [14, 11, 16, 12.91667],
					"texture": "#0"
				},
				"east": {
					"uv": [14, 11, 16, 12.91667],
					"texture": "#0"
				},
				"south": {
					"uv": [14, 11, 16, 12.91667],
					"texture": "#0"
				},
				"west": {
					"uv": [14, 11, 16, 12.91667],
					"texture": "#0"
				},
				"up": {
					"uv": [14, 11, 16, 12.91667],
					"texture": "#0"
				},
				"down": {
					"uv": [14, 11, 16, 12.91667],
					"texture": "#0"
				}
			}
		}
	]
}