{
	"textures": {
		"0": "animated_java:blueprint/joker_model/joker",
		"particle": "minecraft:item/pufferfish"
	},
	"display": {
		"head": {
			"rotation": [0, 180, 0]
		}
	},
	"elements": [
		{
			"from": [6, 3.5, 5.75],
			"to": [10.5, 8, 10.25],
			"rotation": {
				"angle": 0,
				"axis": "y",
				"origin": [8, 8, 8]
			},
			"faces": {
				"north": {
					"uv": [7.75, 0.5, 12.25, 5],
					"texture": "#0"
				},
				"east": {
					"uv": [7.75, 0.5, 12.25, 5],
					"texture": "#0"
				},
				"south": {
					"uv": [7.75, 0.5, 12.25, 5],
					"texture": "#0"
				},
				"west": {
					"uv": [7.75, 0.5, 12.25, 5],
					"texture": "#0"
				},
				"up": {
					"uv": [7.75, 0.5, 12.25, 5],
					"texture": "#0"
				},
				"down": {
					"uv": [7.75, 0.5, 12.25, 5],
					"texture": "#0"
				}
			}
		}
	]
}