{
	"textures": {
		"0": "animated_java:blueprint/joker_model/joker",
		"particle": "minecraft:item/pufferfish"
	},
	"display": {
		"head": {
			"rotation": [0, 180, 0]
		}
	},
	"elements": [
		{
			"from": [5.5, 3, 5.5],
			"to": [10, 8, 10.5],
			"rotation": {
				"angle": 0,
				"axis": "y",
				"origin": [9.5, 6, 7.5]
			},
			"faces": {
				"north": {
					"uv": [0, 3.33333, 3.95833, 7.75],
					"texture": "#0"
				},
				"east": {
					"uv": [0, 0.75, 4, 5.16667],
					"texture": "#0"
				},
				"south": {
					"uv": [0, 0.75, 3.95833, 5.16667],
					"texture": "#0"
				},
				"west": {
					"uv": [0, 0.66667, 4, 5.08333],
					"texture": "#0"
				},
				"up": {
					"uv": [0.25, 1.08333, 4.20833, 5.5],
					"texture": "#0"
				},
				"down": {
					"uv": [0.25, 1.08333, 4.20833, 5.5],
					"texture": "#0"
				}
			}
		}
	]
}