{
	"textures": {
		"0": "animated_java:blueprint/joker_model/joker",
		"particle": "minecraft:item/pufferfish"
	},
	"display": {
		"head": {
			"rotation": [0, 180, 0]
		}
	},
	"elements": [
		{
			"from": [8, 3, 5.5],
			"to": [12.5, 11, 10.5],
			"rotation": {
				"angle": 0,
				"axis": "y",
				"origin": [12, 6, 7.5]
			},
			"faces": {
				"north": {
					"uv": [0, 0, 3.95833, 5.5],
					"texture": "#0"
				},
				"east": {
					"uv": [0, 0, 4, 5.5],
					"texture": "#0"
				},
				"south": {
					"uv": [0, 0, 3.95833, 5.5],
					"texture": "#0"
				},
				"west": {
					"uv": [0, 0, 4, 5.5],
					"texture": "#0"
				},
				"up": {
					"uv": [0, 0, 5.29167, 1.08333],
					"texture": "#0"
				},
				"down": {
					"uv": [0, 0, 3.95833, 5.25],
					"texture": "#0"
				}
			}
		}
	]
}