{
	"textures": {
		"0": "animated_java:blueprint/joker_model/joker",
		"particle": "minecraft:item/pufferfish"
	},
	"display": {
		"head": {
			"rotation": [0, 180, 0]
		}
	},
	"elements": [
		{
			"from": [2.5, 2, 5],
			"to": [13.5, 8, 11],
			"rotation": {
				"angle": 0,
				"axis": "y",
				"origin": [8, 8, 8.25]
			},
			"faces": {
				"north": {
					"uv": [0, 8.75, 5.83333, 14.66666],
					"rotation": 90,
					"texture": "#0"
				},
				"east": {
					"uv": [0, 9, 6, 15],
					"texture": "#0"
				},
				"south": {
					"uv": [0.08333, 8.25, 6.25, 10.33333],
					"texture": "#0"
				},
				"west": {
					"uv": [0, 12.83333, 6.16667, 16],
					"texture": "#0"
				},
				"up": {
					"uv": [0, 9.16667, 5.91667, 15],
					"texture": "#0"
				},
				"down": {
					"uv": [0, 9.16667, 5.91667, 15],
					"texture": "#0"
				}
			}
		},
		{
			"from": [2.5, 6, 4.9],
			"to": [13.5, 8, 5],
			"rotation": {
				"angle": 0,
				"axis": "y",
				"origin": [8, 8, 2.25]
			},
			"faces": {
				"north": {
					"uv": [7.16667, 8.58334, 8.75, 10.25],
					"rotation": 90,
					"texture": "#0"
				},
				"east": {
					"uv": [7.16667, 8.83333, 8.59167, 9.75],
					"texture": "#0"
				},
				"south": {
					"uv": [7.25, 8.08333, 9.58333, 9],
					"texture": "#0"
				},
				"west": {
					"uv": [7.16667, 8.16666, 9.00833, 9.66666],
					"texture": "#0"
				},
				"up": {
					"uv": [7.16667, 9, 9.5, 9.75834],
					"texture": "#0"
				},
				"down": {
					"uv": [7.16667, 9, 9.5, 9.75834],
					"texture": "#0"
				}
			}
		},
		{
			"from": [2.5, 6, 11],
			"to": [13.5, 8, 11.1],
			"rotation": {
				"angle": 0,
				"axis": "y",
				"origin": [8, 8, 8.35]
			},
			"faces": {
				"north": {
					"uv": [7.16667, 8.58334, 8.75, 10.25],
					"rotation": 90,
					"texture": "#0"
				},
				"east": {
					"uv": [7.16667, 8.83333, 8.59167, 9.75],
					"texture": "#0"
				},
				"south": {
					"uv": [7.25, 8.08333, 9.58333, 9],
					"texture": "#0"
				},
				"west": {
					"uv": [7.16667, 8.16666, 9.00833, 9.66666],
					"texture": "#0"
				},
				"up": {
					"uv": [7.16667, 9, 9.5, 9.75834],
					"texture": "#0"
				},
				"down": {
					"uv": [7.16667, 9, 9.5, 9.75834],
					"texture": "#0"
				}
			}
		},
		{
			"from": [13.5, 6, 5],
			"to": [13.6, 8, 11],
			"rotation": {
				"angle": 0,
				"axis": "y",
				"origin": [19, 8, 8.35]
			},
			"faces": {
				"north": {
					"uv": [7.16667, 8.58334, 8.75, 9.34167],
					"rotation": 90,
					"texture": "#0"
				},
				"east": {
					"uv": [7.16667, 8.83333, 9.08333, 9.75],
					"texture": "#0"
				},
				"south": {
					"uv": [7.25, 8.08333, 8.675, 9],
					"texture": "#0"
				},
				"west": {
					"uv": [7.16667, 8.16666, 9.5, 9.66666],
					"texture": "#0"
				},
				"up": {
					"uv": [7.16667, 9, 8.59167, 10.25],
					"texture": "#0"
				},
				"down": {
					"uv": [7.16667, 9, 8.59167, 10.25],
					"texture": "#0"
				}
			}
		},
		{
			"from": [2.4, 6, 5],
			"to": [2.5, 8, 11],
			"rotation": {
				"angle": 0,
				"axis": "y",
				"origin": [7.9, 8, 8.35]
			},
			"faces": {
				"north": {
					"uv": [7.16667, 8.58334, 8.75, 9.34167],
					"rotation": 90,
					"texture": "#0"
				},
				"east": {
					"uv": [7.16667, 8.83333, 9.08333, 9.75],
					"texture": "#0"
				},
				"south": {
					"uv": [7.25, 8.08333, 8.675, 9],
					"texture": "#0"
				},
				"west": {
					"uv": [7.16667, 8.16666, 9.5, 9.66666],
					"texture": "#0"
				},
				"up": {
					"uv": [7.16667, 9, 8.59167, 10.25],
					"texture": "#0"
				},
				"down": {
					"uv": [7.16667, 9, 8.59167, 10.25],
					"texture": "#0"
				}
			}
		}
	]
}