{
	"textures": {
		"0": "animated_java:blueprint/joker_model/joker",
		"particle": "minecraft:item/pufferfish"
	},
	"display": {
		"head": {
			"rotation": [0, 180, 0]
		}
	},
	"elements": [
		{
			"from": [0.75, 8, 3.25],
			"to": [15.25, 11, 12.75],
			"rotation": {
				"angle": 0,
				"axis": "y",
				"origin": [8, 8, 8]
			},
			"faces": {
				"north": {
					"uv": [9, 0, 12.875, 3.33333],
					"texture": "#0"
				},
				"east": {
					"uv": [7.83333, 3.08333, 11.29167, 6.41666],
					"texture": "#0"
				},
				"south": {
					"uv": [7.91666, 3, 11.79166, 6.33333],
					"texture": "#0"
				},
				"west": {
					"uv": [9.25, 0, 12.70833, 3.33333],
					"rotation": 180,
					"texture": "#0"
				},
				"up": {
					"uv": [7.83333, 0, 11.70833, 3.875],
					"texture": "#0"
				},
				"down": {
					"uv": [7.83333, 0, 11.70833, 3.875],
					"texture": "#0"
				}
			}
		},
		{
			"from": [0.75, 9.35, 2.925],
			"to": [15.25, 12.625, 4.425],
			"rotation": {
				"angle": 22.5,
				"axis": "x",
				"origin": [8, 9.35, 7.175]
			},
			"faces": {
				"north": {
					"uv": [8.83333, 0, 12.70833, 3.35625],
					"texture": "#0"
				},
				"east": {
					"uv": [8, 0.25, 10.79167, 3.60625],
					"texture": "#0"
				},
				"south": {
					"uv": [7.83333, 0, 11.70833, 3.35625],
					"texture": "#0"
				},
				"west": {
					"uv": [12.41667, 0, 12.95833, 1.77292],
					"rotation": 180,
					"texture": "#0"
				},
				"up": {
					"uv": [7.83333, 0, 11.70833, 3.20833],
					"texture": "#0"
				},
				"down": {
					"uv": [7.83333, 0, 11.70833, 3.20833],
					"texture": "#0"
				}
			}
		},
		{
			"from": [5.75, 9.9, 2.95],
			"to": [10.25, 13.15, 3.05],
			"rotation": {
				"angle": 22.5,
				"axis": "x",
				"origin": [8, 9.9, 5.8]
			},
			"faces": {
				"north": {
					"uv": [13.58333, 12.16667, 13.33333, 12.5],
					"texture": "#0"
				},
				"east": {
					"uv": [13.58333, 11.33333, 14.51667, 12.75],
					"texture": "#0"
				},
				"south": {
					"uv": [13.58333, 11.33333, 16, 12.75],
					"texture": "#0"
				},
				"west": {
					"uv": [13.58333, 11.33333, 14.51667, 12.75],
					"texture": "#0"
				},
				"up": {
					"uv": [13.58333, 11.33333, 16, 11.6],
					"texture": "#0"
				},
				"down": {
					"uv": [13.58333, 11.33333, 16, 11.6],
					"texture": "#0"
				}
			}
		},
		{
			"from": [5.75, 7.95, 3.05],
			"to": [10.25, 11, 3.15],
			"rotation": {
				"angle": 0,
				"axis": "y",
				"origin": [8, 7.75, 5.9]
			},
			"faces": {
				"north": {
					"uv": [13.58333, 12.25, 14.08333, 12.75],
					"texture": "#0"
				},
				"east": {
					"uv": [13.58333, 11.33333, 14.51667, 12.75],
					"texture": "#0"
				},
				"south": {
					"uv": [13.58333, 11.33333, 16, 12.75],
					"texture": "#0"
				},
				"west": {
					"uv": [13.58333, 11.33333, 14.51667, 12.75],
					"texture": "#0"
				},
				"up": {
					"uv": [13.58333, 11.33333, 16, 11.6],
					"texture": "#0"
				},
				"down": {
					"uv": [13.58333, 11.33333, 16, 11.6],
					"texture": "#0"
				}
			}
		},
		{
			"from": [9, 8.2, 2.95],
			"to": [10.5, 10.25, 3.05],
			"rotation": {
				"angle": -22.5,
				"axis": "z",
				"origin": [8.25, 8, 5.8]
			},
			"faces": {
				"north": {
					"uv": [13.58333, 4.16667, 14.08333, 4.66667],
					"texture": "#0"
				},
				"east": {
					"uv": [13.58333, 3.25, 14.51667, 4.66667],
					"texture": "#0"
				},
				"south": {
					"uv": [13.58333, 3.25, 16, 4.66667],
					"texture": "#0"
				},
				"west": {
					"uv": [13.58333, 3.25, 14.51667, 4.66667],
					"texture": "#0"
				},
				"up": {
					"uv": [13.58333, 3.25, 16, 3.51667],
					"texture": "#0"
				},
				"down": {
					"uv": [13.58333, 3.25, 16, 3.51667],
					"texture": "#0"
				}
			}
		},
		{
			"from": [5.75, 7.05, 2.95],
			"to": [7.25, 9.1, 3.05],
			"rotation": {
				"angle": 22.5,
				"axis": "z",
				"origin": [5, 6.85, 5.8]
			},
			"faces": {
				"north": {
					"uv": [13.58333, 4.16667, 14.08333, 4.66667],
					"texture": "#0"
				},
				"east": {
					"uv": [13.58333, 3.25, 14.51667, 4.66667],
					"texture": "#0"
				},
				"south": {
					"uv": [13.58333, 3.25, 16, 4.66667],
					"texture": "#0"
				},
				"west": {
					"uv": [13.58333, 3.25, 14.51667, 4.66667],
					"texture": "#0"
				},
				"up": {
					"uv": [13.58333, 3.25, 16, 3.51667],
					"texture": "#0"
				},
				"down": {
					"uv": [13.58333, 3.25, 16, 3.51667],
					"texture": "#0"
				}
			}
		},
		{
			"from": [0.75, 11, 4.55],
			"to": [15.25, 14, 12.75],
			"rotation": {
				"angle": 0,
				"axis": "y",
				"origin": [8, 11, 8]
			},
			"faces": {
				"north": {
					"uv": [7.83333, 0, 11.70833, 3.33333],
					"texture": "#0"
				},
				"east": {
					"uv": [7.83333, 0.08333, 11.18333, 3.41666],
					"texture": "#0"
				},
				"south": {
					"uv": [7.83333, 0, 11.70833, 3.33333],
					"texture": "#0"
				},
				"west": {
					"uv": [9.25, 0, 12.6, 3.33333],
					"rotation": 180,
					"texture": "#0"
				},
				"up": {
					"uv": [8.83333, 0, 12.70833, 3.76667],
					"rotation": 180,
					"texture": "#0"
				},
				"down": {
					"uv": [7.83333, 0, 11.70833, 3.76667],
					"texture": "#0"
				}
			}
		},
		{
			"from": [9.75, 7, 2.75],
			"to": [12.75, 11, 3.25],
			"rotation": {
				"angle": 0,
				"axis": "y",
				"origin": [10.75, 8, 2.25]
			},
			"faces": {
				"north": {
					"uv": [13.91667, 14.25, 15.91667, 16],
					"texture": "#0"
				},
				"east": {
					"uv": [13.83333, 14.08333, 14.08333, 15.33333],
					"texture": "#0"
				},
				"south": {
					"uv": [13.91667, 14.25, 15.91667, 16],
					"texture": "#0"
				},
				"west": {
					"uv": [13.83333, 14.08333, 16, 15.91666],
					"texture": "#0"
				},
				"up": {
					"uv": [14, 13.91666, 16, 15.75],
					"texture": "#0"
				},
				"down": {
					"uv": [14, 13.91666, 16, 15.75],
					"texture": "#0"
				}
			}
		},
		{
			"from": [9.75, 11.15, 2.75],
			"to": [12.75, 15, 3.25],
			"rotation": {
				"angle": 22.5,
				"axis": "x",
				"origin": [10.75, 11, 2.25]
			},
			"faces": {
				"north": {
					"uv": [13.75, 14.25, 15.91667, 15.43333],
					"texture": "#0"
				},
				"east": {
					"uv": [13.83333, 14.08333, 14.33333, 15.01667],
					"texture": "#0"
				},
				"south": {
					"uv": [13.75, 14.25, 15.91667, 15.76666],
					"texture": "#0"
				},
				"west": {
					"uv": [13.83333, 14.08333, 16, 15.1],
					"texture": "#0"
				},
				"up": {
					"uv": [14, 13.91666, 16, 15.75],
					"texture": "#0"
				},
				"down": {
					"uv": [14, 13.91666, 16, 15.75],
					"texture": "#0"
				}
			}
		},
		{
			"from": [3.25, 11.15, 2.75],
			"to": [6.25, 15, 3.25],
			"rotation": {
				"angle": 22.5,
				"axis": "x",
				"origin": [5.25, 11, 2.25]
			},
			"faces": {
				"north": {
					"uv": [13.66667, 14.25, 15.91667, 15.26666],
					"texture": "#0"
				},
				"east": {
					"uv": [13.83333, 14.08333, 14.25, 15.18333],
					"texture": "#0"
				},
				"south": {
					"uv": [13.75, 14.25, 15.91667, 15.76666],
					"texture": "#0"
				},
				"west": {
					"uv": [13.83333, 14.08333, 14.41667, 14.93333],
					"texture": "#0"
				},
				"up": {
					"uv": [14, 13.91666, 16, 15.75],
					"texture": "#0"
				},
				"down": {
					"uv": [14, 13.91666, 16, 15.75],
					"texture": "#0"
				}
			}
		},
		{
			"from": [3.25, 5, 2.75],
			"to": [6.25, 11, 3.25],
			"rotation": {
				"angle": 0,
				"axis": "y",
				"origin": [5.25, 8, 2.25]
			},
			"faces": {
				"north": {
					"uv": [14.5, 14.25, 15.91667, 15.33333],
					"texture": "#0"
				},
				"east": {
					"uv": [13.83333, 14.08333, 14.75, 15.74999],
					"texture": "#0"
				},
				"south": {
					"uv": [13.91667, 14.25, 15.91667, 16],
					"texture": "#0"
				},
				"west": {
					"uv": [13.83333, 14.08333, 14.41667, 15.74999],
					"texture": "#0"
				},
				"up": {
					"uv": [14, 13.91666, 16, 15.75],
					"texture": "#0"
				},
				"down": {
					"uv": [14, 13.91666, 16, 15.75],
					"texture": "#0"
				}
			}
		},
		{
			"from": [9.75, 14, 4.25],
			"to": [12.75, 14.5, 12.75],
			"rotation": {
				"angle": 0,
				"axis": "y",
				"origin": [10.75, 13.5, 13.25]
			},
			"faces": {
				"north": {
					"uv": [14, 13.91666, 16, 15.75],
					"rotation": 180,
					"texture": "#0"
				},
				"east": {
					"uv": [13.58333, 14.08333, 16, 15.75],
					"rotation": 90,
					"texture": "#0"
				},
				"south": {
					"uv": [14, 13.91666, 16, 15.75],
					"texture": "#0"
				},
				"west": {
					"uv": [13.58333, 14.08333, 16, 15.75],
					"rotation": 270,
					"texture": "#0"
				},
				"up": {
					"uv": [13.83333, 14.25, 15.91667, 15.33333],
					"texture": "#0"
				},
				"down": {
					"uv": [13.83333, 14.25, 15.91667, 15.33333],
					"rotation": 180,
					"texture": "#0"
				}
			}
		},
		{
			"from": [3.25, 14, 4.25],
			"to": [6.25, 14.5, 12.75],
			"rotation": {
				"angle": 0,
				"axis": "y",
				"origin": [5.25, 13.5, 13.25]
			},
			"faces": {
				"north": {
					"uv": [14, 13.91666, 16, 15.75],
					"rotation": 180,
					"texture": "#0"
				},
				"east": {
					"uv": [13.58333, 14.08333, 16, 15.75],
					"rotation": 90,
					"texture": "#0"
				},
				"south": {
					"uv": [14, 13.91666, 16, 15.75],
					"texture": "#0"
				},
				"west": {
					"uv": [13.58333, 14.08333, 16, 15.75],
					"rotation": 270,
					"texture": "#0"
				},
				"up": {
					"uv": [13.83333, 14.25, 15.91667, 15.33333],
					"texture": "#0"
				},
				"down": {
					"uv": [13.83333, 14.25, 15.91667, 15.33333],
					"rotation": 180,
					"texture": "#0"
				}
			}
		},
		{
			"from": [6.25, 14, 9.75],
			"to": [9.75, 14.5, 12.75],
			"rotation": {
				"angle": 0,
				"axis": "y",
				"origin": [5.25, 13.5, 13.25]
			},
			"faces": {
				"north": {
					"uv": [14, 13.91666, 16, 15.75],
					"rotation": 180,
					"texture": "#0"
				},
				"east": {
					"uv": [13.58333, 14.08333, 16, 15.75],
					"rotation": 90,
					"texture": "#0"
				},
				"south": {
					"uv": [14, 13.91666, 16, 15.75],
					"texture": "#0"
				},
				"west": {
					"uv": [13.58333, 14.08333, 16, 15.75],
					"rotation": 270,
					"texture": "#0"
				},
				"up": {
					"uv": [13.83333, 14.25, 15.91667, 15.33333],
					"texture": "#0"
				},
				"down": {
					"uv": [13.83333, 14.25, 15.91667, 15.33333],
					"rotation": 180,
					"texture": "#0"
				}
			}
		}
	]
}