{
	"textures": {
		"0": "animated_java:blueprint/joker_model/joker",
		"particle": "minecraft:item/pufferfish"
	},
	"display": {
		"head": {
			"rotation": [0, 180, 0]
		}
	},
	"elements": [
		{
			"from": [2.5, 4, 5.5],
			"to": [13.5, 6.5, 10.5],
			"rotation": {
				"angle": 0,
				"axis": "y",
				"origin": [12.5, 4, 9.5]
			},
			"faces": {
				"north": {
					"uv": [7.83333, 0, 11.41667, 3.29167],
					"texture": "#0"
				},
				"east": {
					"uv": [7.83333, 0, 10.91667, 3.29167],
					"texture": "#0"
				},
				"south": {
					"uv": [7.83333, 0, 11.41667, 3.29167],
					"texture": "#0"
				},
				"west": {
					"uv": [7.83333, 0, 10.91667, 3.29167],
					"texture": "#0"
				},
				"up": {
					"uv": [7.83333, 0, 11.41667, 3.5],
					"texture": "#0"
				},
				"down": {
					"uv": [7.83333, 0, 11.41667, 3.5],
					"texture": "#0"
				}
			}
		},
		{
			"from": [1.75, 6.5, 4.5],
			"to": [14.25, 8, 11.5],
			"rotation": {
				"angle": 0,
				"axis": "y",
				"origin": [12.5, 6.5, 9.5]
			},
			"faces": {
				"north": {
					"uv": [7.83333, 0, 11.54167, 3.20833],
					"texture": "#0"
				},
				"east": {
					"uv": [7.83333, 0, 11.08333, 3.20833],
					"texture": "#0"
				},
				"south": {
					"uv": [7.83333, 0, 11.54167, 3.20833],
					"texture": "#0"
				},
				"west": {
					"uv": [7.83333, 0, 11.08333, 3.20833],
					"texture": "#0"
				},
				"up": {
					"uv": [7.83333, 0, 11.54167, 3.66667],
					"texture": "#0"
				},
				"down": {
					"uv": [7.83333, 0, 11.54167, 3.66667],
					"texture": "#0"
				}
			}
		},
		{
			"from": [2.5, 3.925, 5],
			"to": [13.5, 8.425, 6],
			"rotation": {
				"angle": -22.5,
				"axis": "x",
				"origin": [12.5, 3.925, 5]
			},
			"faces": {
				"north": {
					"uv": [7.83333, 1.41667, 11.41667, 4.875],
					"texture": "#0"
				},
				"east": {
					"uv": [7.83333, 1.41667, 10.58333, 4.875],
					"texture": "#0"
				},
				"south": {
					"uv": [7.83333, 0, 11.41667, 3.45833],
					"texture": "#0"
				},
				"west": {
					"uv": [7.83333, 1.41667, 10.58333, 4.875],
					"texture": "#0"
				},
				"up": {
					"uv": [7.83333, 0, 11.41667, 3.16667],
					"texture": "#0"
				},
				"down": {
					"uv": [7.83333, 0, 11.41667, 3.16667],
					"texture": "#0"
				}
			}
		},
		{
			"from": [2.5, 4.3, 10.075],
			"to": [13.5, 8.8, 11.075],
			"rotation": {
				"angle": 22.5,
				"axis": "x",
				"origin": [12.5, 4.3, 10.075]
			},
			"faces": {
				"north": {
					"uv": [7.83333, 0, 11.41667, 3.45833],
					"texture": "#0"
				},
				"east": {
					"uv": [7.83333, 1.41667, 10.58333, 4.875],
					"texture": "#0"
				},
				"south": {
					"uv": [7.83333, 1.41667, 11.41667, 4.875],
					"texture": "#0"
				},
				"west": {
					"uv": [7.83333, 1.33333, 10.58333, 4.79166],
					"texture": "#0"
				},
				"up": {
					"uv": [7.83333, 0, 11.41667, 3.16667],
					"texture": "#0"
				},
				"down": {
					"uv": [7.83333, 0, 11.41667, 3.16667],
					"texture": "#0"
				}
			}
		},
		{
			"from": [11.875, 0.5, 5],
			"to": [12.875, 5, 11],
			"rotation": {
				"angle": -22.5,
				"axis": "z",
				"origin": [21.875, 0.5, 9.5]
			},
			"faces": {
				"north": {
					"uv": [7.83333, 1.16667, 10.58333, 4.625],
					"texture": "#0"
				},
				"east": {
					"uv": [7.83333, 1.25, 11, 4.70833],
					"texture": "#0"
				},
				"south": {
					"uv": [7.83333, 1.33333, 10.58333, 4.79166],
					"texture": "#0"
				},
				"west": {
					"uv": [7.83333, 0, 11, 3.45833],
					"texture": "#0"
				},
				"up": {
					"uv": [7.83333, 0, 10.58333, 3.58333],
					"texture": "#0"
				},
				"down": {
					"uv": [7.83333, 0, 10.58333, 3.58333],
					"texture": "#0"
				}
			}
		},
		{
			"from": [1.7, 7.75, 5],
			"to": [2.7, 12.25, 11],
			"rotation": {
				"angle": 22.5,
				"axis": "z",
				"origin": [11.7, 7.75, 9.5]
			},
			"faces": {
				"north": {
					"uv": [7.83333, 1.33333, 10.58333, 4.79166],
					"texture": "#0"
				},
				"east": {
					"uv": [7.83333, 0, 11, 3.45833],
					"texture": "#0"
				},
				"south": {
					"uv": [7.83333, 1.25, 10.58333, 4.70833],
					"texture": "#0"
				},
				"west": {
					"uv": [7.83333, 1.25, 11, 4.70833],
					"texture": "#0"
				},
				"up": {
					"uv": [7.83333, 0, 10.58333, 3.58333],
					"texture": "#0"
				},
				"down": {
					"uv": [7.83333, 0, 10.58333, 3.58333],
					"texture": "#0"
				}
			}
		},
		{
			"from": [5.75, 5, 4.2],
			"to": [10.25, 9.25, 4.3],
			"rotation": {
				"angle": -22.5,
				"axis": "x",
				"origin": [8, 6, 7.05]
			},
			"faces": {
				"north": {
					"uv": [16, 3.91667, 13.33333, 4.75],
					"texture": "#0"
				},
				"east": {
					"uv": [13.58333, 3.08333, 14.51667, 4.5],
					"texture": "#0"
				},
				"south": {
					"uv": [13.58333, 3.08333, 16, 4.5],
					"texture": "#0"
				},
				"west": {
					"uv": [13.58333, 3.08333, 14.51667, 4.5],
					"texture": "#0"
				},
				"up": {
					"uv": [13.58333, 3.08333, 16, 3.35],
					"texture": "#0"
				},
				"down": {
					"uv": [13.58333, 3.08333, 16, 3.35],
					"texture": "#0"
				}
			}
		}
	]
}