{
	"textures": {
		"0": "animated_java:blueprint/joker_model/joker",
		"particle": "minecraft:item/pufferfish"
	},
	"display": {
		"head": {
			"rotation": [0, 180, 0]
		}
	},
	"elements": [
		{
			"from": [4, 8, 3.5],
			"to": [12, 16, 4],
			"rotation": {
				"angle": 0,
				"axis": "y",
				"origin": [8, 8, 0]
			},
			"faces": {
				"north": {
					"uv": [13.33333, 0, 16, 2.66667],
					"texture": "#0"
				},
				"east": {
					"uv": [13.5, 1.91667, 15.75, 2.33333],
					"texture": "#0"
				},
				"south": {
					"uv": [0, 0, 8, 5],
					"texture": "#0"
				},
				"west": {
					"uv": [13.5, 1.58333, 16, 2.33334],
					"texture": "#0"
				},
				"up": {
					"uv": [13.5, 1.91667, 16, 3.5],
					"texture": "#0"
				},
				"down": {
					"uv": [13.41667, 2, 16, 2.33333],
					"texture": "#0"
				}
			}
		},
		{
			"from": [7, 10.75, 2.5],
			"to": [9, 12.25, 3.5],
			"rotation": {
				"angle": 0,
				"axis": "y",
				"origin": [8, 7.25, -0.5]
			},
			"faces": {
				"north": {
					"uv": [13.33333, 3.41667, 16, 5.08334],
					"texture": "#0"
				},
				"east": {
					"uv": [13.33333, 3.41667, 16, 5.08334],
					"texture": "#0"
				},
				"south": {
					"uv": [13.33333, 3.41667, 16, 5.08334],
					"texture": "#0"
				},
				"west": {
					"uv": [13.33333, 3.41667, 16, 5.08334],
					"texture": "#0"
				},
				"up": {
					"uv": [13.33333, 3.41667, 16, 5.08334],
					"texture": "#0"
				},
				"down": {
					"uv": [13.33333, 3.41667, 16, 5.08334],
					"texture": "#0"
				}
			}
		},
		{
			"from": [5.75, 9.75, 2.9],
			"to": [6.25, 10.1, 3.5],
			"rotation": {
				"angle": 0,
				"axis": "y",
				"origin": [5.25, 5.35, -0.5]
			},
			"faces": {
				"north": {
					"uv": [14.16666, 1.58333, 15.25, 2.33334],
					"texture": "#0"
				},
				"east": {
					"uv": [14.16666, 1.58333, 15.25, 2.33334],
					"texture": "#0"
				},
				"south": {
					"uv": [14.16666, 1.58333, 15.25, 2.33334],
					"texture": "#0"
				},
				"west": {
					"uv": [14.16666, 1.58333, 15.25, 2.33334],
					"texture": "#0"
				},
				"up": {
					"uv": [14.16666, 1.58333, 15.25, 2.33334],
					"texture": "#0"
				},
				"down": {
					"uv": [14.16666, 1.58333, 15.25, 2.33334],
					"texture": "#0"
				}
			}
		},
		{
			"from": [10.6, 9.65, 3],
			"to": [10.85, 10.725, 3.5],
			"rotation": {
				"angle": 0,
				"axis": "y",
				"origin": [11.6, 5.75, -0.5]
			},
			"faces": {
				"north": {
					"uv": [13.58333, 3.16667, 16, 4.83334],
					"texture": "#0"
				},
				"east": {
					"uv": [13.58333, 3.16667, 16, 4.83334],
					"texture": "#0"
				},
				"south": {
					"uv": [13.58333, 3.16667, 16, 4.83334],
					"texture": "#0"
				},
				"west": {
					"uv": [13.58333, 3.16667, 16, 4.83334],
					"texture": "#0"
				},
				"up": {
					"uv": [13.58333, 3.16667, 16, 4.83334],
					"texture": "#0"
				},
				"down": {
					"uv": [13.58333, 3.16667, 16, 4.83334],
					"texture": "#0"
				}
			}
		},
		{
			"from": [5.1, 9.65, 3],
			"to": [5.35, 10.725, 3.5],
			"rotation": {
				"angle": 0,
				"axis": "y",
				"origin": [6.1, 5.75, -0.5]
			},
			"faces": {
				"north": {
					"uv": [13.58333, 3.16667, 16, 4.83334],
					"texture": "#0"
				},
				"east": {
					"uv": [13.58333, 3.16667, 16, 4.83334],
					"texture": "#0"
				},
				"south": {
					"uv": [13.58333, 3.16667, 16, 4.83334],
					"texture": "#0"
				},
				"west": {
					"uv": [13.58333, 3.16667, 16, 4.83334],
					"texture": "#0"
				},
				"up": {
					"uv": [13.58333, 3.16667, 16, 4.83334],
					"texture": "#0"
				},
				"down": {
					"uv": [13.58333, 3.16667, 16, 4.83334],
					"texture": "#0"
				}
			}
		},
		{
			"from": [7, 9.5, 3],
			"to": [9, 10, 3.5],
			"rotation": {
				"angle": 0,
				"axis": "y",
				"origin": [8, 5, -0.5]
			},
			"faces": {
				"north": {
					"uv": [13.58333, 3.16667, 16, 4.83334],
					"texture": "#0"
				},
				"east": {
					"uv": [13.58333, 3.16667, 16, 4.83334],
					"texture": "#0"
				},
				"south": {
					"uv": [13.58333, 3.16667, 16, 4.83334],
					"texture": "#0"
				},
				"west": {
					"uv": [13.58333, 3.16667, 16, 4.83334],
					"texture": "#0"
				},
				"up": {
					"uv": [13.58333, 3.16667, 16, 4.83334],
					"texture": "#0"
				},
				"down": {
					"uv": [13.58333, 3.16667, 16, 4.83334],
					"texture": "#0"
				}
			}
		},
		{
			"from": [7, 8.875, 3],
			"to": [9, 9.375, 3.5],
			"rotation": {
				"angle": 0,
				"axis": "y",
				"origin": [8, 4.375, -0.5]
			},
			"faces": {
				"north": {
					"uv": [13.58333, 3.16667, 16, 4.83334],
					"texture": "#0"
				},
				"east": {
					"uv": [13.58333, 3.16667, 16, 4.83334],
					"texture": "#0"
				},
				"south": {
					"uv": [13.58333, 3.16667, 16, 4.83334],
					"texture": "#0"
				},
				"west": {
					"uv": [13.58333, 3.16667, 16, 4.83334],
					"texture": "#0"
				},
				"up": {
					"uv": [13.58333, 3.16667, 16, 4.83334],
					"texture": "#0"
				},
				"down": {
					"uv": [13.58333, 3.16667, 16, 4.83334],
					"texture": "#0"
				}
			}
		},
		{
			"from": [5.2, 8.825, 3],
			"to": [7.2, 9.325, 3.5],
			"rotation": {
				"angle": -22.5,
				"axis": "z",
				"origin": [7.2, 9.325, -0.5]
			},
			"faces": {
				"north": {
					"uv": [13.58333, 3.16667, 16, 4.83334],
					"texture": "#0"
				},
				"east": {
					"uv": [13.58333, 3.16667, 16, 4.83334],
					"texture": "#0"
				},
				"south": {
					"uv": [13.58333, 3.16667, 16, 4.83334],
					"texture": "#0"
				},
				"west": {
					"uv": [13.58333, 3.16667, 16, 4.83334],
					"texture": "#0"
				},
				"up": {
					"uv": [13.58333, 3.16667, 16, 4.83334],
					"texture": "#0"
				},
				"down": {
					"uv": [13.58333, 3.16667, 16, 4.83334],
					"texture": "#0"
				}
			}
		},
		{
			"from": [5.2, 9.45, 3],
			"to": [7.2, 9.95, 3.5],
			"rotation": {
				"angle": -22.5,
				"axis": "z",
				"origin": [7.2, 9.95, -0.5]
			},
			"faces": {
				"north": {
					"uv": [13.58333, 3.16667, 16, 4.83334],
					"texture": "#0"
				},
				"east": {
					"uv": [13.58333, 3.16667, 16, 4.83334],
					"texture": "#0"
				},
				"south": {
					"uv": [13.58333, 3.16667, 16, 4.83334],
					"texture": "#0"
				},
				"west": {
					"uv": [13.58333, 3.16667, 16, 4.83334],
					"texture": "#0"
				},
				"up": {
					"uv": [13.58333, 3.16667, 16, 4.83334],
					"texture": "#0"
				},
				"down": {
					"uv": [13.58333, 3.16667, 16, 4.83334],
					"texture": "#0"
				}
			}
		},
		{
			"from": [8.625, 10.225, 3],
			"to": [10.625, 10.725, 3.5],
			"rotation": {
				"angle": 22.5,
				"axis": "z",
				"origin": [10.625, 10.725, -0.5]
			},
			"faces": {
				"north": {
					"uv": [13.58333, 3.16667, 16, 4.83334],
					"texture": "#0"
				},
				"east": {
					"uv": [13.58333, 3.16667, 16, 4.83334],
					"texture": "#0"
				},
				"south": {
					"uv": [13.58333, 3.16667, 16, 4.83334],
					"texture": "#0"
				},
				"west": {
					"uv": [13.58333, 3.16667, 16, 4.83334],
					"texture": "#0"
				},
				"up": {
					"uv": [13.58333, 3.16667, 16, 4.83334],
					"texture": "#0"
				},
				"down": {
					"uv": [13.58333, 3.16667, 16, 4.83334],
					"texture": "#0"
				}
			}
		},
		{
			"from": [8.625, 9.6, 3],
			"to": [10.625, 10.1, 3.5],
			"rotation": {
				"angle": 22.5,
				"axis": "z",
				"origin": [10.625, 10.1, -0.5]
			},
			"faces": {
				"north": {
					"uv": [13.58333, 3.16667, 16, 4.83334],
					"texture": "#0"
				},
				"east": {
					"uv": [13.58333, 3.16667, 16, 4.83334],
					"texture": "#0"
				},
				"south": {
					"uv": [13.58333, 3.16667, 16, 4.83334],
					"texture": "#0"
				},
				"west": {
					"uv": [13.58333, 3.16667, 16, 4.83334],
					"texture": "#0"
				},
				"up": {
					"uv": [13.58333, 3.16667, 16, 4.83334],
					"texture": "#0"
				},
				"down": {
					"uv": [13.58333, 3.16667, 16, 4.83334],
					"texture": "#0"
				}
			}
		},
		{
			"from": [11, 12.75, 3.25],
			"to": [11.25, 14, 3.5],
			"rotation": {
				"angle": 0,
				"axis": "y",
				"origin": [8, 8, -0.5]
			},
			"faces": {
				"north": {
					"uv": [15.66667, 0.66667, 15.66667, 1],
					"texture": "#0"
				},
				"east": {
					"uv": [15.66667, 0.66667, 15.66667, 1],
					"texture": "#0"
				},
				"south": {
					"uv": [15.66667, 0.66667, 15.66667, 1],
					"texture": "#0"
				},
				"west": {
					"uv": [15.66667, 0.66667, 15.66667, 1],
					"texture": "#0"
				},
				"up": {
					"uv": [15.66667, 0.66667, 15.66667, 1],
					"texture": "#0"
				},
				"down": {
					"uv": [15.66667, 0.66667, 15.66667, 1],
					"texture": "#0"
				}
			}
		},
		{
			"from": [10.75, 12.5, 3.25],
			"to": [11, 12.75, 3.5],
			"rotation": {
				"angle": 0,
				"axis": "y",
				"origin": [7.75, 6.75, -0.5]
			},
			"faces": {
				"north": {
					"uv": [15.66667, 0.66667, 15.66667, 1],
					"texture": "#0"
				},
				"east": {
					"uv": [15.66667, 0.66667, 15.66667, 1],
					"texture": "#0"
				},
				"south": {
					"uv": [15.66667, 0.66667, 15.66667, 1],
					"texture": "#0"
				},
				"west": {
					"uv": [15.66667, 0.66667, 15.66667, 1],
					"texture": "#0"
				},
				"up": {
					"uv": [15.66667, 0.66667, 15.66667, 1],
					"texture": "#0"
				},
				"down": {
					"uv": [15.66667, 0.66667, 15.66667, 1],
					"texture": "#0"
				}
			}
		},
		{
			"from": [10.75, 14, 3.25],
			"to": [11, 14.25, 3.5],
			"rotation": {
				"angle": 0,
				"axis": "y",
				"origin": [7.75, 8.25, -0.5]
			},
			"faces": {
				"north": {
					"uv": [15.66667, 0.66667, 15.66667, 1],
					"texture": "#0"
				},
				"east": {
					"uv": [15.66667, 0.66667, 15.66667, 1],
					"texture": "#0"
				},
				"south": {
					"uv": [15.66667, 0.66667, 15.66667, 1],
					"texture": "#0"
				},
				"west": {
					"uv": [15.66667, 0.66667, 15.66667, 1],
					"texture": "#0"
				},
				"up": {
					"uv": [15.66667, 0.66667, 15.66667, 1],
					"texture": "#0"
				},
				"down": {
					"uv": [15.66667, 0.66667, 15.66667, 1],
					"texture": "#0"
				}
			}
		},
		{
			"from": [9.5, 14.25, 3.25],
			"to": [10.75, 14.5, 3.5],
			"rotation": {
				"angle": 0,
				"axis": "y",
				"origin": [7.5, 8.5, -0.5]
			},
			"faces": {
				"north": {
					"uv": [15.66667, 0.66667, 15.66667, 1],
					"texture": "#0"
				},
				"east": {
					"uv": [15.66667, 0.66667, 15.66667, 1],
					"texture": "#0"
				},
				"south": {
					"uv": [15.66667, 0.66667, 15.66667, 1],
					"texture": "#0"
				},
				"west": {
					"uv": [15.66667, 0.66667, 15.66667, 1],
					"texture": "#0"
				},
				"up": {
					"uv": [15.66667, 0.66667, 15.66667, 1],
					"texture": "#0"
				},
				"down": {
					"uv": [15.66667, 0.66667, 15.66667, 1],
					"texture": "#0"
				}
			}
		},
		{
			"from": [9.5, 12.25, 3.25],
			"to": [10.75, 12.5, 3.5],
			"rotation": {
				"angle": 0,
				"axis": "y",
				"origin": [7.5, 6.5, -0.5]
			},
			"faces": {
				"north": {
					"uv": [15.66667, 0.66667, 15.66667, 1],
					"texture": "#0"
				},
				"east": {
					"uv": [15.66667, 0.66667, 15.66667, 1],
					"texture": "#0"
				},
				"south": {
					"uv": [15.66667, 0.66667, 15.66667, 1],
					"texture": "#0"
				},
				"west": {
					"uv": [15.66667, 0.66667, 15.66667, 1],
					"texture": "#0"
				},
				"up": {
					"uv": [15.66667, 0.66667, 15.66667, 1],
					"texture": "#0"
				},
				"down": {
					"uv": [15.66667, 0.66667, 15.66667, 1],
					"texture": "#0"
				}
			}
		},
		{
			"from": [9.25, 14, 3.25],
			"to": [9.5, 14.25, 3.5],
			"rotation": {
				"angle": 0,
				"axis": "y",
				"origin": [6.25, 8.25, -0.5]
			},
			"faces": {
				"north": {
					"uv": [15.66667, 0.66667, 15.66667, 1],
					"texture": "#0"
				},
				"east": {
					"uv": [15.66667, 0.66667, 15.66667, 1],
					"texture": "#0"
				},
				"south": {
					"uv": [15.66667, 0.66667, 15.66667, 1],
					"texture": "#0"
				},
				"west": {
					"uv": [15.66667, 0.66667, 15.66667, 1],
					"texture": "#0"
				},
				"up": {
					"uv": [15.66667, 0.66667, 15.66667, 1],
					"texture": "#0"
				},
				"down": {
					"uv": [15.66667, 0.66667, 15.66667, 1],
					"texture": "#0"
				}
			}
		},
		{
			"from": [9.25, 12.5, 3.25],
			"to": [9.5, 12.75, 3.5],
			"rotation": {
				"angle": 0,
				"axis": "y",
				"origin": [6.25, 6.75, -0.5]
			},
			"faces": {
				"north": {
					"uv": [15.66667, 0.66667, 15.66667, 1],
					"texture": "#0"
				},
				"east": {
					"uv": [15.66667, 0.66667, 15.66667, 1],
					"texture": "#0"
				},
				"south": {
					"uv": [15.66667, 0.66667, 15.66667, 1],
					"texture": "#0"
				},
				"west": {
					"uv": [15.66667, 0.66667, 15.66667, 1],
					"texture": "#0"
				},
				"up": {
					"uv": [15.66667, 0.66667, 15.66667, 1],
					"texture": "#0"
				},
				"down": {
					"uv": [15.66667, 0.66667, 15.66667, 1],
					"texture": "#0"
				}
			}
		},
		{
			"from": [9, 12.75, 3.25],
			"to": [9.25, 14, 3.5],
			"rotation": {
				"angle": 0,
				"axis": "y",
				"origin": [6, 8, -0.5]
			},
			"faces": {
				"north": {
					"uv": [15.66667, 0.66667, 15.66667, 1],
					"texture": "#0"
				},
				"east": {
					"uv": [15.66667, 0.66667, 15.66667, 1],
					"texture": "#0"
				},
				"south": {
					"uv": [15.66667, 0.66667, 15.66667, 1],
					"texture": "#0"
				},
				"west": {
					"uv": [15.66667, 0.66667, 15.66667, 1],
					"texture": "#0"
				},
				"up": {
					"uv": [15.66667, 0.66667, 15.66667, 1],
					"texture": "#0"
				},
				"down": {
					"uv": [15.66667, 0.66667, 15.66667, 1],
					"texture": "#0"
				}
			}
		},
		{
			"from": [5.25, 14.25, 3.25],
			"to": [6.5, 14.5, 3.5],
			"rotation": {
				"angle": 0,
				"axis": "y",
				"origin": [3.25, 8.5, -0.5]
			},
			"faces": {
				"north": {
					"uv": [15.66667, 0.66667, 15.66667, 1],
					"texture": "#0"
				},
				"east": {
					"uv": [15.66667, 0.66667, 15.66667, 1],
					"texture": "#0"
				},
				"south": {
					"uv": [15.66667, 0.66667, 15.66667, 1],
					"texture": "#0"
				},
				"west": {
					"uv": [15.66667, 0.66667, 15.66667, 1],
					"texture": "#0"
				},
				"up": {
					"uv": [15.66667, 0.66667, 15.66667, 1],
					"texture": "#0"
				},
				"down": {
					"uv": [15.66667, 0.66667, 15.66667, 1],
					"texture": "#0"
				}
			}
		},
		{
			"from": [5, 14, 3.25],
			"to": [5.25, 14.25, 3.5],
			"rotation": {
				"angle": 0,
				"axis": "y",
				"origin": [2, 8.25, -0.5]
			},
			"faces": {
				"north": {
					"uv": [15.66667, 0.66667, 15.66667, 1],
					"texture": "#0"
				},
				"east": {
					"uv": [15.66667, 0.66667, 15.66667, 1],
					"texture": "#0"
				},
				"south": {
					"uv": [15.66667, 0.66667, 15.66667, 1],
					"texture": "#0"
				},
				"west": {
					"uv": [15.66667, 0.66667, 15.66667, 1],
					"texture": "#0"
				},
				"up": {
					"uv": [15.66667, 0.66667, 15.66667, 1],
					"texture": "#0"
				},
				"down": {
					"uv": [15.66667, 0.66667, 15.66667, 1],
					"texture": "#0"
				}
			}
		},
		{
			"from": [4.75, 12.75, 3.25],
			"to": [5, 14, 3.5],
			"rotation": {
				"angle": 0,
				"axis": "y",
				"origin": [1.75, 8, -0.5]
			},
			"faces": {
				"north": {
					"uv": [15.66667, 0.66667, 15.66667, 1],
					"texture": "#0"
				},
				"east": {
					"uv": [15.66667, 0.66667, 15.66667, 1],
					"texture": "#0"
				},
				"south": {
					"uv": [15.66667, 0.66667, 15.66667, 1],
					"texture": "#0"
				},
				"west": {
					"uv": [15.66667, 0.66667, 15.66667, 1],
					"texture": "#0"
				},
				"up": {
					"uv": [15.66667, 0.66667, 15.66667, 1],
					"texture": "#0"
				},
				"down": {
					"uv": [15.66667, 0.66667, 15.66667, 1],
					"texture": "#0"
				}
			}
		},
		{
			"from": [5, 12.5, 3.25],
			"to": [5.25, 12.75, 3.5],
			"rotation": {
				"angle": 0,
				"axis": "y",
				"origin": [2, 6.75, -0.5]
			},
			"faces": {
				"north": {
					"uv": [15.66667, 0.66667, 15.66667, 1],
					"texture": "#0"
				},
				"east": {
					"uv": [15.66667, 0.66667, 15.66667, 1],
					"texture": "#0"
				},
				"south": {
					"uv": [15.66667, 0.66667, 15.66667, 1],
					"texture": "#0"
				},
				"west": {
					"uv": [15.66667, 0.66667, 15.66667, 1],
					"texture": "#0"
				},
				"up": {
					"uv": [15.66667, 0.66667, 15.66667, 1],
					"texture": "#0"
				},
				"down": {
					"uv": [15.66667, 0.66667, 15.66667, 1],
					"texture": "#0"
				}
			}
		},
		{
			"from": [5.25, 12.25, 3.25],
			"to": [6.5, 12.5, 3.5],
			"rotation": {
				"angle": 0,
				"axis": "y",
				"origin": [3.25, 6.5, -0.5]
			},
			"faces": {
				"north": {
					"uv": [15.66667, 0.66667, 15.66667, 1],
					"texture": "#0"
				},
				"east": {
					"uv": [15.66667, 0.66667, 15.66667, 1],
					"texture": "#0"
				},
				"south": {
					"uv": [15.66667, 0.66667, 15.66667, 1],
					"texture": "#0"
				},
				"west": {
					"uv": [15.66667, 0.66667, 15.66667, 1],
					"texture": "#0"
				},
				"up": {
					"uv": [15.66667, 0.66667, 15.66667, 1],
					"texture": "#0"
				},
				"down": {
					"uv": [15.66667, 0.66667, 15.66667, 1],
					"texture": "#0"
				}
			}
		},
		{
			"from": [6.5, 12.5, 3.25],
			"to": [6.75, 12.75, 3.5],
			"rotation": {
				"angle": 0,
				"axis": "y",
				"origin": [3.5, 6.75, -0.5]
			},
			"faces": {
				"north": {
					"uv": [15.66667, 0.66667, 15.66667, 1],
					"texture": "#0"
				},
				"east": {
					"uv": [15.66667, 0.66667, 15.66667, 1],
					"texture": "#0"
				},
				"south": {
					"uv": [15.66667, 0.66667, 15.66667, 1],
					"texture": "#0"
				},
				"west": {
					"uv": [15.66667, 0.66667, 15.66667, 1],
					"texture": "#0"
				},
				"up": {
					"uv": [15.66667, 0.66667, 15.66667, 1],
					"texture": "#0"
				},
				"down": {
					"uv": [15.66667, 0.66667, 15.66667, 1],
					"texture": "#0"
				}
			}
		},
		{
			"from": [6.75, 12.75, 3.25],
			"to": [7, 14, 3.5],
			"rotation": {
				"angle": 0,
				"axis": "y",
				"origin": [3.75, 8, -0.5]
			},
			"faces": {
				"north": {
					"uv": [15.66667, 0.66667, 15.66667, 1],
					"texture": "#0"
				},
				"east": {
					"uv": [15.66667, 0.66667, 15.66667, 1],
					"texture": "#0"
				},
				"south": {
					"uv": [15.66667, 0.66667, 15.66667, 1],
					"texture": "#0"
				},
				"west": {
					"uv": [15.66667, 0.66667, 15.66667, 1],
					"texture": "#0"
				},
				"up": {
					"uv": [15.66667, 0.66667, 15.66667, 1],
					"texture": "#0"
				},
				"down": {
					"uv": [15.66667, 0.66667, 15.66667, 1],
					"texture": "#0"
				}
			}
		},
		{
			"from": [6.5, 14, 3.25],
			"to": [6.75, 14.25, 3.5],
			"rotation": {
				"angle": 0,
				"axis": "y",
				"origin": [3.5, 8.25, -0.5]
			},
			"faces": {
				"north": {
					"uv": [15.66667, 0.66667, 15.66667, 1],
					"texture": "#0"
				},
				"east": {
					"uv": [15.66667, 0.66667, 15.66667, 1],
					"texture": "#0"
				},
				"south": {
					"uv": [15.66667, 0.66667, 15.66667, 1],
					"texture": "#0"
				},
				"west": {
					"uv": [15.66667, 0.66667, 15.66667, 1],
					"texture": "#0"
				},
				"up": {
					"uv": [15.66667, 0.66667, 15.66667, 1],
					"texture": "#0"
				},
				"down": {
					"uv": [15.66667, 0.66667, 15.66667, 1],
					"texture": "#0"
				}
			}
		},
		{
			"from": [4, 8, 4],
			"to": [12, 16, 12],
			"rotation": {
				"angle": 0,
				"axis": "y",
				"origin": [8, 8, 8]
			},
			"faces": {
				"north": {
					"uv": [13.66667, 9.75, 16, 11.83333],
					"texture": "#0"
				},
				"east": {
					"uv": [13.66667, 9.75, 16, 11.83333],
					"texture": "#0"
				},
				"south": {
					"uv": [13.66667, 9.75, 16, 11.83333],
					"texture": "#0"
				},
				"west": {
					"uv": [13.5, 9.83333, 16, 11.75],
					"texture": "#0"
				},
				"up": {
					"uv": [13.66667, 9.75, 16, 11.83333],
					"texture": "#0"
				},
				"down": {
					"uv": [13.66667, 9.75, 16, 11.83333],
					"texture": "#0"
				}
			}
		},
		{
			"from": [3, 16, 3],
			"to": [13, 16.75, 13],
			"rotation": {
				"angle": 0,
				"axis": "y",
				"origin": [8, 16, 8]
			},
			"faces": {
				"north": {
					"uv": [13.66667, 6.08334, 16, 7.16667],
					"texture": "#0"
				},
				"east": {
					"uv": [13.66667, 6.08334, 16, 7.16667],
					"texture": "#0"
				},
				"south": {
					"uv": [13.66667, 6.08334, 16, 7.16667],
					"texture": "#0"
				},
				"west": {
					"uv": [13.66667, 6.08334, 16, 7.16667],
					"texture": "#0"
				},
				"up": {
					"uv": [13.66667, 6.08334, 16, 7.16667],
					"texture": "#0"
				},
				"down": {
					"uv": [13.66667, 6.08334, 16, 7.16667],
					"texture": "#0"
				}
			}
		},
		{
			"from": [6, 16.75, 6],
			"to": [10, 18.5, 10],
			"rotation": {
				"angle": 0,
				"axis": "y",
				"origin": [8, 16.75, 8]
			},
			"faces": {
				"north": {
					"uv": [13.58334, 3.41667, 15.91667, 4.5],
					"texture": "#0"
				},
				"east": {
					"uv": [13.58334, 3.41667, 15.91667, 4.5],
					"texture": "#0"
				},
				"south": {
					"uv": [13.58334, 3.41667, 15.91667, 4.5],
					"texture": "#0"
				},
				"west": {
					"uv": [13.58334, 3.41667, 15.91667, 4.5],
					"texture": "#0"
				},
				"up": {
					"uv": [13.58334, 3.41667, 15.91667, 4.5],
					"texture": "#0"
				},
				"down": {
					"uv": [13.58334, 3.41667, 15.91667, 4.5],
					"texture": "#0"
				}
			}
		},
		{
			"from": [10, 16.75, 6],
			"to": [11, 18.5, 10],
			"rotation": {
				"angle": 0,
				"axis": "y",
				"origin": [12, 16.75, 8]
			},
			"faces": {
				"north": {
					"uv": [13.58334, 3.41667, 15.91667, 4.5],
					"texture": "#0"
				},
				"east": {
					"uv": [13.58334, 3.41667, 15.91667, 4.5],
					"texture": "#0"
				},
				"south": {
					"uv": [13.58334, 3.41667, 15.91667, 4.5],
					"texture": "#0"
				},
				"west": {
					"uv": [13.58334, 3.41667, 15.91667, 4.5],
					"texture": "#0"
				},
				"up": {
					"uv": [13.58334, 3.41667, 15.91667, 4.5],
					"texture": "#0"
				},
				"down": {
					"uv": [13.58334, 3.41667, 15.91667, 4.5],
					"texture": "#0"
				}
			}
		},
		{
			"from": [5, 16.75, 6],
			"to": [6, 18.5, 10],
			"rotation": {
				"angle": 0,
				"axis": "y",
				"origin": [7, 16.75, 8]
			},
			"faces": {
				"north": {
					"uv": [13.58334, 3.41667, 15.91667, 4.5],
					"texture": "#0"
				},
				"east": {
					"uv": [13.58334, 3.41667, 15.91667, 4.5],
					"texture": "#0"
				},
				"south": {
					"uv": [13.58334, 3.41667, 15.91667, 4.5],
					"texture": "#0"
				},
				"west": {
					"uv": [13.58334, 3.41667, 15.91667, 4.5],
					"texture": "#0"
				},
				"up": {
					"uv": [13.58334, 3.41667, 15.91667, 4.5],
					"texture": "#0"
				},
				"down": {
					"uv": [13.58334, 3.41667, 15.91667, 4.5],
					"texture": "#0"
				}
			}
		},
		{
			"from": [6, 16.75, 5],
			"to": [10, 18.5, 6],
			"rotation": {
				"angle": 0,
				"axis": "y",
				"origin": [8, 16.75, 4]
			},
			"faces": {
				"north": {
					"uv": [13.58334, 3.41667, 15.91667, 4.5],
					"texture": "#0"
				},
				"east": {
					"uv": [13.58334, 3.41667, 15.91667, 4.5],
					"texture": "#0"
				},
				"south": {
					"uv": [13.58334, 3.41667, 15.91667, 4.5],
					"texture": "#0"
				},
				"west": {
					"uv": [13.58334, 3.41667, 15.91667, 4.5],
					"texture": "#0"
				},
				"up": {
					"uv": [13.58334, 3.41667, 15.91667, 4.5],
					"texture": "#0"
				},
				"down": {
					"uv": [13.58334, 3.41667, 15.91667, 4.5],
					"texture": "#0"
				}
			}
		},
		{
			"from": [6, 16.75, 10],
			"to": [10, 18.5, 11],
			"rotation": {
				"angle": 0,
				"axis": "y",
				"origin": [8, 16.75, 9]
			},
			"faces": {
				"north": {
					"uv": [13.58334, 3.41667, 15.91667, 4.5],
					"texture": "#0"
				},
				"east": {
					"uv": [13.58334, 3.41667, 15.91667, 4.5],
					"texture": "#0"
				},
				"south": {
					"uv": [13.58334, 3.41667, 15.91667, 4.5],
					"texture": "#0"
				},
				"west": {
					"uv": [13.58334, 3.41667, 15.91667, 4.5],
					"texture": "#0"
				},
				"up": {
					"uv": [13.58334, 3.41667, 15.91667, 4.5],
					"texture": "#0"
				},
				"down": {
					"uv": [13.58334, 3.41667, 15.91667, 4.5],
					"texture": "#0"
				}
			}
		},
		{
			"from": [5, 18.5, 6],
			"to": [6, 21.25, 10],
			"rotation": {
				"angle": 0,
				"axis": "y",
				"origin": [7, 18.5, 8]
			},
			"faces": {
				"north": {
					"uv": [13.66667, 6.08334, 16, 7.16667],
					"texture": "#0"
				},
				"east": {
					"uv": [13.66667, 6.08334, 16, 7.16667],
					"texture": "#0"
				},
				"south": {
					"uv": [13.66667, 6.08334, 16, 7.16667],
					"texture": "#0"
				},
				"west": {
					"uv": [13.66667, 6.08334, 16, 7.16667],
					"texture": "#0"
				},
				"up": {
					"uv": [13.66667, 6.08334, 16, 7.16667],
					"texture": "#0"
				},
				"down": {
					"uv": [13.66667, 6.08334, 16, 7.16667],
					"texture": "#0"
				}
			}
		},
		{
			"from": [6, 18.5, 10],
			"to": [10, 21.25, 11],
			"rotation": {
				"angle": 0,
				"axis": "y",
				"origin": [8, 18.5, 9]
			},
			"faces": {
				"north": {
					"uv": [13.66667, 6.08334, 16, 7.16667],
					"texture": "#0"
				},
				"east": {
					"uv": [13.66667, 6.08334, 16, 7.16667],
					"texture": "#0"
				},
				"south": {
					"uv": [13.66667, 6.08334, 16, 7.16667],
					"texture": "#0"
				},
				"west": {
					"uv": [13.66667, 6.08334, 16, 7.16667],
					"texture": "#0"
				},
				"up": {
					"uv": [13.66667, 6.08334, 16, 7.16667],
					"texture": "#0"
				},
				"down": {
					"uv": [13.66667, 6.08334, 16, 7.16667],
					"texture": "#0"
				}
			}
		},
		{
			"from": [6, 18.5, 6],
			"to": [10, 21.25, 10],
			"rotation": {
				"angle": 0,
				"axis": "y",
				"origin": [8, 18.5, 8]
			},
			"faces": {
				"north": {
					"uv": [13.66667, 6.08334, 16, 7.16667],
					"texture": "#0"
				},
				"east": {
					"uv": [13.66667, 6.08334, 16, 7.16667],
					"texture": "#0"
				},
				"south": {
					"uv": [13.66667, 6.08334, 16, 7.16667],
					"texture": "#0"
				},
				"west": {
					"uv": [13.66667, 6.08334, 16, 7.16667],
					"texture": "#0"
				},
				"up": {
					"uv": [13.66667, 6.08334, 16, 7.16667],
					"texture": "#0"
				},
				"down": {
					"uv": [13.66667, 6.08334, 16, 7.16667],
					"texture": "#0"
				}
			}
		},
		{
			"from": [10, 18.5, 6],
			"to": [11, 21.25, 10],
			"rotation": {
				"angle": 0,
				"axis": "y",
				"origin": [12, 18.5, 8]
			},
			"faces": {
				"north": {
					"uv": [13.66667, 6.08334, 16, 7.16667],
					"texture": "#0"
				},
				"east": {
					"uv": [13.66667, 6.08334, 16, 7.16667],
					"texture": "#0"
				},
				"south": {
					"uv": [13.66667, 6.08334, 16, 7.16667],
					"texture": "#0"
				},
				"west": {
					"uv": [13.66667, 6.08334, 16, 7.16667],
					"texture": "#0"
				},
				"up": {
					"uv": [13.66667, 6.08334, 16, 7.16667],
					"texture": "#0"
				},
				"down": {
					"uv": [13.66667, 6.08334, 16, 7.16667],
					"texture": "#0"
				}
			}
		},
		{
			"from": [6, 18.5, 5],
			"to": [10, 21.25, 6],
			"rotation": {
				"angle": 0,
				"axis": "y",
				"origin": [8, 18.5, 4]
			},
			"faces": {
				"north": {
					"uv": [13.66667, 6.08334, 16, 7.16667],
					"texture": "#0"
				},
				"east": {
					"uv": [13.66667, 6.08334, 16, 7.16667],
					"texture": "#0"
				},
				"south": {
					"uv": [13.66667, 6.08334, 16, 7.16667],
					"texture": "#0"
				},
				"west": {
					"uv": [13.66667, 6.08334, 16, 7.16667],
					"texture": "#0"
				},
				"up": {
					"uv": [13.66667, 6.08334, 16, 7.16667],
					"texture": "#0"
				},
				"down": {
					"uv": [13.66667, 6.08334, 16, 7.16667],
					"texture": "#0"
				}
			}
		},
		{
			"from": [6, 18.125, 5.075],
			"to": [10, 20.65, 6.125],
			"rotation": {
				"angle": -22.5,
				"axis": "x",
				"origin": [8, 18.125, 4.075]
			},
			"faces": {
				"north": {
					"uv": [13.66667, 6.08334, 16, 7.16667],
					"texture": "#0"
				},
				"east": {
					"uv": [13.66667, 6.08334, 16, 7.16667],
					"texture": "#0"
				},
				"south": {
					"uv": [13.66667, 6.08334, 16, 7.16667],
					"texture": "#0"
				},
				"west": {
					"uv": [13.66667, 6.08334, 16, 7.16667],
					"texture": "#0"
				},
				"up": {
					"uv": [13.66667, 6.08334, 16, 7.16667],
					"texture": "#0"
				},
				"down": {
					"uv": [13.66667, 6.08334, 16, 7.16667],
					"texture": "#0"
				}
			}
		},
		{
			"from": [6, 18.53492, 10.53575],
			"to": [10, 21.05992, 11.58575],
			"rotation": {
				"angle": 22.5,
				"axis": "x",
				"origin": [8, 20, 11.225]
			},
			"faces": {
				"north": {
					"uv": [13.66667, 6.08334, 16, 7.16667],
					"texture": "#0"
				},
				"east": {
					"uv": [13.66667, 6.08334, 16, 7.16667],
					"texture": "#0"
				},
				"south": {
					"uv": [13.66667, 6.08334, 16, 7.16667],
					"texture": "#0"
				},
				"west": {
					"uv": [13.66667, 6.08334, 16, 7.16667],
					"texture": "#0"
				},
				"up": {
					"uv": [13.66667, 6.08334, 16, 7.16667],
					"texture": "#0"
				},
				"down": {
					"uv": [13.66667, 6.08334, 16, 7.16667],
					"texture": "#0"
				}
			}
		},
		{
			"from": [10.53575, 18.53492, 5.975],
			"to": [11.58575, 21.05992, 9.975],
			"rotation": {
				"angle": -22.5,
				"axis": "z",
				"origin": [11.225, 20, 7.975]
			},
			"faces": {
				"north": {
					"uv": [13.66667, 6.08334, 16, 7.16667],
					"texture": "#0"
				},
				"east": {
					"uv": [13.66667, 6.08334, 16, 7.16667],
					"texture": "#0"
				},
				"south": {
					"uv": [13.66667, 6.08334, 16, 7.16667],
					"texture": "#0"
				},
				"west": {
					"uv": [13.66667, 6.08334, 16, 7.16667],
					"texture": "#0"
				},
				"up": {
					"uv": [13.66667, 6.08334, 16, 7.16667],
					"rotation": 270,
					"texture": "#0"
				},
				"down": {
					"uv": [13.66667, 6.08334, 16, 7.16667],
					"rotation": 90,
					"texture": "#0"
				}
			}
		},
		{
			"from": [4.38575, 18.65992, 5.975],
			"to": [5.43575, 21.18492, 9.975],
			"rotation": {
				"angle": 22.5,
				"axis": "z",
				"origin": [5.075, 20.125, 7.975]
			},
			"faces": {
				"north": {
					"uv": [13.66667, 6.08334, 16, 7.16667],
					"texture": "#0"
				},
				"east": {
					"uv": [13.66667, 6.08334, 16, 7.16667],
					"texture": "#0"
				},
				"south": {
					"uv": [13.66667, 6.08334, 16, 7.16667],
					"texture": "#0"
				},
				"west": {
					"uv": [13.66667, 6.08334, 16, 7.16667],
					"texture": "#0"
				},
				"up": {
					"uv": [13.66667, 6.08334, 16, 7.16667],
					"rotation": 270,
					"texture": "#0"
				},
				"down": {
					"uv": [13.66667, 6.08334, 16, 7.16667],
					"rotation": 90,
					"texture": "#0"
				}
			}
		},
		{
			"from": [13, 16, 4],
			"to": [14, 16.75, 12],
			"rotation": {
				"angle": 0,
				"axis": "y",
				"origin": [18, 16, 8]
			},
			"faces": {
				"north": {
					"uv": [13.66667, 6.08334, 16, 7.16667],
					"texture": "#0"
				},
				"east": {
					"uv": [13.66667, 6.08334, 16, 7.16667],
					"texture": "#0"
				},
				"south": {
					"uv": [13.66667, 6.08334, 16, 7.16667],
					"texture": "#0"
				},
				"west": {
					"uv": [13.66667, 6.08334, 16, 7.16667],
					"texture": "#0"
				},
				"up": {
					"uv": [13.66667, 6.08334, 16, 7.16667],
					"texture": "#0"
				},
				"down": {
					"uv": [13.66667, 6.08334, 16, 7.16667],
					"texture": "#0"
				}
			}
		},
		{
			"from": [2, 16, 4],
			"to": [3, 16.75, 12],
			"rotation": {
				"angle": 0,
				"axis": "y",
				"origin": [7, 16, 8]
			},
			"faces": {
				"north": {
					"uv": [13.66667, 6.08334, 16, 7.16667],
					"texture": "#0"
				},
				"east": {
					"uv": [13.66667, 6.08334, 16, 7.16667],
					"texture": "#0"
				},
				"south": {
					"uv": [13.66667, 6.08334, 16, 7.16667],
					"texture": "#0"
				},
				"west": {
					"uv": [13.66667, 6.08334, 16, 7.16667],
					"texture": "#0"
				},
				"up": {
					"uv": [13.66667, 6.08334, 16, 7.16667],
					"texture": "#0"
				},
				"down": {
					"uv": [13.66667, 6.08334, 16, 7.16667],
					"texture": "#0"
				}
			}
		},
		{
			"from": [4, 16, 2],
			"to": [12, 16.75, 3],
			"rotation": {
				"angle": 0,
				"axis": "y",
				"origin": [8, 16, -2]
			},
			"faces": {
				"north": {
					"uv": [13.66667, 6.08334, 16, 7.16667],
					"texture": "#0"
				},
				"east": {
					"uv": [13.66667, 6.08334, 16, 7.16667],
					"texture": "#0"
				},
				"south": {
					"uv": [13.66667, 6.08334, 16, 7.16667],
					"texture": "#0"
				},
				"west": {
					"uv": [13.66667, 6.08334, 16, 7.16667],
					"texture": "#0"
				},
				"up": {
					"uv": [13.66667, 6.08334, 16, 7.16667],
					"texture": "#0"
				},
				"down": {
					"uv": [13.66667, 6.08334, 16, 7.16667],
					"texture": "#0"
				}
			}
		},
		{
			"from": [4, 16, 13],
			"to": [12, 16.75, 14],
			"rotation": {
				"angle": 0,
				"axis": "y",
				"origin": [8, 16, 9]
			},
			"faces": {
				"north": {
					"uv": [13.66667, 6.08334, 16, 7.16667],
					"texture": "#0"
				},
				"east": {
					"uv": [13.66667, 6.08334, 16, 7.16667],
					"texture": "#0"
				},
				"south": {
					"uv": [13.66667, 6.08334, 16, 7.16667],
					"texture": "#0"
				},
				"west": {
					"uv": [13.66667, 6.08334, 16, 7.16667],
					"texture": "#0"
				},
				"up": {
					"uv": [13.66667, 6.08334, 16, 7.16667],
					"texture": "#0"
				},
				"down": {
					"uv": [13.66667, 6.08334, 16, 7.16667],
					"texture": "#0"
				}
			}
		},
		{
			"from": [2.5, 8, 12],
			"to": [13.5, 16, 13.5],
			"rotation": {
				"angle": 0,
				"axis": "y",
				"origin": [16, 8, 16.5]
			},
			"faces": {
				"north": {
					"uv": [13.66667, 8.58333, 16, 10.33333],
					"texture": "#0"
				},
				"east": {
					"uv": [13.91667, 8.33333, 16, 10.41667],
					"texture": "#0"
				},
				"south": {
					"uv": [13.58333, 8.75, 14.83333, 9.58334],
					"texture": "#0"
				},
				"west": {
					"uv": [13.91667, 8.33333, 16, 10.41667],
					"texture": "#0"
				},
				"up": {
					"uv": [13.66667, 8.58333, 16, 9.83333],
					"texture": "#0"
				},
				"down": {
					"uv": [13.66667, 8.58333, 16, 9.83333],
					"texture": "#0"
				}
			}
		},
		{
			"from": [3, 9, 13.5],
			"to": [13, 15, 15],
			"rotation": {
				"angle": 0,
				"axis": "y",
				"origin": [16, 8, 18]
			},
			"faces": {
				"north": {
					"uv": [13.66667, 8.58333, 16, 10.33333],
					"texture": "#0"
				},
				"east": {
					"uv": [13.91667, 8.33333, 16, 10.41667],
					"texture": "#0"
				},
				"south": {
					"uv": [13.58333, 8.75, 14.75, 9.41667],
					"texture": "#0"
				},
				"west": {
					"uv": [13.91667, 8.33333, 16, 10.41667],
					"texture": "#0"
				},
				"up": {
					"uv": [13.66667, 8.58333, 16, 9.83333],
					"texture": "#0"
				},
				"down": {
					"uv": [13.66667, 8.58333, 16, 9.83333],
					"texture": "#0"
				}
			}
		},
		{
			"from": [2.5, 8, 4],
			"to": [4, 16, 12],
			"rotation": {
				"angle": 0,
				"axis": "y",
				"origin": [7.5, 8, 8]
			},
			"faces": {
				"north": {
					"uv": [13.91667, 8.33333, 14.375, 9.16667],
					"texture": "#0"
				},
				"east": {
					"uv": [13.66667, 8.58333, 15.58333, 10.33333],
					"texture": "#0"
				},
				"south": {
					"uv": [13.91667, 8.33333, 16, 10.41667],
					"texture": "#0"
				},
				"west": {
					"uv": [13.58333, 8.75, 15.58333, 10.08333],
					"texture": "#0"
				},
				"up": {
					"uv": [13.66667, 8.08333, 16, 9.5],
					"texture": "#0"
				},
				"down": {
					"uv": [13.66667, 8.08333, 16, 9.5],
					"texture": "#0"
				}
			}
		},
		{
			"from": [1, 9, 4.5],
			"to": [2.5, 15, 13],
			"rotation": {
				"angle": 0,
				"axis": "y",
				"origin": [6, 8, 8]
			},
			"faces": {
				"north": {
					"uv": [13.91667, 8.33333, 16, 10.41667],
					"texture": "#0"
				},
				"east": {
					"uv": [13.66667, 8.58333, 15.58333, 10.33333],
					"texture": "#0"
				},
				"south": {
					"uv": [13.91667, 8.33333, 16, 10.41667],
					"texture": "#0"
				},
				"west": {
					"uv": [13.58333, 8.75, 14.625, 9.41667],
					"texture": "#0"
				},
				"up": {
					"uv": [13.66667, 8.08333, 16, 9.5],
					"texture": "#0"
				},
				"down": {
					"uv": [13.66667, 8.08333, 16, 9.5],
					"texture": "#0"
				}
			}
		},
		{
			"from": [13, 9, 4.5],
			"to": [14.5, 15, 13],
			"rotation": {
				"angle": 0,
				"axis": "y",
				"origin": [18, 8, 8]
			},
			"faces": {
				"north": {
					"uv": [13.91667, 8.33333, 16, 10.41667],
					"texture": "#0"
				},
				"east": {
					"uv": [13.66667, 8.58333, 14.70834, 9.25],
					"texture": "#0"
				},
				"south": {
					"uv": [13.91667, 8.33333, 16, 10.41667],
					"texture": "#0"
				},
				"west": {
					"uv": [13.58333, 8.75, 15.58333, 10.08333],
					"texture": "#0"
				},
				"up": {
					"uv": [13.66667, 8.08333, 16, 9.5],
					"texture": "#0"
				},
				"down": {
					"uv": [13.66667, 8.08333, 16, 9.5],
					"texture": "#0"
				}
			}
		},
		{
			"from": [12, 8, 4],
			"to": [13.5, 16, 12],
			"rotation": {
				"angle": 0,
				"axis": "y",
				"origin": [17, 8, 8]
			},
			"faces": {
				"north": {
					"uv": [13.91667, 8.33333, 16, 10.41667],
					"texture": "#0"
				},
				"east": {
					"uv": [13.66667, 8.58333, 14.66667, 9.41667],
					"texture": "#0"
				},
				"south": {
					"uv": [13.91667, 8.33333, 16, 10.41667],
					"texture": "#0"
				},
				"west": {
					"uv": [13.58333, 8.75, 15.58333, 10.08333],
					"texture": "#0"
				},
				"up": {
					"uv": [13.66667, 8.08333, 16, 9.5],
					"texture": "#0"
				},
				"down": {
					"uv": [13.66667, 8.08333, 16, 9.5],
					"texture": "#0"
				}
			}
		}
	]
}