{
	"textures": {
		"0": "animated_java:blueprint/joker_model/joker",
		"particle": "minecraft:item/pufferfish"
	},
	"display": {
		"head": {
			"rotation": [0, 180, 0]
		}
	},
	"elements": [
		{
			"from": [5.5, 1, 5.5],
			"to": [10.5, 8, 10.5],
			"rotation": {
				"angle": 0,
				"axis": "y",
				"origin": [9.5, -1, 8.5]
			},
			"faces": {
				"north": {
					"uv": [0, 13.16667, 5.83333, 16],
					"texture": "#0"
				},
				"east": {
					"uv": [0, 13.16667, 5.83333, 16],
					"texture": "#0"
				},
				"south": {
					"uv": [0, 13.16667, 2.25, 15.83333],
					"texture": "#0"
				},
				"west": {
					"uv": [0, 13.16667, 5.83333, 16],
					"texture": "#0"
				},
				"up": {
					"uv": [0, 13.16667, 5.83333, 16],
					"texture": "#0"
				},
				"down": {
					"uv": [0, 13.16667, 5.83333, 16],
					"texture": "#0"
				}
			}
		},
		{
			"from": [10.5, 5, 5.5],
			"to": [10.75, 7, 10.5],
			"rotation": {
				"angle": 0,
				"axis": "y",
				"origin": [14.5, -1, 8.5]
			},
			"faces": {
				"north": {
					"uv": [7.16667, 8.5, 9.02083, 10],
					"texture": "#0"
				},
				"east": {
					"uv": [7.16667, 8.5, 9.41667, 10],
					"texture": "#0"
				},
				"south": {
					"uv": [7.16667, 8.5, 9.02083, 10],
					"texture": "#0"
				},
				"west": {
					"uv": [7.16667, 8.5, 9.41667, 10],
					"texture": "#0"
				},
				"up": {
					"uv": [7.16667, 8.5, 9.02083, 10.25],
					"texture": "#0"
				},
				"down": {
					"uv": [7.16667, 8.5, 9.02083, 10.25],
					"texture": "#0"
				}
			}
		},
		{
			"from": [5.25, 5, 5.5],
			"to": [5.5, 7, 10.5],
			"rotation": {
				"angle": 0,
				"axis": "y",
				"origin": [9.25, -1, 8.5]
			},
			"faces": {
				"north": {
					"uv": [7.16667, 8.5, 9.02083, 10],
					"texture": "#0"
				},
				"east": {
					"uv": [7.16667, 8.5, 9.41667, 10],
					"texture": "#0"
				},
				"south": {
					"uv": [7.16667, 8.5, 9.02083, 10],
					"texture": "#0"
				},
				"west": {
					"uv": [7.16667, 8.5, 9.41667, 10],
					"texture": "#0"
				},
				"up": {
					"uv": [7.16667, 8.5, 9.02083, 10.25],
					"texture": "#0"
				},
				"down": {
					"uv": [7.16667, 8.5, 9.02083, 10.25],
					"texture": "#0"
				}
			}
		},
		{
			"from": [5.5, 5, 5.25],
			"to": [10.5, 7, 5.5],
			"rotation": {
				"angle": 0,
				"axis": "y",
				"origin": [9.5, -1, 3.5]
			},
			"faces": {
				"north": {
					"uv": [7.16667, 8.5, 9.41667, 10],
					"texture": "#0"
				},
				"east": {
					"uv": [7.16667, 8.5, 9.02083, 10],
					"texture": "#0"
				},
				"south": {
					"uv": [7.16667, 8.5, 9.41667, 10],
					"texture": "#0"
				},
				"west": {
					"uv": [7.16667, 8.5, 9.02083, 10],
					"texture": "#0"
				},
				"up": {
					"uv": [7.16667, 8.5, 9.41667, 9.85417],
					"texture": "#0"
				},
				"down": {
					"uv": [7.16667, 8.5, 9.41667, 9.85417],
					"texture": "#0"
				}
			}
		},
		{
			"from": [5.5, 5, 10.5],
			"to": [10.5, 7, 10.75],
			"rotation": {
				"angle": 0,
				"axis": "y",
				"origin": [9.5, -1, 8.75]
			},
			"faces": {
				"north": {
					"uv": [7.16667, 8.5, 9.41667, 10],
					"texture": "#0"
				},
				"east": {
					"uv": [7.16667, 8.5, 9.02083, 10],
					"texture": "#0"
				},
				"south": {
					"uv": [7.16667, 8.5, 9.41667, 10],
					"texture": "#0"
				},
				"west": {
					"uv": [7.16667, 8.5, 9.02083, 10],
					"texture": "#0"
				},
				"up": {
					"uv": [7.16667, 8.5, 9.41667, 9.85417],
					"texture": "#0"
				},
				"down": {
					"uv": [7.16667, 8.5, 9.41667, 9.85417],
					"texture": "#0"
				}
			}
		},
		{
			"from": [10.5, 0.925, 6.15],
			"to": [11, 6.425, 6.65],
			"rotation": {
				"angle": 22.5,
				"axis": "x",
				"origin": [10, 1.925, 6.15]
			},
			"faces": {
				"north": {
					"uv": [7.75, 12, 11.75, 15],
					"texture": "#0"
				},
				"east": {
					"uv": [7.75, 12, 11.75, 15],
					"texture": "#0"
				},
				"south": {
					"uv": [7.75, 12, 11.75, 15],
					"texture": "#0"
				},
				"west": {
					"uv": [7.75, 12, 11.75, 15],
					"texture": "#0"
				},
				"up": {
					"uv": [7.75, 12, 11.75, 16],
					"texture": "#0"
				},
				"down": {
					"uv": [7.75, 12, 11.75, 16],
					"texture": "#0"
				}
			}
		},
		{
			"from": [5, 0.925, 6.15],
			"to": [5.5, 6.425, 6.65],
			"rotation": {
				"angle": 22.5,
				"axis": "x",
				"origin": [4.5, 1.925, 6.15]
			},
			"faces": {
				"north": {
					"uv": [7.75, 12, 11.75, 15],
					"texture": "#0"
				},
				"east": {
					"uv": [7.75, 12, 11.75, 15],
					"texture": "#0"
				},
				"south": {
					"uv": [7.75, 12, 11.75, 15],
					"texture": "#0"
				},
				"west": {
					"uv": [7.75, 12, 11.75, 15],
					"texture": "#0"
				},
				"up": {
					"uv": [7.75, 12, 11.75, 16],
					"texture": "#0"
				},
				"down": {
					"uv": [7.75, 12, 11.75, 16],
					"texture": "#0"
				}
			}
		}
	]
}