{
	"textures": {
		"0": "animated_java:blueprint/joker_model/joker",
		"particle": "minecraft:item/pufferfish"
	},
	"display": {
		"head": {
			"rotation": [0, 180, 0]
		}
	},
	"elements": [
		{
			"from": [5.75, 5, 2.75],
			"to": [10.25, 6.5, 10.25],
			"rotation": {
				"angle": 0,
				"axis": "y",
				"origin": [9, 5, 8]
			},
			"faces": {
				"north": {
					"uv": [7.75, 4.83333, 12.25, 6.33333],
					"texture": "#0"
				},
				"east": {
					"uv": [7.83334, 5.16667, 11.41667, 6.75],
					"texture": "#0"
				},
				"south": {
					"uv": [7.75, 4.83333, 12.25, 6.33333],
					"texture": "#0"
				},
				"west": {
					"uv": [7.83334, 5.16667, 11.41667, 6.75],
					"texture": "#0"
				},
				"up": {
					"uv": [7.41667, 4.41667, 11.58334, 7.41667],
					"texture": "#0"
				},
				"down": {
					"uv": [7.41667, 4.41667, 11.58334, 7.41667],
					"texture": "#0"
				}
			}
		},
		{
			"from": [5.75, 6.5, 5.75],
			"to": [10.25, 8, 10.25],
			"rotation": {
				"angle": 0,
				"axis": "y",
				"origin": [9, 6.5, 8]
			},
			"faces": {
				"north": {
					"uv": [7.58333, 3.33333, 12.08333, 4.83333],
					"texture": "#0"
				},
				"east": {
					"uv": [7.58333, 3.33333, 12.08333, 4.83333],
					"texture": "#0"
				},
				"south": {
					"uv": [7.58333, 3.33333, 12.08333, 4.83333],
					"texture": "#0"
				},
				"west": {
					"uv": [7.58333, 3.33333, 12.08333, 4.83333],
					"texture": "#0"
				},
				"up": {
					"uv": [7.66667, 0, 12, 2.91667],
					"texture": "#0"
				},
				"down": {
					"uv": [7.66667, 0, 12, 2.91667],
					"texture": "#0"
				}
			}
		},
		{
			"from": [5.775, 7.25, 2.95],
			"to": [10.175, 8.5, 6.45],
			"rotation": {
				"angle": -22.5,
				"axis": "x",
				"origin": [9, 7, 7.95]
			},
			"faces": {
				"north": {
					"uv": [7.58333, 3.33333, 11.98333, 4.58333],
					"texture": "#0"
				},
				"east": {
					"uv": [7.58333, 3.33333, 11.08333, 4.58333],
					"texture": "#0"
				},
				"south": {
					"uv": [7.58333, 3.33333, 11.98333, 4.58333],
					"texture": "#0"
				},
				"west": {
					"uv": [7.58333, 3.33333, 11.08333, 4.58333],
					"texture": "#0"
				},
				"up": {
					"uv": [7.75, 3.33333, 11.98333, 5.25],
					"texture": "#0"
				},
				"down": {
					"uv": [7.75, 3.33333, 11.98333, 5.25],
					"texture": "#0"
				}
			}
		}
	]
}