{
	"textures": {
		"0": "animated_java:blueprint/joker_model/joker",
		"particle": "minecraft:item/pufferfish"
	},
	"display": {
		"head": {
			"rotation": [0, 180, 0]
		}
	},
	"elements": [
		{
			"from": [6.5, 6.5, 6.5],
			"to": [9.5, 8, 9.5],
			"rotation": {
				"angle": 0,
				"axis": "y",
				"origin": [9.5, -1, 8.5]
			},
			"faces": {
				"north": {
					"uv": [7.58333, 11, 12.58333, 13],
					"texture": "#0"
				},
				"east": {
					"uv": [7.58333, 11, 12.58333, 13],
					"texture": "#0"
				},
				"south": {
					"uv": [7.58333, 11, 12.58333, 13],
					"texture": "#0"
				},
				"west": {
					"uv": [7.58333, 11, 12.58333, 13],
					"texture": "#0"
				},
				"up": {
					"uv": [7.58333, 11, 12.58333, 16],
					"texture": "#0"
				},
				"down": {
					"uv": [7.58333, 11, 12.58333, 16],
					"texture": "#0"
				}
			}
		},
		{
			"from": [6, 9.5, -2],
			"to": [10, 11.5, 1.5],
			"rotation": {
				"angle": 45,
				"axis": "x",
				"origin": [9.5, 2, 0.5]
			},
			"faces": {
				"north": {
					"uv": [7.58333, 11, 12.58333, 13],
					"texture": "#0"
				},
				"east": {
					"uv": [7.58333, 11, 12.58333, 13],
					"texture": "#0"
				},
				"south": {
					"uv": [7.58333, 11, 12.58333, 13],
					"texture": "#0"
				},
				"west": {
					"uv": [7.58333, 11, 12.58333, 13],
					"texture": "#0"
				},
				"up": {
					"uv": [7.58333, 11, 12.58333, 16],
					"texture": "#0"
				},
				"down": {
					"uv": [7.58333, 11, 12.58333, 16],
					"texture": "#0"
				}
			}
		},
		{
			"from": [7, 3, 7],
			"to": [9, 6.5, 9],
			"rotation": {
				"angle": 0,
				"axis": "y",
				"origin": [9, 4, 8]
			},
			"faces": {
				"north": {
					"uv": [7.75, 12, 11.75, 15],
					"texture": "#0"
				},
				"east": {
					"uv": [7.75, 12, 11.75, 15],
					"texture": "#0"
				},
				"south": {
					"uv": [7.75, 12, 11.75, 15],
					"texture": "#0"
				},
				"west": {
					"uv": [7.75, 12, 11.75, 15],
					"texture": "#0"
				},
				"up": {
					"uv": [7.75, 12, 11.75, 16],
					"texture": "#0"
				},
				"down": {
					"uv": [7.75, 12, 11.75, 16],
					"texture": "#0"
				}
			}
		},
		{
			"from": [6, 3, 7.75],
			"to": [10, 3.5, 8.25],
			"rotation": {
				"angle": 0,
				"axis": "y",
				"origin": [9, 4, 7.75]
			},
			"faces": {
				"north": {
					"uv": [7.75, 12, 11.75, 15],
					"texture": "#0"
				},
				"east": {
					"uv": [7.75, 12, 11.75, 15],
					"texture": "#0"
				},
				"south": {
					"uv": [7.75, 12, 11.75, 15],
					"texture": "#0"
				},
				"west": {
					"uv": [7.75, 12, 11.75, 15],
					"texture": "#0"
				},
				"up": {
					"uv": [7.75, 12, 11.75, 16],
					"texture": "#0"
				},
				"down": {
					"uv": [7.75, 12, 11.75, 16],
					"texture": "#0"
				}
			}
		},
		{
			"from": [10, 2.925, 7.4],
			"to": [10.5, 8.425, 7.9],
			"rotation": {
				"angle": -22.5,
				"axis": "x",
				"origin": [9.5, 3.925, 7.4]
			},
			"faces": {
				"north": {
					"uv": [7.75, 12, 11.75, 15],
					"texture": "#0"
				},
				"east": {
					"uv": [7.75, 12, 11.75, 15],
					"texture": "#0"
				},
				"south": {
					"uv": [7.75, 12, 11.75, 15],
					"texture": "#0"
				},
				"west": {
					"uv": [7.75, 12, 11.75, 15],
					"texture": "#0"
				},
				"up": {
					"uv": [7.75, 12, 11.75, 16],
					"texture": "#0"
				},
				"down": {
					"uv": [7.75, 12, 11.75, 16],
					"texture": "#0"
				}
			}
		},
		{
			"from": [5.5, 2.925, 7.4],
			"to": [6, 8.425, 7.9],
			"rotation": {
				"angle": -22.5,
				"axis": "x",
				"origin": [5, 3.925, 7.4]
			},
			"faces": {
				"north": {
					"uv": [7.75, 12, 11.75, 15],
					"texture": "#0"
				},
				"east": {
					"uv": [7.75, 12, 11.75, 15],
					"texture": "#0"
				},
				"south": {
					"uv": [7.75, 12, 11.75, 15],
					"texture": "#0"
				},
				"west": {
					"uv": [7.75, 12, 11.75, 15],
					"texture": "#0"
				},
				"up": {
					"uv": [7.75, 12, 11.75, 16],
					"texture": "#0"
				},
				"down": {
					"uv": [7.75, 12, 11.75, 16],
					"texture": "#0"
				}
			}
		}
	]
}