{
	"textures": {
		"0": "animated_java:blueprint/joker_model/joker",
		"particle": "minecraft:item/pufferfish"
	},
	"display": {
		"head": {
			"rotation": [0, 180, 0]
		}
	},
	"elements": [
		{
			"from": [6.75, 5, 6.75],
			"to": [9.25, 8, 9.25],
			"rotation": {
				"angle": 0,
				"axis": "y",
				"origin": [9, 6.5, 8]
			},
			"faces": {
				"north": {
					"uv": [7.58333, 12.91667, 12.08333, 14.41667],
					"texture": "#0"
				},
				"east": {
					"uv": [7.58333, 12.91667, 12.08333, 14.41667],
					"texture": "#0"
				},
				"south": {
					"uv": [7.58333, 12.91667, 12.08333, 14.41667],
					"texture": "#0"
				},
				"west": {
					"uv": [7.58333, 12.91667, 12.08333, 14.41667],
					"texture": "#0"
				},
				"up": {
					"uv": [7.75, 12.91667, 12.08333, 15.83334],
					"texture": "#0"
				},
				"down": {
					"uv": [7.75, 12.91667, 12.08333, 15.83334],
					"texture": "#0"
				}
			}
		}
	]
}