{
	"textures": {
		"0": "animated_java:blueprint/joker_model/joker",
		"particle": "minecraft:item/pufferfish"
	},
	"display": {
		"head": {
			"rotation": [0, 180, 0]
		}
	},
	"elements": [
		{
			"from": [5.5, 3, 5.5],
			"to": [10.5, 8, 10.5],
			"rotation": {
				"angle": 0,
				"axis": "y",
				"origin": [9.5, -1, 8.5]
			},
			"faces": {
				"north": {
					"uv": [0, 9, 5, 11],
					"texture": "#0"
				},
				"east": {
					"uv": [0, 9, 5, 11],
					"texture": "#0"
				},
				"south": {
					"uv": [0, 9, 5, 11],
					"texture": "#0"
				},
				"west": {
					"uv": [0, 9, 5, 11],
					"texture": "#0"
				},
				"up": {
					"uv": [0, 9, 5, 14],
					"texture": "#0"
				},
				"down": {
					"uv": [0, 9, 5, 14],
					"texture": "#0"
				}
			}
		}
	]
}