{
	"textures": {
		"2": "animated_java:blueprint/doll_model/doll1",
		"particle": "minecraft:item/pufferfish"
	},
	"display": {
		"head": {
			"rotation": [0, 180, 0]
		}
	},
	"elements": [
		{
			"from": [6.5, 2, 6.5],
			"to": [9.5, 8, 9.5],
			"rotation": {
				"angle": 0,
				"axis": "y",
				"origin": [5, 3, 5]
			},
			"faces": {
				"north": {
					"uv": [1, 10.5, 3, 14.5],
					"texture": "#2"
				},
				"east": {
					"uv": [1, 10.5, 3, 14.5],
					"texture": "#2"
				},
				"south": {
					"uv": [1, 10.5, 3, 14.5],
					"texture": "#2"
				},
				"west": {
					"uv": [1, 10.5, 3, 14.5],
					"texture": "#2"
				},
				"up": {
					"uv": [1, 10.5, 3, 12.5],
					"texture": "#2"
				},
				"down": {
					"uv": [1, 10.5, 3, 12.5],
					"texture": "#2"
				}
			}
		}
	]
}