{
	"textures": {
		"2": "animated_java:blueprint/doll_model/doll1",
		"particle": "minecraft:item/pufferfish"
	},
	"display": {
		"head": {
			"rotation": [0, 180, 0]
		}
	},
	"elements": [
		{
			"from": [5, 3, 7],
			"to": [7, 5, 9],
			"rotation": {
				"angle": 0,
				"axis": "y",
				"origin": [3, 0, 5]
			},
			"faces": {
				"north": {
					"uv": [1, 10.5, 2.5, 11.5],
					"texture": "#2"
				},
				"east": {
					"uv": [1, 10.5, 2.5, 11.5],
					"texture": "#2"
				},
				"south": {
					"uv": [1, 10.5, 2.5, 11.5],
					"texture": "#2"
				},
				"west": {
					"uv": [1, 10.5, 2.5, 11.5],
					"texture": "#2"
				},
				"up": {
					"uv": [1, 10.5, 2.5, 12],
					"texture": "#2"
				},
				"down": {
					"uv": [1, 10.5, 2.5, 12],
					"texture": "#2"
				}
			}
		},
		{
			"from": [4, 6, 6],
			"to": [8, 11, 10],
			"rotation": {
				"angle": 0,
				"axis": "y",
				"origin": [3, 6, 5]
			},
			"faces": {
				"north": {
					"uv": [0, 0, 2.5, 2.5],
					"texture": "#2"
				},
				"east": {
					"uv": [0, 0, 2.5, 2.5],
					"texture": "#2"
				},
				"south": {
					"uv": [0, 0, 2.5, 2.5],
					"texture": "#2"
				},
				"west": {
					"uv": [0, 0, 2.5, 2.5],
					"texture": "#2"
				},
				"up": {
					"uv": [0, 0, 2.5, 2.5],
					"texture": "#2"
				},
				"down": {
					"uv": [0, 0, 2.5, 2.5],
					"texture": "#2"
				}
			}
		},
		{
			"from": [4.5, 5, 6.5],
			"to": [7.5, 6, 9.5],
			"rotation": {
				"angle": 0,
				"axis": "y",
				"origin": [3, 1, 5]
			},
			"faces": {
				"north": {
					"uv": [1, 10.5, 3, 11.5],
					"texture": "#2"
				},
				"east": {
					"uv": [1, 10.5, 3, 11.5],
					"texture": "#2"
				},
				"south": {
					"uv": [1, 10.5, 3, 11.5],
					"texture": "#2"
				},
				"west": {
					"uv": [1, 10.5, 3, 11.5],
					"texture": "#2"
				},
				"up": {
					"uv": [1, 10.5, 3, 12.5],
					"texture": "#2"
				},
				"down": {
					"uv": [1, 10.5, 3, 12.5],
					"texture": "#2"
				}
			}
		}
	]
}