{
	"textures": {
		"2": "animated_java:blueprint/doll_model/doll1",
		"particle": "minecraft:item/pufferfish"
	},
	"display": {
		"head": {
			"rotation": [0, 180, 0]
		}
	},
	"elements": [
		{
			"from": [3, 3, 5],
			"to": [13, 8, 11],
			"rotation": {
				"angle": 0,
				"axis": "y",
				"origin": [3, -5, 6]
			},
			"faces": {
				"north": {
					"uv": [10.5, 0, 13, 3.75],
					"texture": "#2"
				},
				"east": {
					"uv": [10, 2.75, 12.5, 6.5],
					"texture": "#2"
				},
				"south": {
					"uv": [10, 2.75, 12.5, 6.5],
					"texture": "#2"
				},
				"west": {
					"uv": [10, 2.75, 12.5, 6.5],
					"texture": "#2"
				},
				"up": {
					"uv": [10, 2.75, 12.5, 6.5],
					"texture": "#2"
				},
				"down": {
					"uv": [10, 2.75, 12.5, 6.5],
					"texture": "#2"
				}
			}
		}
	]
}