{
	"textures": {
		"2": "animated_java:blueprint/doll_model/doll1",
		"particle": "minecraft:item/pufferfish"
	},
	"display": {
		"head": {
			"rotation": [0, 180, 0]
		}
	},
	"elements": [
		{
			"from": [3, 2, 5.5],
			"to": [13, 8, 10.5],
			"rotation": {
				"angle": 0,
				"axis": "y",
				"origin": [3, -4, 6]
			},
			"faces": {
				"north": {
					"uv": [4.5, 2, 8, 3.75],
					"rotation": 270,
					"texture": "#2"
				},
				"east": {
					"uv": [0, 0, 2, 4],
					"texture": "#2"
				},
				"south": {
					"uv": [0, 0, 1.75, 4],
					"texture": "#2"
				},
				"west": {
					"uv": [0, 0, 2, 4],
					"texture": "#2"
				},
				"up": {
					"uv": [0, 0, 1.66667, 4],
					"texture": "#2"
				},
				"down": {
					"uv": [0, 0, 1.66667, 4],
					"texture": "#2"
				}
			}
		},
		{
			"from": [3.75, 1, 4.75],
			"to": [4.75, 8, 5.5],
			"rotation": {
				"angle": 0,
				"axis": "y",
				"origin": [3.75, -4, 3.5]
			},
			"faces": {
				"north": {
					"uv": [11.5, 9.75, 14, 13.5],
					"texture": "#2"
				},
				"east": {
					"uv": [11.5, 9.75, 14, 13.5],
					"texture": "#2"
				},
				"south": {
					"uv": [11.5, 9.75, 14, 13.5],
					"texture": "#2"
				},
				"west": {
					"uv": [11.5, 9.75, 14, 13.5],
					"texture": "#2"
				},
				"up": {
					"uv": [11.5, 9.75, 14, 13.5],
					"texture": "#2"
				},
				"down": {
					"uv": [11.5, 9.75, 14, 13.5],
					"texture": "#2"
				}
			}
		},
		{
			"from": [3.75, 1, 10.5],
			"to": [4.75, 8, 11.25],
			"rotation": {
				"angle": 0,
				"axis": "y",
				"origin": [3.75, -4, 9.25]
			},
			"faces": {
				"north": {
					"uv": [11.5, 9.75, 14, 13.5],
					"texture": "#2"
				},
				"east": {
					"uv": [11.5, 9.75, 14, 13.5],
					"texture": "#2"
				},
				"south": {
					"uv": [11.5, 9.75, 14, 13.5],
					"texture": "#2"
				},
				"west": {
					"uv": [11.5, 9.75, 14, 13.5],
					"texture": "#2"
				},
				"up": {
					"uv": [11.5, 9.75, 14, 13.5],
					"texture": "#2"
				},
				"down": {
					"uv": [11.5, 9.75, 14, 13.5],
					"texture": "#2"
				}
			}
		},
		{
			"from": [11.25, 1, 10.5],
			"to": [12.25, 8, 11.25],
			"rotation": {
				"angle": 0,
				"axis": "y",
				"origin": [11.25, -4, 9.25]
			},
			"faces": {
				"north": {
					"uv": [11.5, 9.75, 14, 13.5],
					"texture": "#2"
				},
				"east": {
					"uv": [11.5, 9.75, 14, 13.5],
					"texture": "#2"
				},
				"south": {
					"uv": [11.5, 9.75, 14, 13.5],
					"texture": "#2"
				},
				"west": {
					"uv": [11.5, 9.75, 14, 13.5],
					"texture": "#2"
				},
				"up": {
					"uv": [11.5, 9.75, 14, 13.5],
					"texture": "#2"
				},
				"down": {
					"uv": [11.5, 9.75, 14, 13.5],
					"texture": "#2"
				}
			}
		},
		{
			"from": [11.25, 1, 4.75],
			"to": [12.25, 8, 5.5],
			"rotation": {
				"angle": 0,
				"axis": "y",
				"origin": [11.25, -4, 3.5]
			},
			"faces": {
				"north": {
					"uv": [11.5, 9.75, 14, 13.5],
					"texture": "#2"
				},
				"east": {
					"uv": [11.5, 9.75, 14, 13.5],
					"texture": "#2"
				},
				"south": {
					"uv": [11.5, 9.75, 14, 13.5],
					"texture": "#2"
				},
				"west": {
					"uv": [11.5, 9.75, 14, 13.5],
					"texture": "#2"
				},
				"up": {
					"uv": [11.5, 9.75, 14, 13.5],
					"texture": "#2"
				},
				"down": {
					"uv": [11.5, 9.75, 14, 13.5],
					"texture": "#2"
				}
			}
		}
	]
}