{
	"textures": {
		"2": "animated_java:blueprint/doll_model/doll1",
		"particle": "minecraft:item/pufferfish"
	},
	"display": {
		"head": {
			"rotation": [0, 180, 0]
		}
	},
	"elements": [
		{
			"from": [3, 8, 5.5],
			"to": [13, 13, 10.5],
			"rotation": {
				"angle": 0,
				"axis": "y",
				"origin": [3, 1, 6]
			},
			"faces": {
				"north": {
					"uv": [4.5, 0, 8, 1.75],
					"rotation": 90,
					"texture": "#2"
				},
				"east": {
					"uv": [3, 0, 5, 4],
					"texture": "#2"
				},
				"south": {
					"uv": [3, 0, 4.75, 4],
					"texture": "#2"
				},
				"west": {
					"uv": [3, 0, 5, 4],
					"texture": "#2"
				},
				"up": {
					"uv": [3, 0, 4.66667, 4],
					"texture": "#2"
				},
				"down": {
					"uv": [3, 0, 4.66667, 4],
					"texture": "#2"
				}
			}
		},
		{
			"from": [11.25, 8, 10.5],
			"to": [12.25, 13, 11.25],
			"rotation": {
				"angle": 0,
				"axis": "y",
				"origin": [11.25, 1, 9.25]
			},
			"faces": {
				"north": {
					"uv": [11.5, 9.75, 14, 13.5],
					"texture": "#2"
				},
				"east": {
					"uv": [11.5, 9.75, 14, 13.5],
					"texture": "#2"
				},
				"south": {
					"uv": [11.5, 9.75, 14, 13.5],
					"texture": "#2"
				},
				"west": {
					"uv": [11.5, 9.75, 14, 13.5],
					"texture": "#2"
				},
				"up": {
					"uv": [11.5, 9.75, 14, 13.5],
					"texture": "#2"
				},
				"down": {
					"uv": [11.5, 9.75, 14, 13.5],
					"texture": "#2"
				}
			}
		},
		{
			"from": [3.75, 8, 10.5],
			"to": [4.75, 13, 11.25],
			"rotation": {
				"angle": 0,
				"axis": "y",
				"origin": [3.75, 1, 9.25]
			},
			"faces": {
				"north": {
					"uv": [11.5, 9.75, 14, 13.5],
					"texture": "#2"
				},
				"east": {
					"uv": [11.5, 9.75, 14, 13.5],
					"texture": "#2"
				},
				"south": {
					"uv": [11.5, 9.75, 14, 13.5],
					"texture": "#2"
				},
				"west": {
					"uv": [11.5, 9.75, 14, 13.5],
					"texture": "#2"
				},
				"up": {
					"uv": [11.5, 9.75, 14, 13.5],
					"texture": "#2"
				},
				"down": {
					"uv": [11.5, 9.75, 14, 13.5],
					"texture": "#2"
				}
			}
		},
		{
			"from": [11.25, 8, 4.75],
			"to": [12.25, 13, 5.5],
			"rotation": {
				"angle": 0,
				"axis": "y",
				"origin": [11.25, 1, 3.5]
			},
			"faces": {
				"north": {
					"uv": [11.5, 9.75, 14, 13.5],
					"texture": "#2"
				},
				"east": {
					"uv": [11.5, 9.75, 14, 13.5],
					"texture": "#2"
				},
				"south": {
					"uv": [11.5, 9.75, 14, 13.5],
					"texture": "#2"
				},
				"west": {
					"uv": [11.5, 9.75, 14, 13.5],
					"texture": "#2"
				},
				"up": {
					"uv": [11.5, 9.75, 14, 13.5],
					"texture": "#2"
				},
				"down": {
					"uv": [11.5, 9.75, 14, 13.5],
					"texture": "#2"
				}
			}
		},
		{
			"from": [3.75, 8, 4.75],
			"to": [4.75, 13, 5.5],
			"rotation": {
				"angle": 0,
				"axis": "y",
				"origin": [3.75, 1, 3.5]
			},
			"faces": {
				"north": {
					"uv": [11.5, 9.75, 14, 13.5],
					"texture": "#2"
				},
				"east": {
					"uv": [11.5, 9.75, 14, 13.5],
					"texture": "#2"
				},
				"south": {
					"uv": [11.5, 9.75, 14, 13.5],
					"texture": "#2"
				},
				"west": {
					"uv": [11.5, 9.75, 14, 13.5],
					"texture": "#2"
				},
				"up": {
					"uv": [11.5, 9.75, 14, 13.5],
					"texture": "#2"
				},
				"down": {
					"uv": [11.5, 9.75, 14, 13.5],
					"texture": "#2"
				}
			}
		},
		{
			"from": [11.25, 13, 5],
			"to": [12.25, 13.5, 11],
			"rotation": {
				"angle": 0,
				"axis": "y",
				"origin": [2.25, 13, 6]
			},
			"faces": {
				"north": {
					"uv": [11.5, 9.75, 14, 13.5],
					"texture": "#2"
				},
				"east": {
					"uv": [11.5, 9.75, 14, 13.5],
					"texture": "#2"
				},
				"south": {
					"uv": [11.5, 9.75, 14, 13.5],
					"texture": "#2"
				},
				"west": {
					"uv": [11.5, 9.75, 14, 13.5],
					"texture": "#2"
				},
				"up": {
					"uv": [11.5, 9.75, 14, 13.5],
					"texture": "#2"
				},
				"down": {
					"uv": [11.5, 9.75, 14, 13.5],
					"texture": "#2"
				}
			}
		},
		{
			"from": [3.75, 13, 5],
			"to": [4.75, 13.5, 11],
			"rotation": {
				"angle": 0,
				"axis": "y",
				"origin": [-5.25, 13, 6]
			},
			"faces": {
				"north": {
					"uv": [11.5, 9.75, 14, 13.5],
					"texture": "#2"
				},
				"east": {
					"uv": [11.5, 9.75, 14, 13.5],
					"texture": "#2"
				},
				"south": {
					"uv": [11.5, 9.75, 14, 13.5],
					"texture": "#2"
				},
				"west": {
					"uv": [11.5, 9.75, 14, 13.5],
					"texture": "#2"
				},
				"up": {
					"uv": [11.5, 9.75, 14, 13.5],
					"texture": "#2"
				},
				"down": {
					"uv": [11.5, 9.75, 14, 13.5],
					"texture": "#2"
				}
			}
		},
		{
			"from": [5.6, 16.4, 5.25],
			"to": [7.6, 17.4, 5.75],
			"rotation": {
				"angle": -22.5,
				"axis": "z",
				"origin": [-2.9, 15.4, 1.25]
			},
			"faces": {
				"north": {
					"uv": [0, 0, 1.75, 4],
					"texture": "#2"
				},
				"east": {
					"uv": [0, 0, 2, 4],
					"texture": "#2"
				},
				"south": {
					"uv": [0, 0, 1.75, 4],
					"texture": "#2"
				},
				"west": {
					"uv": [0, 0, 2, 4],
					"texture": "#2"
				},
				"up": {
					"uv": [0, 0, 1.66667, 4],
					"texture": "#2"
				},
				"down": {
					"uv": [0, 0, 1.66667, 4],
					"texture": "#2"
				}
			}
		},
		{
			"from": [9.85, 9.15, 5.25],
			"to": [11.85, 10.15, 5.75],
			"rotation": {
				"angle": 22.5,
				"axis": "z",
				"origin": [1.35, 8.15, 1.25]
			},
			"faces": {
				"north": {
					"uv": [0, 0, 1.75, 4],
					"texture": "#2"
				},
				"east": {
					"uv": [0, 0, 2, 4],
					"texture": "#2"
				},
				"south": {
					"uv": [0, 0, 1.75, 4],
					"texture": "#2"
				},
				"west": {
					"uv": [0, 0, 2, 4],
					"texture": "#2"
				},
				"up": {
					"uv": [0, 0, 1.66667, 4],
					"texture": "#2"
				},
				"down": {
					"uv": [0, 0, 1.66667, 4],
					"texture": "#2"
				}
			}
		},
		{
			"from": [10.25, 13, 5.25],
			"to": [10.75, 14, 10.5],
			"rotation": {
				"angle": 0,
				"axis": "y",
				"origin": [3.75, 12, 6]
			},
			"faces": {
				"north": {
					"uv": [0, 0, 1.75, 4],
					"texture": "#2"
				},
				"east": {
					"uv": [0, 0, 2, 4],
					"texture": "#2"
				},
				"south": {
					"uv": [0, 0, 1.75, 4],
					"texture": "#2"
				},
				"west": {
					"uv": [0, 0, 2, 4],
					"texture": "#2"
				},
				"up": {
					"uv": [0, 0, 1.66667, 4],
					"texture": "#2"
				},
				"down": {
					"uv": [0, 0, 1.66667, 4],
					"texture": "#2"
				}
			}
		},
		{
			"from": [5.25, 13, 5.25],
			"to": [5.75, 14, 10.5],
			"rotation": {
				"angle": 0,
				"axis": "y",
				"origin": [-1.25, 12, 6]
			},
			"faces": {
				"north": {
					"uv": [0, 0, 1.75, 4],
					"texture": "#2"
				},
				"east": {
					"uv": [0, 0, 2, 4],
					"texture": "#2"
				},
				"south": {
					"uv": [0, 0, 1.75, 4],
					"texture": "#2"
				},
				"west": {
					"uv": [0, 0, 2, 4],
					"texture": "#2"
				},
				"up": {
					"uv": [0, 0, 1.66667, 4],
					"texture": "#2"
				},
				"down": {
					"uv": [0, 0, 1.66667, 4],
					"texture": "#2"
				}
			}
		},
		{
			"from": [5.75, 13, 10],
			"to": [10.25, 14, 10.5],
			"rotation": {
				"angle": 0,
				"axis": "y",
				"origin": [0.25, 12, 6]
			},
			"faces": {
				"north": {
					"uv": [0, 0, 1.75, 4],
					"texture": "#2"
				},
				"east": {
					"uv": [0, 0, 2, 4],
					"texture": "#2"
				},
				"south": {
					"uv": [0, 0, 1.5, 4],
					"texture": "#2"
				},
				"west": {
					"uv": [0, 0, 2, 4],
					"texture": "#2"
				},
				"up": {
					"uv": [0, 0, 1.66667, 4],
					"texture": "#2"
				},
				"down": {
					"uv": [0, 0, 1.66667, 4],
					"texture": "#2"
				}
			}
		}
	]
}