{
	"textures": {
		"1": "animated_java:blueprint/doll_model/doll_eye",
		"2": "animated_java:blueprint/doll_model/doll1",
		"particle": "minecraft:item/pufferfish"
	},
	"display": {
		"head": {
			"rotation": [0, 180, 0]
		}
	},
	"elements": [
		{
			"from": [6, 8, 6],
			"to": [10, 10, 10],
			"rotation": {
				"angle": 0,
				"axis": "y",
				"origin": [6, 8, 6]
			},
			"faces": {
				"north": {
					"uv": [0.5, 10, 3.25, 12.5],
					"texture": "#2"
				},
				"east": {
					"uv": [0.5, 10, 3.25, 12.5],
					"texture": "#2"
				},
				"south": {
					"uv": [0.5, 10, 3.25, 12.5],
					"texture": "#2"
				},
				"west": {
					"uv": [0.5, 10, 3.25, 12.5],
					"texture": "#2"
				},
				"up": {
					"uv": [0.5, 10, 3.25, 12.5],
					"texture": "#2"
				},
				"down": {
					"uv": [0.5, 10, 3.25, 12.5],
					"texture": "#2"
				}
			}
		},
		{
			"from": [2, 13, 2],
			"to": [14, 22, 14],
			"rotation": {
				"angle": 0,
				"axis": "y",
				"origin": [6, 10, 6]
			},
			"faces": {
				"north": {
					"uv": [0.5, 10, 3, 14],
					"rotation": 90,
					"texture": "#2"
				},
				"east": {
					"uv": [0.5, 10, 4.5, 12.5],
					"texture": "#2"
				},
				"south": {
					"uv": [0.5, 10, 4.5, 12.5],
					"texture": "#2"
				},
				"west": {
					"uv": [0.5, 10, 4.5, 12.5],
					"texture": "#2"
				},
				"up": {
					"uv": [0.5, 10, 4.5, 14],
					"texture": "#2"
				},
				"down": {
					"uv": [0.5, 10, 4.5, 14],
					"texture": "#2"
				}
			}
		},
		{
			"from": [2.5, 15.5, 1.99],
			"to": [7, 18.5, 2.09],
			"rotation": {
				"angle": 0,
				"axis": "y",
				"origin": [6, 9.5, -6]
			},
			"faces": {
				"north": {
					"uv": [0, 0, 16, 16],
					"texture": "#1"
				},
				"east": {
					"uv": [0, 0, 0.05, 1.5],
					"texture": "#1"
				},
				"south": {
					"uv": [0, 0, 2.25, 1.5],
					"texture": "#1"
				},
				"west": {
					"uv": [0, 0, 0.05, 1.5],
					"texture": "#1"
				},
				"up": {
					"uv": [0, 0, 2.25, 0.05],
					"texture": "#1"
				},
				"down": {
					"uv": [0, 0, 2.25, 0.05],
					"texture": "#1"
				}
			}
		},
		{
			"from": [9, 15.5, 1.99],
			"to": [13.5, 18.5, 2.09],
			"rotation": {
				"angle": 0,
				"axis": "y",
				"origin": [12.5, 9.5, -6]
			},
			"faces": {
				"north": {
					"uv": [0, 0, 16, 16],
					"texture": "#1"
				},
				"east": {
					"uv": [0, 0, 0.05, 1.5],
					"texture": "#1"
				},
				"south": {
					"uv": [0, 0, 2.25, 1.5],
					"texture": "#1"
				},
				"west": {
					"uv": [0, 0, 0.05, 1.5],
					"texture": "#1"
				},
				"up": {
					"uv": [0, 0, 2.25, 0.05],
					"texture": "#1"
				},
				"down": {
					"uv": [0, 0, 2.25, 0.05],
					"texture": "#1"
				}
			}
		},
		{
			"from": [9.5, 10, 2],
			"to": [14, 13, 14],
			"rotation": {
				"angle": 0,
				"axis": "y",
				"origin": [6, 1, 6]
			},
			"faces": {
				"north": {
					"uv": [2.75, 10, 4.5, 11.75],
					"rotation": 90,
					"texture": "#2"
				},
				"east": {
					"uv": [0.5, 10, 0.75, 14],
					"rotation": 90,
					"texture": "#2"
				},
				"south": {
					"uv": [0.5, 10, 0.75, 10.25],
					"texture": "#2"
				},
				"west": {
					"uv": [0.5, 10, 0.75, 14],
					"rotation": 90,
					"texture": "#2"
				},
				"up": {
					"uv": [0.5, 10, 0.75, 14],
					"texture": "#2"
				},
				"down": {
					"uv": [0.5, 10, 0.75, 14],
					"texture": "#2"
				}
			}
		},
		{
			"from": [6.5, 10, 3.75],
			"to": [9.5, 13, 14],
			"rotation": {
				"angle": 0,
				"axis": "y",
				"origin": [1.5, 1, 6]
			},
			"faces": {
				"north": {
					"uv": [1, 10.75, 2.5, 11],
					"texture": "#2"
				},
				"east": {
					"uv": [1, 10.75, 2.75, 13.25],
					"rotation": 90,
					"texture": "#2"
				},
				"south": {
					"uv": [1, 10.75, 2.5, 11],
					"texture": "#2"
				},
				"west": {
					"uv": [1, 10.75, 2.75, 13.25],
					"rotation": 90,
					"texture": "#2"
				},
				"up": {
					"uv": [1, 10.75, 2.5, 13.25],
					"texture": "#2"
				},
				"down": {
					"uv": [1, 10.75, 2.5, 13.25],
					"texture": "#2"
				}
			}
		},
		{
			"from": [6.5, 7.6, 6.1],
			"to": [9.5, 10.6, 9.1],
			"rotation": {
				"angle": -22.5,
				"axis": "x",
				"origin": [1.5, -1.4, 1.1]
			},
			"faces": {
				"north": {
					"uv": [1.5, 11, 3, 12.5],
					"texture": "#2"
				},
				"east": {
					"uv": [1.5, 11, 3, 12.5],
					"texture": "#2"
				},
				"south": {
					"uv": [1.5, 11, 3, 12.5],
					"texture": "#2"
				},
				"west": {
					"uv": [1.5, 11, 3, 12.5],
					"texture": "#2"
				},
				"up": {
					"uv": [1.5, 11, 3, 12.5],
					"texture": "#2"
				},
				"down": {
					"uv": [1.5, 11, 3, 12.5],
					"texture": "#2"
				}
			}
		},
		{
			"from": [7.5, 10.6, -1.65],
			"to": [8.5, 13.6, -0.65],
			"rotation": {
				"angle": 22.5,
				"axis": "x",
				"origin": [1.5, 5.6, 8.35]
			},
			"faces": {
				"north": {
					"uv": [0.5, 10, 3.5, 13],
					"rotation": 180,
					"texture": "#2"
				},
				"east": {
					"uv": [0.5, 10, 3.5, 13],
					"rotation": 90,
					"texture": "#2"
				},
				"south": {
					"uv": [0.5, 10, 3.5, 13],
					"texture": "#2"
				},
				"west": {
					"uv": [0.5, 10, 3.5, 13],
					"rotation": 270,
					"texture": "#2"
				},
				"up": {
					"uv": [0.5, 10, 3.5, 13],
					"texture": "#2"
				},
				"down": {
					"uv": [0.5, 10, 3.5, 13],
					"rotation": 180,
					"texture": "#2"
				}
			}
		},
		{
			"from": [4, 13.6, 7.35],
			"to": [6, 16.6, 8.35],
			"rotation": {
				"angle": 22.5,
				"axis": "z",
				"origin": [-2, 8.6, 17.35]
			},
			"faces": {
				"north": {
					"uv": [1, 10.75, 3.25, 13],
					"rotation": 180,
					"texture": "#2"
				},
				"east": {
					"uv": [1, 10.75, 3.25, 13],
					"rotation": 90,
					"texture": "#2"
				},
				"south": {
					"uv": [1, 10.75, 3.25, 13],
					"texture": "#2"
				},
				"west": {
					"uv": [1, 10.75, 3.25, 13],
					"rotation": 270,
					"texture": "#2"
				},
				"up": {
					"uv": [1, 10.75, 3.25, 13],
					"texture": "#2"
				},
				"down": {
					"uv": [1, 10.75, 3.25, 13],
					"rotation": 180,
					"texture": "#2"
				}
			}
		},
		{
			"from": [11, 19.1, 7.35],
			"to": [13, 22.1, 8.35],
			"rotation": {
				"angle": -22.5,
				"axis": "z",
				"origin": [5, 14.1, 17.35]
			},
			"faces": {
				"north": {
					"uv": [1, 11, 2.75, 12.5],
					"rotation": 180,
					"texture": "#2"
				},
				"east": {
					"uv": [1, 11, 2.75, 12.5],
					"rotation": 90,
					"texture": "#2"
				},
				"south": {
					"uv": [1, 11, 2.75, 12.5],
					"texture": "#2"
				},
				"west": {
					"uv": [1, 11, 2.75, 12.5],
					"rotation": 270,
					"texture": "#2"
				},
				"up": {
					"uv": [1, 11, 2.75, 12.5],
					"texture": "#2"
				},
				"down": {
					"uv": [1, 11, 2.75, 12.5],
					"rotation": 180,
					"texture": "#2"
				}
			}
		},
		{
			"from": [2, 10, 2],
			"to": [6.5, 13, 14],
			"rotation": {
				"angle": 0,
				"axis": "y",
				"origin": [-1, 1, 6]
			},
			"faces": {
				"north": {
					"uv": [2.75, 10, 4.5, 11.25],
					"rotation": 90,
					"texture": "#2"
				},
				"east": {
					"uv": [0.5, 10, 0.75, 14],
					"rotation": 90,
					"texture": "#2"
				},
				"south": {
					"uv": [0.5, 10, 0.75, 10.25],
					"texture": "#2"
				},
				"west": {
					"uv": [0.5, 10, 2, 14],
					"rotation": 90,
					"texture": "#2"
				},
				"up": {
					"uv": [0.5, 10, 0.75, 14],
					"texture": "#2"
				},
				"down": {
					"uv": [0.5, 10, 0.75, 14],
					"texture": "#2"
				}
			}
		}
	]
}