{
	"textures": {
		"2": "animated_java:blueprint/doll_model/doll1",
		"particle": "minecraft:item/pufferfish"
	},
	"display": {
		"head": {
			"rotation": [0, 180, 0]
		}
	},
	"elements": [
		{
			"from": [7, 0, 7],
			"to": [9, 2, 9],
			"rotation": {
				"angle": 0,
				"axis": "y",
				"origin": [5, -3, 5]
			},
			"faces": {
				"north": {
					"uv": [1, 10.5, 2.5, 11.5],
					"texture": "#2"
				},
				"east": {
					"uv": [1, 10.5, 2.5, 11.5],
					"texture": "#2"
				},
				"south": {
					"uv": [1, 10.5, 2.5, 11.5],
					"texture": "#2"
				},
				"west": {
					"uv": [1, 10.5, 2.5, 11.5],
					"texture": "#2"
				},
				"up": {
					"uv": [1, 10.5, 2.5, 12],
					"texture": "#2"
				},
				"down": {
					"uv": [1, 10.5, 2.5, 12],
					"texture": "#2"
				}
			}
		},
		{
			"from": [6, 3, 6],
			"to": [10, 8, 10],
			"rotation": {
				"angle": 0,
				"axis": "y",
				"origin": [5, 3, 5]
			},
			"faces": {
				"north": {
					"uv": [10.5, 4, 13, 6.5],
					"texture": "#2"
				},
				"east": {
					"uv": [10.5, 4, 13, 6.5],
					"texture": "#2"
				},
				"south": {
					"uv": [10.5, 4, 13, 6.5],
					"texture": "#2"
				},
				"west": {
					"uv": [10.5, 4, 13, 6.5],
					"texture": "#2"
				},
				"up": {
					"uv": [10.5, 4, 13, 6.5],
					"texture": "#2"
				},
				"down": {
					"uv": [10.5, 4, 13, 6.5],
					"texture": "#2"
				}
			}
		},
		{
			"from": [6.5, 2, 6.5],
			"to": [9.5, 3, 9.5],
			"rotation": {
				"angle": 0,
				"axis": "y",
				"origin": [5, -2, 5]
			},
			"faces": {
				"north": {
					"uv": [1, 10.5, 3, 11.5],
					"texture": "#2"
				},
				"east": {
					"uv": [1, 10.5, 3, 11.5],
					"texture": "#2"
				},
				"south": {
					"uv": [1, 10.5, 3, 11.5],
					"texture": "#2"
				},
				"west": {
					"uv": [1, 10.5, 3, 11.5],
					"texture": "#2"
				},
				"up": {
					"uv": [1, 10.5, 3, 12.5],
					"texture": "#2"
				},
				"down": {
					"uv": [1, 10.5, 3, 12.5],
					"texture": "#2"
				}
			}
		}
	]
}