{
	"textures": {
		"0": "animated_java:blueprint/doll_model/doll_armed",
		"particle": "minecraft:item/pufferfish"
	},
	"display": {
		"head": {
			"rotation": [0, 180, 0]
		}
	},
	"elements": [
		{
			"from": [7.25, 7.5, 5.75],
			"to": [8.75, 9, 11],
			"rotation": {
				"angle": 0,
				"axis": "y",
				"origin": [7.5, 7.75, 9.5]
			},
			"faces": {
				"north": {
					"uv": [0, 0, 1.75, 1.75],
					"texture": "#0"
				},
				"east": {
					"uv": [0, 0, 3.625, 1.75],
					"texture": "#0"
				},
				"south": {
					"uv": [0, 0, 1.75, 1.75],
					"texture": "#0"
				},
				"west": {
					"uv": [0, 0, 3.625, 1.75],
					"texture": "#0"
				},
				"up": {
					"uv": [0, 0, 1.75, 3.625],
					"texture": "#0"
				},
				"down": {
					"uv": [0, 0, 1.75, 3.625],
					"texture": "#0"
				}
			}
		},
		{
			"from": [7.15, 7.4, 11],
			"to": [8.85, 9.1, 11.25],
			"rotation": {
				"angle": 0,
				"axis": "y",
				"origin": [7.5, 7.75, 10]
			},
			"faces": {
				"north": {
					"uv": [10.5, 10.5, 12.35, 12.35],
					"texture": "#0"
				},
				"east": {
					"uv": [10.5, 10.5, 11.625, 12.35],
					"texture": "#0"
				},
				"south": {
					"uv": [10.5, 10.5, 12.35, 12.35],
					"texture": "#0"
				},
				"west": {
					"uv": [10.5, 10.5, 11.625, 12.35],
					"texture": "#0"
				},
				"up": {
					"uv": [10.5, 10.5, 12.35, 11.625],
					"texture": "#0"
				},
				"down": {
					"uv": [10.5, 10.5, 12.35, 11.625],
					"texture": "#0"
				}
			}
		},
		{
			"from": [7.15, 7.4, 3.5],
			"to": [8.85, 9.1, 5.75],
			"rotation": {
				"angle": 0,
				"axis": "y",
				"origin": [7.5, 7.75, 4.5]
			},
			"faces": {
				"north": {
					"uv": [9.25, 0, 14.6, 6.125],
					"rotation": 90,
					"texture": "#0"
				},
				"east": {
					"uv": [9.25, 0, 14.6, 6.125],
					"rotation": 90,
					"texture": "#0"
				},
				"south": {
					"uv": [9.25, 0, 14.6, 6.125],
					"rotation": 90,
					"texture": "#0"
				},
				"west": {
					"uv": [9.25, 0, 14.6, 6.125],
					"rotation": 90,
					"texture": "#0"
				},
				"up": {
					"uv": [9.25, 0, 15.375, 5.35],
					"texture": "#0"
				},
				"down": {
					"uv": [9.25, 0, 15.375, 5.35],
					"texture": "#0"
				}
			}
		},
		{
			"from": [7.15, 7.4, 3.25],
			"to": [8.85, 9.1, 3.5],
			"rotation": {
				"angle": 0,
				"axis": "y",
				"origin": [7.5, 7.75, 2.25]
			},
			"faces": {
				"north": {
					"uv": [0, 0, 1.85, 1.85],
					"texture": "#0"
				},
				"east": {
					"uv": [0, 0, 1.125, 1.85],
					"texture": "#0"
				},
				"south": {
					"uv": [0, 0, 1.85, 1.85],
					"texture": "#0"
				},
				"west": {
					"uv": [0, 0, 1.125, 1.85],
					"texture": "#0"
				},
				"up": {
					"uv": [0, 0, 1.85, 1.125],
					"texture": "#0"
				},
				"down": {
					"uv": [0, 0, 1.85, 1.125],
					"texture": "#0"
				}
			}
		},
		{
			"from": [7, 7.25, 11.25],
			"to": [9, 9.25, 12.75],
			"rotation": {
				"angle": 0,
				"axis": "y",
				"origin": [7.5, 7.75, 11.25]
			},
			"faces": {
				"north": {
					"uv": [0, 0, 2, 2],
					"texture": "#0"
				},
				"east": {
					"uv": [0, 0, 1.75, 2],
					"texture": "#0"
				},
				"south": {
					"uv": [0, 0, 2, 2],
					"texture": "#0"
				},
				"west": {
					"uv": [0, 0, 1.75, 2],
					"texture": "#0"
				},
				"up": {
					"uv": [0, 0, 2, 1.75],
					"texture": "#0"
				},
				"down": {
					"uv": [0, 0, 2, 1.75],
					"texture": "#0"
				}
			}
		},
		{
			"from": [7, 7.25, -0.25],
			"to": [9, 9.25, 3.25],
			"rotation": {
				"angle": 0,
				"axis": "y",
				"origin": [7.5, 7.75, 1.75]
			},
			"faces": {
				"north": {
					"uv": [9.25, 0, 14.6, 6.125],
					"rotation": 90,
					"texture": "#0"
				},
				"east": {
					"uv": [9.25, 0, 14.6, 6.125],
					"rotation": 90,
					"texture": "#0"
				},
				"south": {
					"uv": [9.25, 0, 14.6, 6.125],
					"rotation": 90,
					"texture": "#0"
				},
				"west": {
					"uv": [9.25, 0, 14.6, 6.125],
					"rotation": 90,
					"texture": "#0"
				},
				"up": {
					"uv": [9.25, 0, 15.375, 5.35],
					"texture": "#0"
				},
				"down": {
					"uv": [9.25, 0, 15.375, 5.35],
					"texture": "#0"
				}
			}
		},
		{
			"from": [7, 7.25, -1],
			"to": [9, 9.25, -0.25],
			"rotation": {
				"angle": 0,
				"axis": "y",
				"origin": [7.5, 7.75, -1.75]
			},
			"faces": {
				"north": {
					"uv": [0, 0, 2, 2],
					"texture": "#0"
				},
				"east": {
					"uv": [0, 0, 1.375, 2],
					"texture": "#0"
				},
				"south": {
					"uv": [0, 0, 2, 2],
					"texture": "#0"
				},
				"west": {
					"uv": [0, 0, 1.375, 2],
					"texture": "#0"
				},
				"up": {
					"uv": [0, 0, 2, 1.375],
					"texture": "#0"
				},
				"down": {
					"uv": [0, 0, 2, 1.375],
					"texture": "#0"
				}
			}
		},
		{
			"from": [6.75, 7, -1.5],
			"to": [9.25, 9.5, -1],
			"rotation": {
				"angle": 0,
				"axis": "y",
				"origin": [7.5, 7.75, -2.5]
			},
			"faces": {
				"north": {
					"uv": [0, 0, 2.25, 2.25],
					"texture": "#0"
				},
				"east": {
					"uv": [0, 0, 1.25, 2.25],
					"texture": "#0"
				},
				"south": {
					"uv": [0, 0, 2.25, 2.25],
					"texture": "#0"
				},
				"west": {
					"uv": [0, 0, 1.25, 2.25],
					"texture": "#0"
				},
				"up": {
					"uv": [0, 0, 2.25, 1.25],
					"texture": "#0"
				},
				"down": {
					"uv": [0, 0, 2.25, 1.25],
					"texture": "#0"
				}
			}
		},
		{
			"from": [6.5, 6.75, -7.75],
			"to": [9.5, 9.75, -3.25],
			"rotation": {
				"angle": 0,
				"axis": "y",
				"origin": [7.5, 7.75, -4.75]
			},
			"faces": {
				"north": {
					"uv": [0, 0, 2.5, 2.5],
					"texture": "#0"
				},
				"east": {
					"uv": [0, 0, 3.25, 2.5],
					"texture": "#0"
				},
				"south": {
					"uv": [0, 0, 2.5, 2.5],
					"texture": "#0"
				},
				"west": {
					"uv": [0, 0, 3.25, 2.5],
					"texture": "#0"
				},
				"up": {
					"uv": [0, 0, 2.5, 3.25],
					"texture": "#0"
				},
				"down": {
					"uv": [0, 0, 2.5, 3.25],
					"texture": "#0"
				}
			}
		},
		{
			"from": [6.5, 6.75, -8.5],
			"to": [9.5, 9.75, -7.75],
			"rotation": {
				"angle": 0,
				"axis": "y",
				"origin": [7.5, 7.75, -9.25]
			},
			"faces": {
				"north": {
					"uv": [1, 11.25, 3.5, 13.75],
					"texture": "#0"
				},
				"east": {
					"uv": [1, 11.25, 2.375, 13.75],
					"texture": "#0"
				},
				"south": {
					"uv": [1, 11.25, 3.5, 13.75],
					"texture": "#0"
				},
				"west": {
					"uv": [1, 11.25, 2.375, 13.75],
					"texture": "#0"
				},
				"up": {
					"uv": [1, 11.25, 3.5, 12.625],
					"texture": "#0"
				},
				"down": {
					"uv": [1, 11.25, 3.5, 12.625],
					"texture": "#0"
				}
			}
		},
		{
			"from": [7, 9.75, -8.5],
			"to": [9, 10.25, -7.75],
			"rotation": {
				"angle": 0,
				"axis": "y",
				"origin": [7.5, 10.75, -9.25]
			},
			"faces": {
				"north": {
					"uv": [1, 11.25, 3, 12.5],
					"texture": "#0"
				},
				"east": {
					"uv": [1, 11.25, 2.375, 12.5],
					"texture": "#0"
				},
				"south": {
					"uv": [1, 11.25, 3, 12.5],
					"texture": "#0"
				},
				"west": {
					"uv": [1, 11.25, 2.375, 12.5],
					"texture": "#0"
				},
				"up": {
					"uv": [1, 11.25, 3, 12.625],
					"texture": "#0"
				},
				"down": {
					"uv": [1, 11.25, 3, 12.625],
					"texture": "#0"
				}
			}
		},
		{
			"from": [7, 6.25, -8.5],
			"to": [9, 6.75, -7.75],
			"rotation": {
				"angle": 0,
				"axis": "y",
				"origin": [7.5, 7, -9.25]
			},
			"faces": {
				"north": {
					"uv": [1, 11.25, 3, 12.5],
					"texture": "#0"
				},
				"east": {
					"uv": [1, 11.25, 2.375, 12.5],
					"texture": "#0"
				},
				"south": {
					"uv": [1, 11.25, 3, 12.5],
					"texture": "#0"
				},
				"west": {
					"uv": [1, 11.25, 2.375, 12.5],
					"texture": "#0"
				},
				"up": {
					"uv": [1, 11.25, 3, 12.625],
					"texture": "#0"
				},
				"down": {
					"uv": [1, 11.25, 3, 12.625],
					"texture": "#0"
				}
			}
		},
		{
			"from": [7, 6.25, -7.75],
			"to": [9, 6.75, -6.25],
			"rotation": {
				"angle": 0,
				"axis": "y",
				"origin": [7.5, 7, -8.5]
			},
			"faces": {
				"north": {
					"uv": [0, 0, 2, 1.25],
					"texture": "#0"
				},
				"east": {
					"uv": [0, 0, 3.25, 1.25],
					"texture": "#0"
				},
				"south": {
					"uv": [0, 0, 2, 1.25],
					"texture": "#0"
				},
				"west": {
					"uv": [0, 0, 3.25, 1.25],
					"texture": "#0"
				},
				"up": {
					"uv": [0, 0, 2, 3.25],
					"texture": "#0"
				},
				"down": {
					"uv": [0, 0, 2, 3.25],
					"texture": "#0"
				}
			}
		},
		{
			"from": [7, 9.75, -7.75],
			"to": [9, 10.25, -6.25],
			"rotation": {
				"angle": 0,
				"axis": "y",
				"origin": [7.5, 10.75, -8.5]
			},
			"faces": {
				"north": {
					"uv": [0, 0, 2, 1.25],
					"texture": "#0"
				},
				"east": {
					"uv": [0, 0, 3.25, 1.25],
					"texture": "#0"
				},
				"south": {
					"uv": [0, 0, 2, 1.25],
					"texture": "#0"
				},
				"west": {
					"uv": [0, 0, 3.25, 1.25],
					"texture": "#0"
				},
				"up": {
					"uv": [0, 0, 2, 3.25],
					"texture": "#0"
				},
				"down": {
					"uv": [0, 0, 2, 3.25],
					"texture": "#0"
				}
			}
		},
		{
			"from": [6, 7.25, -8.5],
			"to": [6.5, 9.25, -7.75],
			"rotation": {
				"angle": 0,
				"axis": "y",
				"origin": [5.5, 7.75, -9.25]
			},
			"faces": {
				"north": {
					"uv": [1, 11.25, 3, 12.5],
					"rotation": 90,
					"texture": "#0"
				},
				"east": {
					"uv": [1, 11.25, 3, 12.625],
					"rotation": 270,
					"texture": "#0"
				},
				"south": {
					"uv": [1, 11.25, 3, 12.5],
					"rotation": 270,
					"texture": "#0"
				},
				"west": {
					"uv": [1, 11.25, 3, 12.625],
					"rotation": 270,
					"texture": "#0"
				},
				"up": {
					"uv": [1, 11.25, 2.375, 12.5],
					"rotation": 270,
					"texture": "#0"
				},
				"down": {
					"uv": [1, 11.25, 2.375, 12.5],
					"rotation": 270,
					"texture": "#0"
				}
			}
		},
		{
			"from": [6, 7.25, -7.75],
			"to": [6.5, 9.25, -6.25],
			"rotation": {
				"angle": 0,
				"axis": "y",
				"origin": [5.5, 7.75, -9.25]
			},
			"faces": {
				"north": {
					"uv": [0, 0, 2, 1.25],
					"rotation": 90,
					"texture": "#0"
				},
				"east": {
					"uv": [0, 0, 2, 3.25],
					"rotation": 270,
					"texture": "#0"
				},
				"south": {
					"uv": [0, 0, 2, 1.25],
					"rotation": 270,
					"texture": "#0"
				},
				"west": {
					"uv": [0, 0, 2, 3.25],
					"rotation": 270,
					"texture": "#0"
				},
				"up": {
					"uv": [0, 0, 3.25, 1.25],
					"rotation": 270,
					"texture": "#0"
				},
				"down": {
					"uv": [0, 0, 3.25, 1.25],
					"rotation": 270,
					"texture": "#0"
				}
			}
		},
		{
			"from": [9.5, 7.25, -7.75],
			"to": [10, 9.25, -6.25],
			"rotation": {
				"angle": 0,
				"axis": "y",
				"origin": [9.25, 7.75, -9.25]
			},
			"faces": {
				"north": {
					"uv": [0, 0, 2, 1.25],
					"rotation": 90,
					"texture": "#0"
				},
				"east": {
					"uv": [0, 0, 2, 3.25],
					"rotation": 270,
					"texture": "#0"
				},
				"south": {
					"uv": [0, 0, 2, 1.25],
					"rotation": 270,
					"texture": "#0"
				},
				"west": {
					"uv": [0, 0, 2, 3.25],
					"rotation": 270,
					"texture": "#0"
				},
				"up": {
					"uv": [0, 0, 3.25, 1.25],
					"rotation": 270,
					"texture": "#0"
				},
				"down": {
					"uv": [0, 0, 3.25, 1.25],
					"rotation": 270,
					"texture": "#0"
				}
			}
		},
		{
			"from": [6.2, 7.25, -6.25],
			"to": [6.5, 9.25, -4.75],
			"rotation": {
				"angle": 0,
				"axis": "y",
				"origin": [5.5, 7.75, -7.75]
			},
			"faces": {
				"north": {
					"uv": [0, 0, 2, 1.25],
					"rotation": 90,
					"texture": "#0"
				},
				"east": {
					"uv": [0, 0, 2, 3.25],
					"rotation": 270,
					"texture": "#0"
				},
				"south": {
					"uv": [0, 0, 2, 1.25],
					"rotation": 270,
					"texture": "#0"
				},
				"west": {
					"uv": [0, 0, 2, 3.25],
					"rotation": 270,
					"texture": "#0"
				},
				"up": {
					"uv": [0, 0, 3.25, 1.25],
					"rotation": 270,
					"texture": "#0"
				},
				"down": {
					"uv": [0, 0, 3.25, 1.25],
					"rotation": 270,
					"texture": "#0"
				}
			}
		},
		{
			"from": [7, 6.45, -6.25],
			"to": [9, 6.75, -4.75],
			"rotation": {
				"angle": 0,
				"axis": "y",
				"origin": [7.5, 7, -7]
			},
			"faces": {
				"north": {
					"uv": [0, 0, 2, 1.25],
					"texture": "#0"
				},
				"east": {
					"uv": [0, 0, 3.25, 1.25],
					"texture": "#0"
				},
				"south": {
					"uv": [0, 0, 2, 1.25],
					"texture": "#0"
				},
				"west": {
					"uv": [0, 0, 3.25, 1.25],
					"texture": "#0"
				},
				"up": {
					"uv": [0, 0, 2, 3.25],
					"texture": "#0"
				},
				"down": {
					"uv": [0, 0, 2, 3.25],
					"texture": "#0"
				}
			}
		},
		{
			"from": [9.5, 7.25, -6.25],
			"to": [9.8, 9.25, -4.75],
			"rotation": {
				"angle": 0,
				"axis": "y",
				"origin": [9.25, 7.75, -7.75]
			},
			"faces": {
				"north": {
					"uv": [0, 0, 2, 1.25],
					"rotation": 90,
					"texture": "#0"
				},
				"east": {
					"uv": [0, 0, 2, 3.25],
					"rotation": 270,
					"texture": "#0"
				},
				"south": {
					"uv": [0, 0, 2, 1.25],
					"rotation": 270,
					"texture": "#0"
				},
				"west": {
					"uv": [0, 0, 2, 3.25],
					"rotation": 270,
					"texture": "#0"
				},
				"up": {
					"uv": [0, 0, 3.25, 1.25],
					"rotation": 270,
					"texture": "#0"
				},
				"down": {
					"uv": [0, 0, 3.25, 1.25],
					"rotation": 270,
					"texture": "#0"
				}
			}
		},
		{
			"from": [7, 9.75, -6.25],
			"to": [9, 10.05, -4.75],
			"rotation": {
				"angle": 0,
				"axis": "y",
				"origin": [7.5, 10.75, -7]
			},
			"faces": {
				"north": {
					"uv": [0, 0, 2, 1.25],
					"texture": "#0"
				},
				"east": {
					"uv": [0, 0, 3.25, 1.25],
					"texture": "#0"
				},
				"south": {
					"uv": [0, 0, 2, 1.25],
					"texture": "#0"
				},
				"west": {
					"uv": [0, 0, 3.25, 1.25],
					"texture": "#0"
				},
				"up": {
					"uv": [0, 0, 2, 3.25],
					"texture": "#0"
				},
				"down": {
					"uv": [0, 0, 2, 3.25],
					"texture": "#0"
				}
			}
		},
		{
			"from": [6.4, 7.25, -4.75],
			"to": [6.5, 9.25, -3.25],
			"rotation": {
				"angle": 0,
				"axis": "y",
				"origin": [5.5, 7.75, -6.25]
			},
			"faces": {
				"north": {
					"uv": [0, 0, 2, 1.25],
					"rotation": 90,
					"texture": "#0"
				},
				"east": {
					"uv": [0, 0, 2, 3.25],
					"rotation": 270,
					"texture": "#0"
				},
				"south": {
					"uv": [0, 0, 2, 1.25],
					"rotation": 270,
					"texture": "#0"
				},
				"west": {
					"uv": [0, 0, 2, 3.25],
					"rotation": 270,
					"texture": "#0"
				},
				"up": {
					"uv": [0, 0, 3.25, 1.25],
					"rotation": 270,
					"texture": "#0"
				},
				"down": {
					"uv": [0, 0, 3.25, 1.25],
					"rotation": 270,
					"texture": "#0"
				}
			}
		},
		{
			"from": [7, 6.65, -4.75],
			"to": [9, 6.75, -3.25],
			"rotation": {
				"angle": 0,
				"axis": "y",
				"origin": [7.5, 7, -5.5]
			},
			"faces": {
				"north": {
					"uv": [0, 0, 2, 1.25],
					"texture": "#0"
				},
				"east": {
					"uv": [0, 0, 3.25, 1.25],
					"texture": "#0"
				},
				"south": {
					"uv": [0, 0, 2, 1.25],
					"texture": "#0"
				},
				"west": {
					"uv": [0, 0, 3.25, 1.25],
					"texture": "#0"
				},
				"up": {
					"uv": [0, 0, 2, 3.25],
					"texture": "#0"
				},
				"down": {
					"uv": [0, 0, 2, 3.25],
					"texture": "#0"
				}
			}
		},
		{
			"from": [9.5, 7.25, -4.75],
			"to": [9.6, 9.25, -3.25],
			"rotation": {
				"angle": 0,
				"axis": "y",
				"origin": [9.25, 7.75, -6.25]
			},
			"faces": {
				"north": {
					"uv": [0, 0, 2, 1.25],
					"rotation": 90,
					"texture": "#0"
				},
				"east": {
					"uv": [0, 0, 2, 3.25],
					"rotation": 270,
					"texture": "#0"
				},
				"south": {
					"uv": [0, 0, 2, 1.25],
					"rotation": 270,
					"texture": "#0"
				},
				"west": {
					"uv": [0, 0, 2, 3.25],
					"rotation": 270,
					"texture": "#0"
				},
				"up": {
					"uv": [0, 0, 3.25, 1.25],
					"rotation": 270,
					"texture": "#0"
				},
				"down": {
					"uv": [0, 0, 3.25, 1.25],
					"rotation": 270,
					"texture": "#0"
				}
			}
		},
		{
			"from": [7, 9.75, -4.75],
			"to": [9, 9.85, -3.25],
			"rotation": {
				"angle": 0,
				"axis": "y",
				"origin": [7.5, 10.75, -5.5]
			},
			"faces": {
				"north": {
					"uv": [0, 0, 2, 1.25],
					"texture": "#0"
				},
				"east": {
					"uv": [0, 0, 3.25, 1.25],
					"texture": "#0"
				},
				"south": {
					"uv": [0, 0, 2, 1.25],
					"texture": "#0"
				},
				"west": {
					"uv": [0, 0, 3.25, 1.25],
					"texture": "#0"
				},
				"up": {
					"uv": [0, 0, 2, 3.25],
					"texture": "#0"
				},
				"down": {
					"uv": [0, 0, 2, 3.25],
					"texture": "#0"
				}
			}
		},
		{
			"from": [9.5, 7.25, -8.5],
			"to": [10, 9.25, -7.75],
			"rotation": {
				"angle": 0,
				"axis": "y",
				"origin": [9.25, 7.75, -9.25]
			},
			"faces": {
				"north": {
					"uv": [1, 11.25, 3, 12.5],
					"rotation": 90,
					"texture": "#0"
				},
				"east": {
					"uv": [1, 11.25, 3, 12.625],
					"rotation": 270,
					"texture": "#0"
				},
				"south": {
					"uv": [1, 11.25, 3, 12.5],
					"rotation": 270,
					"texture": "#0"
				},
				"west": {
					"uv": [1, 11.25, 3, 12.625],
					"rotation": 270,
					"texture": "#0"
				},
				"up": {
					"uv": [1, 11.25, 2.375, 12.5],
					"rotation": 270,
					"texture": "#0"
				},
				"down": {
					"uv": [1, 11.25, 2.375, 12.5],
					"rotation": 270,
					"texture": "#0"
				}
			}
		},
		{
			"from": [8.1, 7.5, -3.9],
			"to": [8.6, 9, -1.65],
			"rotation": {
				"angle": 22.5,
				"axis": "y",
				"origin": [9.35, 7.75, -3.15]
			},
			"faces": {
				"north": {
					"uv": [0, 0, 1.25, 1.75],
					"texture": "#0"
				},
				"east": {
					"uv": [0, 0, 2.125, 1.75],
					"texture": "#0"
				},
				"south": {
					"uv": [0, 0, 1.25, 1.75],
					"texture": "#0"
				},
				"west": {
					"uv": [0, 0, 2.125, 1.75],
					"texture": "#0"
				},
				"up": {
					"uv": [0, 0, 2.125, 1.25],
					"rotation": 90,
					"texture": "#0"
				},
				"down": {
					"uv": [0, 0, 2.125, 1.25],
					"rotation": 270,
					"texture": "#0"
				}
			}
		},
		{
			"from": [7.25, 7.65, -3.9],
			"to": [8.75, 8.15, -1.65],
			"rotation": {
				"angle": 22.5,
				"axis": "x",
				"origin": [7.5, 6.85, -3.15]
			},
			"faces": {
				"north": {
					"uv": [0, 0, 1.25, 1.75],
					"rotation": 270,
					"texture": "#0"
				},
				"east": {
					"uv": [0, 0, 2.125, 1.25],
					"rotation": 180,
					"texture": "#0"
				},
				"south": {
					"uv": [0, 0, 1.25, 1.75],
					"rotation": 90,
					"texture": "#0"
				},
				"west": {
					"uv": [0, 0, 2.125, 1.25],
					"texture": "#0"
				},
				"up": {
					"uv": [0, 0, 2.125, 1.75],
					"rotation": 90,
					"texture": "#0"
				},
				"down": {
					"uv": [0, 0, 2.125, 1.75],
					"rotation": 90,
					"texture": "#0"
				}
			}
		},
		{
			"from": [7.25, 8.55, -2.9],
			"to": [8.75, 9.05, -0.65],
			"rotation": {
				"angle": -22.5,
				"axis": "x",
				"origin": [7.5, 7.25, -2.15]
			},
			"faces": {
				"north": {
					"uv": [0, 0, 1.25, 1.75],
					"rotation": 270,
					"texture": "#0"
				},
				"east": {
					"uv": [0, 0, 2.125, 1.25],
					"rotation": 180,
					"texture": "#0"
				},
				"south": {
					"uv": [0, 0, 1.25, 1.75],
					"rotation": 90,
					"texture": "#0"
				},
				"west": {
					"uv": [0, 0, 2.125, 1.25],
					"texture": "#0"
				},
				"up": {
					"uv": [0, 0, 2.125, 1.75],
					"rotation": 90,
					"texture": "#0"
				},
				"down": {
					"uv": [0, 0, 2.125, 1.75],
					"rotation": 90,
					"texture": "#0"
				}
			}
		},
		{
			"from": [7.2, 7.5, -2.95],
			"to": [7.7, 9, -0.7],
			"rotation": {
				"angle": -22.5,
				"axis": "y",
				"origin": [8.95, 7.75, -2.25]
			},
			"faces": {
				"north": {
					"uv": [0, 0, 1.25, 1.75],
					"texture": "#0"
				},
				"east": {
					"uv": [0, 0, 2.125, 1.75],
					"texture": "#0"
				},
				"south": {
					"uv": [0, 0, 1.25, 1.75],
					"texture": "#0"
				},
				"west": {
					"uv": [0, 0, 2.125, 1.75],
					"texture": "#0"
				},
				"up": {
					"uv": [0, 0, 2.125, 1.25],
					"rotation": 90,
					"texture": "#0"
				},
				"down": {
					"uv": [0, 0, 2.125, 1.25],
					"rotation": 270,
					"texture": "#0"
				}
			}
		},
		{
			"from": [7, 7.25, 12.75],
			"to": [9, 9.25, 13],
			"rotation": {
				"angle": 0,
				"axis": "y",
				"origin": [7.5, 7.75, 12.75]
			},
			"faces": {
				"north": {
					"uv": [10.5, 11, 12.5, 13],
					"texture": "#0"
				},
				"east": {
					"uv": [10.5, 11, 11.625, 13],
					"texture": "#0"
				},
				"south": {
					"uv": [10.5, 11, 12.5, 13],
					"texture": "#0"
				},
				"west": {
					"uv": [10.5, 11, 11.625, 13],
					"texture": "#0"
				},
				"up": {
					"uv": [10.5, 11, 12.5, 12.125],
					"texture": "#0"
				},
				"down": {
					"uv": [10.5, 11, 12.5, 12.125],
					"texture": "#0"
				}
			}
		}
	]
}