{
	"model": {
		"type": "minecraft:select",
		"property": "minecraft:custom_model_data",
		"cases": [
			{
				"when": "AJ_INTERNAL_EMPTY",
				"model": {
					"type": "minecraft:model",
					"model": "animated_java:empty"
				}
			},
			{
				"when": "invisible_1",
				"model": {
					"type": "minecraft:model",
					"model": "animated_java:blueprint/jack_model/invisible_1/finger_3",
					"tints": [
						{"type": "minecraft:dye", "default": [1, 1, 1]}
					]
				}
			},
			{
				"when": "invisible_2",
				"model": {
					"type": "minecraft:model",
					"model": "animated_java:blueprint/jack_model/invisible_2/finger_3",
					"tints": [
						{"type": "minecraft:dye", "default": [1, 1, 1]}
					]
				}
			},
			{
				"when": "invisible_3",
				"model": {
					"type": "minecraft:model",
					"model": "animated_java:blueprint/jack_model/invisible_3/finger_3",
					"tints": [
						{"type": "minecraft:dye", "default": [1, 1, 1]}
					]
				}
			},
			{
				"when": "invisible_4",
				"model": {
					"type": "minecraft:model",
					"model": "animated_java:blueprint/jack_model/invisible_4/finger_3",
					"tints": [
						{"type": "minecraft:dye", "default": [1, 1, 1]}
					]
				}
			},
			{
				"when": "invisible_5",
				"model": {
					"type": "minecraft:model",
					"model": "animated_java:blueprint/jack_model/invisible_5/finger_3",
					"tints": [
						{"type": "minecraft:dye", "default": [1, 1, 1]}
					]
				}
			},
			{
				"when": "invisible",
				"model": {
					"type": "minecraft:model",
					"model": "animated_java:blueprint/jack_model/invisible/finger_3",
					"tints": [
						{"type": "minecraft:dye", "default": [1, 1, 1]}
					]
				}
			}
		],
		"fallback": {
			"type": "minecraft:model",
			"model": "animated_java:blueprint/jack_model/finger_3",
			"tints": [
				{"type": "minecraft:dye", "default": [1, 1, 1]}
			]
		}
	}
}