{
	"textures": {
		"0": "animated_java:blueprint/survivor_model/steve",
		"particle": "minecraft:item/pufferfish"
	},
	"display": {
		"head": {
			"rotation": [0, 180, 0]
		}
	},
	"elements": [
		{
			"from": [4, 4, 6],
			"to": [8, 10, 10],
			"rotation": {
				"angle": 0,
				"axis": "y",
				"origin": [6, 7, 8]
			},
			"faces": {
				"north": {
					"uv": [9, 13, 10, 14.5],
					"texture": "#0"
				},
				"east": {
					"uv": [8, 13, 9, 14.5],
					"texture": "#0"
				},
				"south": {
					"uv": [11, 13, 12, 14.5],
					"texture": "#0"
				},
				"west": {
					"uv": [10, 13, 11, 14.5],
					"texture": "#0"
				},
				"up": {
					"uv": [9, 12, 10, 13],
					"texture": "#0"
				},
				"down": {
					"uv": [10, 12, 11, 13],
					"texture": "#0"
				}
			}
		},
		{
			"from": [4.5, 2.75, 6.75],
			"to": [7.5, 5.25, 9.25],
			"rotation": {
				"angle": 45,
				"axis": "x",
				"origin": [6, 4, 8]
			},
			"faces": {
				"north": {
					"uv": [11, 5, 12, 6.5],
					"texture": "#0"
				},
				"east": {
					"uv": [10, 5, 11, 6.5],
					"texture": "#0"
				},
				"south": {
					"uv": [13, 5, 14, 6.5],
					"texture": "#0"
				},
				"west": {
					"uv": [10, 13, 11, 14.5],
					"texture": "#0"
				},
				"up": {
					"uv": [11, 4, 12, 5],
					"texture": "#0"
				},
				"down": {
					"uv": [12, 4, 13, 5],
					"texture": "#0"
				}
			}
		}
	]
}