{
	"textures": {
		"0": "animated_java:blueprint/survivor_model/steve",
		"particle": "minecraft:item/pufferfish"
	},
	"display": {
		"head": {
			"rotation": [0, 180, 0]
		}
	},
	"elements": [
		{
			"from": [6, 2, 6],
			"to": [10, 8, 10],
			"rotation": {
				"angle": 0,
				"axis": "y",
				"origin": [8, 5, 8]
			},
			"faces": {
				"north": {
					"uv": [11, 6.5, 12, 8],
					"texture": "#0"
				},
				"east": {
					"uv": [10, 6.5, 11, 8],
					"texture": "#0"
				},
				"south": {
					"uv": [13, 6.5, 14, 8],
					"texture": "#0"
				},
				"west": {
					"uv": [10, 14.5, 11, 16],
					"texture": "#0"
				},
				"up": {
					"uv": [12, 4, 13, 5],
					"texture": "#0"
				},
				"down": {
					"uv": [12, 4, 13, 5],
					"texture": "#0"
				}
			}
		}
	]
}