{
	"textures": {
		"0": "animated_java:blueprint/survivor_model/steve",
		"particle": "minecraft:item/pufferfish"
	},
	"display": {
		"head": {
			"rotation": [0, 180, 0]
		}
	},
	"elements": [
		{
			"from": [4, 2, 6],
			"to": [12, 8, 10],
			"rotation": {
				"angle": 0,
				"axis": "y",
				"origin": [8, 5, 8]
			},
			"faces": {
				"north": {
					"uv": [5, 6.5, 7, 8],
					"texture": "#0"
				},
				"east": {
					"uv": [4, 6.25, 5, 8],
					"texture": "#0"
				},
				"south": {
					"uv": [8, 6.25, 10, 8],
					"texture": "#0"
				},
				"west": {
					"uv": [7, 6.25, 8, 8],
					"texture": "#0"
				},
				"up": {
					"uv": [5, 4, 6.75, 5],
					"texture": "#0"
				},
				"down": {
					"uv": [7, 4, 9, 5],
					"texture": "#0"
				}
			}
		}
	]
}