{
	"textures": {
		"0": "animated_java:blueprint/survivor_model/steve",
		"particle": "minecraft:item/pufferfish"
	},
	"display": {
		"head": {
			"rotation": [0, 180, 0]
		}
	},
	"elements": [
		{
			"from": [4, 8, 4],
			"to": [12, 16, 12],
			"rotation": {
				"angle": 0,
				"axis": "y",
				"origin": [8, 8, 8]
			},
			"faces": {
				"north": {
					"uv": [2, 2, 4, 4],
					"texture": "#0"
				},
				"east": {
					"uv": [0, 2, 2, 4],
					"texture": "#0"
				},
				"south": {
					"uv": [6, 2, 8, 4],
					"texture": "#0"
				},
				"west": {
					"uv": [4, 2, 5.75, 4],
					"texture": "#0"
				},
				"up": {
					"uv": [2, 0, 4, 2],
					"rotation": 180,
					"texture": "#0"
				},
				"down": {
					"uv": [4, 0, 6, 2],
					"texture": "#0"
				}
			}
		},
		{
			"from": [4, 8, 3.9],
			"to": [12, 16, 3.9],
			"rotation": {
				"angle": 0,
				"axis": "y",
				"origin": [11, 8, 3.4]
			},
			"faces": {
				"north": {
					"uv": [14, 0, 16, 2],
					"texture": "#0"
				},
				"east": {
					"uv": [0, 0, 0, 8],
					"texture": "#0"
				},
				"south": {
					"uv": [1.75, 0, 0, 1.75],
					"texture": "#0"
				},
				"west": {
					"uv": [0, 0, 0, 8],
					"texture": "#0"
				},
				"up": {
					"uv": [0, 0, 8, 0],
					"texture": "#0"
				},
				"down": {
					"uv": [0, 0, 8, 0],
					"texture": "#0"
				}
			}
		}
	]
}