{
	"textures": {
		"0": "animated_java:blueprint/puppet_model/puppet",
		"particle": "minecraft:item/pufferfish"
	},
	"display": {
		"head": {
			"rotation": [0, 180, 0]
		}
	},
	"elements": [
		{
			"from": [7.25, 5.25, 7.25],
			"to": [8.75, 6, 8.75],
			"rotation": {
				"angle": 0,
				"axis": "y",
				"origin": [7, -6, 6]
			},
			"faces": {
				"north": {
					"uv": [0, 0, 7.5, 16],
					"texture": "#0"
				},
				"east": {
					"uv": [7.5, 0, 0, 16],
					"texture": "#0"
				},
				"south": {
					"uv": [0, 0, 7.5, 16],
					"texture": "#0"
				},
				"west": {
					"uv": [7.5, 0, 0, 16],
					"texture": "#0"
				},
				"up": {
					"uv": [1.5, 1, 5.5, 5],
					"texture": "#0"
				},
				"down": {
					"uv": [0, 1.5, 4, 5.5],
					"texture": "#0"
				}
			}
		},
		{
			"from": [7, 6, 7],
			"to": [9, 11, 9],
			"rotation": {
				"angle": 0,
				"axis": "y",
				"origin": [7, -1, 6]
			},
			"faces": {
				"north": {
					"uv": [0, 0, 7.5, 16],
					"texture": "#0"
				},
				"east": {
					"uv": [7.5, 0, 0, 16],
					"texture": "#0"
				},
				"south": {
					"uv": [0, 0, 7.5, 16],
					"texture": "#0"
				},
				"west": {
					"uv": [7.5, 0, 0, 16],
					"texture": "#0"
				},
				"up": {
					"uv": [0, 0.5, 4, 4.5],
					"texture": "#0"
				},
				"down": {
					"uv": [0, 1, 4, 5],
					"texture": "#0"
				}
			}
		}
	]
}