{
	"textures": {
		"0": "animated_java:blueprint/puppet_model/puppet",
		"particle": "minecraft:item/pufferfish"
	},
	"display": {
		"head": {
			"rotation": [0, 180, 0]
		}
	},
	"elements": [
		{
			"from": [6.5, 9, 6.75],
			"to": [9.5, 11, 9.25],
			"rotation": {
				"angle": 0,
				"axis": "y",
				"origin": [4, -1, 5.5]
			},
			"faces": {
				"north": {
					"uv": [0, 0, 6, 14.83333],
					"texture": "#0"
				},
				"east": {
					"uv": [6.66667, 4, 7.66667, 15],
					"texture": "#0"
				},
				"south": {
					"uv": [0, 0, 3.33334, 15],
					"texture": "#0"
				},
				"west": {
					"uv": [5.33334, 0, 7.66667, 15],
					"texture": "#0"
				},
				"up": {
					"uv": [6.5, 0.5, 7.66667, 15],
					"texture": "#0"
				},
				"down": {
					"uv": [6.66667, 4.33333, 7.66667, 15],
					"texture": "#0"
				}
			}
		},
		{
			"from": [6.25, 5, 6.5],
			"to": [9.75, 9, 9.5],
			"rotation": {
				"angle": 0,
				"axis": "y",
				"origin": [4, -3, 5.5]
			},
			"faces": {
				"north": {
					"uv": [0, 0, 6, 14.83333],
					"texture": "#0"
				},
				"east": {
					"uv": [6.66667, 4, 7.66667, 15],
					"texture": "#0"
				},
				"south": {
					"uv": [0, 0, 3.33334, 15],
					"texture": "#0"
				},
				"west": {
					"uv": [5.33334, 0, 7.66667, 15],
					"texture": "#0"
				},
				"up": {
					"uv": [6.5, 0.5, 7.66667, 15],
					"texture": "#0"
				},
				"down": {
					"uv": [6.66667, 4.33333, 7.66667, 15],
					"texture": "#0"
				}
			}
		}
	]
}