{
	"textures": {
		"0": "animated_java:blueprint/puppet_model/puppet",
		"particle": "minecraft:item/pufferfish"
	},
	"display": {
		"head": {
			"rotation": [0, 180, 0]
		}
	},
	"elements": [
		{
			"from": [9, 8, 3.95],
			"to": [11, 10, 4],
			"rotation": {
				"angle": 0,
				"axis": "y",
				"origin": [9, 8, 2]
			},
			"faces": {
				"north": {
					"uv": [12.5, 0, 16, 13.00002],
					"texture": "#0"
				},
				"east": {
					"uv": [0, 0, 1, 1.99998],
					"texture": "#0"
				},
				"south": {
					"uv": [0, 0, 1, 1.99998],
					"texture": "#0"
				},
				"west": {
					"uv": [0, 0, 1, 1.99998],
					"texture": "#0"
				},
				"up": {
					"uv": [0, 0, 1, 0.04998],
					"texture": "#0"
				},
				"down": {
					"uv": [0, 0, 1, 0.04998],
					"texture": "#0"
				}
			}
		},
		{
			"from": [4, 5, 4],
			"to": [12, 12, 12],
			"rotation": {
				"angle": 0,
				"axis": "y",
				"origin": [4, 4, 4]
			},
			"faces": {
				"north": {
					"uv": [0, 0, 7.5, 16.00002],
					"texture": "#0"
				},
				"east": {
					"uv": [0, 0, 8, 16],
					"texture": "#0"
				},
				"south": {
					"uv": [0, 0, 7.5, 15.5],
					"texture": "#0"
				},
				"west": {
					"uv": [0, 0, 7.5, 16],
					"texture": "#0"
				},
				"up": {
					"uv": [0, 0, 4.5, 16],
					"rotation": 180,
					"texture": "#0"
				},
				"down": {
					"uv": [0, 16.00002, 7.5, 31.5],
					"rotation": 180,
					"texture": "#0"
				}
			}
		},
		{
			"from": [4, 4, 4],
			"to": [12, 4.8, 12],
			"rotation": {
				"angle": 0,
				"axis": "y",
				"origin": [4, -3, 4]
			},
			"faces": {
				"north": {
					"uv": [0, 0, 7.5, 16.00002],
					"texture": "#0"
				},
				"east": {
					"uv": [0, 0, 5.5, 15.5],
					"texture": "#0"
				},
				"south": {
					"uv": [0, 0, 2.5, 16],
					"texture": "#0"
				},
				"west": {
					"uv": [0, 0, 7.5, 16],
					"texture": "#0"
				},
				"up": {
					"uv": [0, 31.99998, 7.5, 47.50002],
					"rotation": 180,
					"texture": "#0"
				},
				"down": {
					"uv": [0, 0, 6.5, 16],
					"rotation": 180,
					"texture": "#0"
				}
			}
		},
		{
			"from": [8.5, 4.8, 4],
			"to": [12, 5, 12],
			"rotation": {
				"angle": 0,
				"axis": "y",
				"origin": [4, -2.8, 4]
			},
			"faces": {
				"north": {
					"uv": [0, 0, 3, 16.5],
					"texture": "#0"
				},
				"east": {
					"uv": [0, 0, 2.5, 16],
					"texture": "#0"
				},
				"south": {
					"uv": [0, 0, 2.5, 16],
					"texture": "#0"
				},
				"west": {
					"uv": [8.5, 42, 16, 58.00002],
					"texture": "#0"
				},
				"up": {
					"uv": [0, 31.99998, 7.5, 47.50002],
					"rotation": 180,
					"texture": "#0"
				},
				"down": {
					"uv": [0, 16.00002, 7.5, 31.5],
					"rotation": 180,
					"texture": "#0"
				}
			}
		},
		{
			"from": [4, 4.8, 4],
			"to": [7.5, 5, 12],
			"rotation": {
				"angle": 0,
				"axis": "y",
				"origin": [-0.5, -2.8, 4]
			},
			"faces": {
				"north": {
					"uv": [3.5, 0, 7.5, 16.00002],
					"texture": "#0"
				},
				"east": {
					"uv": [16, 66, 8.5, 81.99996],
					"texture": "#0"
				},
				"south": {
					"uv": [0, 0, 1.5, 16],
					"texture": "#0"
				},
				"west": {
					"uv": [0, 0, 7, 16],
					"texture": "#0"
				},
				"up": {
					"uv": [0, 31.99998, 7.5, 47.50002],
					"rotation": 180,
					"texture": "#0"
				},
				"down": {
					"uv": [0, 16.00002, 7.5, 31.5],
					"rotation": 180,
					"texture": "#0"
				}
			}
		},
		{
			"from": [7.5, 4.8, 4.25],
			"to": [8.5, 5, 12],
			"rotation": {
				"angle": 0,
				"axis": "y",
				"origin": [0.5, -2.8, 4]
			},
			"faces": {
				"north": {
					"uv": [12.5, 46.5, 16, 62.50002],
					"texture": "#0"
				},
				"east": {
					"uv": [7.5, 64.00002, 0, 79.99998],
					"texture": "#0"
				},
				"south": {
					"uv": [0, 0, 2, 16],
					"texture": "#0"
				},
				"west": {
					"uv": [0, 48, 7.5, 64.00002],
					"texture": "#0"
				},
				"up": {
					"uv": [0, 31.99998, 7.5, 47.50002],
					"rotation": 180,
					"texture": "#0"
				},
				"down": {
					"uv": [0, 16.00002, 7.5, 31.5],
					"rotation": 180,
					"texture": "#0"
				}
			}
		},
		{
			"from": [7.5, 6, 3],
			"to": [8.5, 8, 4],
			"rotation": {
				"angle": 22.5,
				"axis": "x",
				"origin": [7, 6, 3]
			},
			"faces": {
				"north": {
					"uv": [0, 0, 1, 1.99998],
					"texture": "#0"
				},
				"east": {
					"uv": [0, 0, 1, 1.99998],
					"texture": "#0"
				},
				"south": {
					"uv": [0, 0, 1, 1.99998],
					"texture": "#0"
				},
				"west": {
					"uv": [0, 0, 1, 1.99998],
					"texture": "#0"
				},
				"up": {
					"uv": [0, 0, 1, 1.00002],
					"texture": "#0"
				},
				"down": {
					"uv": [0, 0, 1, 1.00002],
					"texture": "#0"
				}
			}
		},
		{
			"from": [4, 7, 8.5],
			"to": [5, 9, 9.5],
			"rotation": {
				"angle": 22.5,
				"axis": "z",
				"origin": [4, 7, 10]
			},
			"faces": {
				"north": {
					"uv": [0, 0, 1, 1.99998],
					"texture": "#0"
				},
				"east": {
					"uv": [0, 0, 1, 1.99998],
					"texture": "#0"
				},
				"south": {
					"uv": [0, 0, 1, 1.99998],
					"texture": "#0"
				},
				"west": {
					"uv": [0, 0, 1, 1.99998],
					"texture": "#0"
				},
				"up": {
					"uv": [0, 0, 1, 1.00002],
					"rotation": 270,
					"texture": "#0"
				},
				"down": {
					"uv": [0, 0, 1, 1.00002],
					"rotation": 90,
					"texture": "#0"
				}
			}
		},
		{
			"from": [11, 7.35, 8.5],
			"to": [12, 9.35, 9.5],
			"rotation": {
				"angle": -22.5,
				"axis": "z",
				"origin": [11, 7.35, 10]
			},
			"faces": {
				"north": {
					"uv": [0, 0, 1, 1.99998],
					"texture": "#0"
				},
				"east": {
					"uv": [0, 0, 1, 1.99998],
					"texture": "#0"
				},
				"south": {
					"uv": [0, 0, 1, 1.99998],
					"texture": "#0"
				},
				"west": {
					"uv": [0, 0, 1, 1.99998],
					"texture": "#0"
				},
				"up": {
					"uv": [0, 0, 1, 1.00002],
					"rotation": 270,
					"texture": "#0"
				},
				"down": {
					"uv": [0, 0, 1, 1.00002],
					"rotation": 90,
					"texture": "#0"
				}
			}
		},
		{
			"from": [5, 8, 3.95],
			"to": [7, 10, 4],
			"rotation": {
				"angle": 0,
				"axis": "y",
				"origin": [5, 8, 2]
			},
			"faces": {
				"north": {
					"uv": [8, 0, 16, 9],
					"texture": "#0"
				},
				"east": {
					"uv": [0, 0, 1, 1.99998],
					"texture": "#0"
				},
				"south": {
					"uv": [0, 0, 1, 1.99998],
					"texture": "#0"
				},
				"west": {
					"uv": [0, 0, 1, 1.99998],
					"texture": "#0"
				},
				"up": {
					"uv": [0, 0, 1, 0.04998],
					"texture": "#0"
				},
				"down": {
					"uv": [0, 0, 1, 0.04998],
					"texture": "#0"
				}
			}
		}
	]
}