{
	"textures": {
		"0": "animated_java:blueprint/crow_model/crow",
		"particle": "minecraft:item/pufferfish"
	},
	"display": {
		"head": {
			"rotation": [0, 180, 0]
		}
	},
	"elements": [
		{
			"from": [8.05, 8, 8.25],
			"to": [8.95, 8.5, 9.5],
			"rotation": {
				"angle": 0,
				"axis": "y",
				"origin": [8.75, 8, 9]
			},
			"faces": {
				"north": {
					"uv": [1.73333, 2.66667, 0.83333, 3.16667],
					"texture": "#0"
				},
				"east": {
					"uv": [3.83333, 2.66667, 2.58333, 3.16667],
					"texture": "#0"
				},
				"south": {
					"uv": [1.73333, 2.66667, 0.83333, 3.16667],
					"texture": "#0"
				},
				"west": {
					"uv": [3.83333, 2.66667, 2.58333, 3.16667],
					"texture": "#0"
				},
				"up": {
					"uv": [1.73333, 2.66667, 0.83333, 3.91667],
					"texture": "#0"
				},
				"down": {
					"uv": [1.73333, 2.66667, 0.83333, 3.91667],
					"texture": "#0"
				}
			}
		},
		{
			"from": [8.2, 8.5, 8.7],
			"to": [8.8, 10.5, 9.3],
			"rotation": {
				"angle": 0,
				"axis": "y",
				"origin": [8.5, 8.5, 9]
			},
			"faces": {
				"north": {
					"uv": [3.2, 0, 2.6, 2],
					"texture": "#0"
				},
				"east": {
					"uv": [3.2, 0, 2.6, 2],
					"texture": "#0"
				},
				"south": {
					"uv": [3.2, 0, 2.6, 2],
					"texture": "#0"
				},
				"west": {
					"uv": [3.2, 0, 2.6, 2],
					"texture": "#0"
				},
				"up": {
					"uv": [3.2, 0, 2.6, 0.6],
					"texture": "#0"
				},
				"down": {
					"uv": [3.2, 0, 2.6, 0.6],
					"texture": "#0"
				}
			}
		},
		{
			"from": [8.25, 8, 7.25],
			"to": [8.75, 8.5, 8.25],
			"rotation": {
				"angle": 0,
				"axis": "y",
				"origin": [8.5, 8, 7.25]
			},
			"faces": {
				"north": {
					"uv": [1.5, 0, 2, 0.5],
					"texture": "#0"
				},
				"east": {
					"uv": [3.25, 0, 4.25, 0.5],
					"texture": "#0"
				},
				"south": {
					"uv": [1.5, 0, 2, 0.5],
					"texture": "#0"
				},
				"west": {
					"uv": [3.25, 0, 4.25, 0.5],
					"texture": "#0"
				},
				"up": {
					"uv": [1.5, 0, 2, 1],
					"texture": "#0"
				},
				"down": {
					"uv": [1.5, 0, 2, 1],
					"texture": "#0"
				}
			}
		},
		{
			"from": [7.2, 8.5, 8.7],
			"to": [7.8, 10.5, 9.3],
			"rotation": {
				"angle": 0,
				"axis": "y",
				"origin": [7.5, 8.5, 9]
			},
			"faces": {
				"north": {
					"uv": [2.6, 0, 3.2, 2],
					"texture": "#0"
				},
				"east": {
					"uv": [2.6, 0, 3.2, 2],
					"texture": "#0"
				},
				"south": {
					"uv": [2.6, 0, 3.2, 2],
					"texture": "#0"
				},
				"west": {
					"uv": [2.6, 0, 3.2, 2],
					"texture": "#0"
				},
				"up": {
					"uv": [2.6, 0, 3.2, 0.6],
					"texture": "#0"
				},
				"down": {
					"uv": [2.6, 0, 3.2, 0.6],
					"texture": "#0"
				}
			}
		},
		{
			"from": [7.25, 8, 7.25],
			"to": [7.75, 8.5, 8.25],
			"rotation": {
				"angle": 0,
				"axis": "y",
				"origin": [7.5, 8, 7.25]
			},
			"faces": {
				"north": {
					"uv": [2, 0, 1.5, 0.5],
					"texture": "#0"
				},
				"east": {
					"uv": [4.25, 0, 3.25, 0.5],
					"texture": "#0"
				},
				"south": {
					"uv": [2, 0, 1.5, 0.5],
					"texture": "#0"
				},
				"west": {
					"uv": [4.25, 0, 3.25, 0.5],
					"texture": "#0"
				},
				"up": {
					"uv": [2, 0, 1.5, 1],
					"texture": "#0"
				},
				"down": {
					"uv": [2, 0, 1.5, 1],
					"texture": "#0"
				}
			}
		},
		{
			"from": [7.05, 8, 8.25],
			"to": [7.95, 8.5, 9.5],
			"rotation": {
				"angle": 0,
				"axis": "y",
				"origin": [7.25, 8, 9]
			},
			"faces": {
				"north": {
					"uv": [0.83333, 2.66667, 1.73333, 3.16667],
					"texture": "#0"
				},
				"east": {
					"uv": [2.58333, 2.66667, 3.83333, 3.16667],
					"texture": "#0"
				},
				"south": {
					"uv": [0.83333, 2.66667, 1.73333, 3.16667],
					"texture": "#0"
				},
				"west": {
					"uv": [2.58333, 2.66667, 3.83333, 3.16667],
					"texture": "#0"
				},
				"up": {
					"uv": [0.83333, 2.66667, 1.73333, 3.91667],
					"texture": "#0"
				},
				"down": {
					"uv": [0.83333, 2.66667, 1.73333, 3.91667],
					"texture": "#0"
				}
			}
		},
		{
			"from": [6.75, 10.75, 5],
			"to": [9.25, 13.25, 9],
			"rotation": {
				"angle": 22.5,
				"axis": "x",
				"origin": [8, 10.5, 8]
			},
			"faces": {
				"north": {
					"uv": [0, 0, 2.5, 2.5],
					"texture": "#0"
				},
				"east": {
					"uv": [0, 0, 4, 2.5],
					"texture": "#0"
				},
				"south": {
					"uv": [0, 0, 2.5, 2.5],
					"texture": "#0"
				},
				"west": {
					"uv": [0, 0, 4, 2.5],
					"texture": "#0"
				},
				"up": {
					"uv": [0, 0, 2.5, 4],
					"texture": "#0"
				},
				"down": {
					"uv": [0, 0, 2.5, 4],
					"texture": "#0"
				}
			}
		},
		{
			"from": [7, 10.5, 4.9],
			"to": [9, 10.75, 8.4],
			"rotation": {
				"angle": 22.5,
				"axis": "x",
				"origin": [8, 10.25, 7.9]
			},
			"faces": {
				"north": {
					"uv": [0, 0, 2, 0.25],
					"texture": "#0"
				},
				"east": {
					"uv": [0, 0, 3.5, 0.25],
					"texture": "#0"
				},
				"south": {
					"uv": [0, 0, 2, 0.25],
					"texture": "#0"
				},
				"west": {
					"uv": [0, 0, 3.5, 0.25],
					"texture": "#0"
				},
				"up": {
					"uv": [0, 0, 2, 3.5],
					"texture": "#0"
				},
				"down": {
					"uv": [0, 0, 2, 3.5],
					"texture": "#0"
				}
			}
		},
		{
			"from": [6.5, 11, 5],
			"to": [6.75, 13, 8.5],
			"rotation": {
				"angle": 22.5,
				"axis": "x",
				"origin": [7.75, 10.5, 8]
			},
			"faces": {
				"north": {
					"uv": [0, 0, 0.25, 2],
					"texture": "#0"
				},
				"east": {
					"uv": [0, 0, 3.5, 2],
					"texture": "#0"
				},
				"south": {
					"uv": [0, 0, 0.25, 2],
					"texture": "#0"
				},
				"west": {
					"uv": [0, 0, 3.5, 2],
					"texture": "#0"
				},
				"up": {
					"uv": [0, 0, 0.25, 3.5],
					"texture": "#0"
				},
				"down": {
					"uv": [0, 0, 0.25, 3.5],
					"texture": "#0"
				}
			}
		},
		{
			"from": [7, 12.75, 3.275],
			"to": [9, 15, 5.275],
			"rotation": {
				"angle": 45,
				"axis": "x",
				"origin": [8, 12.25, 4.275]
			},
			"faces": {
				"north": {
					"uv": [0, 0, 2, 2.25],
					"texture": "#0"
				},
				"east": {
					"uv": [0, 0, 2, 2.25],
					"texture": "#0"
				},
				"south": {
					"uv": [0, 0, 2, 2.25],
					"texture": "#0"
				},
				"west": {
					"uv": [0, 0, 2, 2.25],
					"texture": "#0"
				},
				"up": {
					"uv": [0, 0, 2, 2],
					"texture": "#0"
				},
				"down": {
					"uv": [0, 0, 2, 2],
					"texture": "#0"
				}
			}
		},
		{
			"from": [9, 13, 3.525],
			"to": [9.25, 14.75, 5.275],
			"rotation": {
				"angle": 45,
				"axis": "x",
				"origin": [8.25, 12.25, 4.275]
			},
			"faces": {
				"north": {
					"uv": [0, 0, 0.25, 1.75],
					"texture": "#0"
				},
				"east": {
					"uv": [0, 0, 1.75, 1.75],
					"texture": "#0"
				},
				"south": {
					"uv": [0, 0, 0.25, 1.75],
					"texture": "#0"
				},
				"west": {
					"uv": [0, 0, 1.75, 1.75],
					"texture": "#0"
				},
				"up": {
					"uv": [0, 0, 0.25, 1.75],
					"texture": "#0"
				},
				"down": {
					"uv": [0, 0, 0.25, 1.75],
					"texture": "#0"
				}
			}
		},
		{
			"from": [6.75, 13, 3.45],
			"to": [7, 14.75, 5.2],
			"rotation": {
				"angle": 45,
				"axis": "x",
				"origin": [6, 12.25, 4.2]
			},
			"faces": {
				"north": {
					"uv": [0, 0, 0.25, 1.75],
					"texture": "#0"
				},
				"east": {
					"uv": [0, 0, 1.75, 1.75],
					"texture": "#0"
				},
				"south": {
					"uv": [0, 0, 0.25, 1.75],
					"texture": "#0"
				},
				"west": {
					"uv": [0, 0, 1.75, 1.75],
					"texture": "#0"
				},
				"up": {
					"uv": [0, 0, 0.25, 1.75],
					"texture": "#0"
				},
				"down": {
					"uv": [0, 0, 0.25, 1.75],
					"texture": "#0"
				}
			}
		},
		{
			"from": [7.25, 13.25, 3.95],
			"to": [8.75, 15, 5.45],
			"rotation": {
				"angle": 0,
				"axis": "x",
				"origin": [8, 14.25, 2.95]
			},
			"faces": {
				"north": {
					"uv": [0, 0, 1.5, 1.75],
					"rotation": 180,
					"texture": "#0"
				},
				"east": {
					"uv": [0, 0, 1.75, 1.5],
					"rotation": 270,
					"texture": "#0"
				},
				"south": {
					"uv": [0, 0, 1.5, 1.75],
					"texture": "#0"
				},
				"west": {
					"uv": [0, 0, 1.75, 1.5],
					"rotation": 90,
					"texture": "#0"
				},
				"up": {
					"uv": [0, 0, 1.5, 1.5],
					"rotation": 180,
					"texture": "#0"
				},
				"down": {
					"uv": [0, 0, 1.5, 1.5],
					"texture": "#0"
				}
			}
		},
		{
			"from": [7.5, 15, 3.95],
			"to": [8.5, 15.15, 5.2],
			"rotation": {
				"angle": 0,
				"axis": "x",
				"origin": [8, 14.5, 2.95]
			},
			"faces": {
				"north": {
					"uv": [0, 0, 1, 0.15],
					"rotation": 180,
					"texture": "#0"
				},
				"east": {
					"uv": [0, 0, 0.15, 1.25],
					"rotation": 270,
					"texture": "#0"
				},
				"south": {
					"uv": [0, 0, 1, 0.15],
					"texture": "#0"
				},
				"west": {
					"uv": [0, 0, 0.15, 1.25],
					"rotation": 90,
					"texture": "#0"
				},
				"up": {
					"uv": [0, 0, 1, 1.25],
					"rotation": 180,
					"texture": "#0"
				},
				"down": {
					"uv": [0, 0, 1, 1.25],
					"texture": "#0"
				}
			}
		},
		{
			"from": [7.5, 13.25, 3.425],
			"to": [8.5, 14, 3.95],
			"rotation": {
				"angle": 0,
				"axis": "x",
				"origin": [8, 14.25, 2.45]
			},
			"faces": {
				"north": {
					"uv": [0, 0, 1, 0.75],
					"rotation": 180,
					"texture": "#0"
				},
				"east": {
					"uv": [0, 0, 0.75, 0.525],
					"rotation": 270,
					"texture": "#0"
				},
				"south": {
					"uv": [0, 0, 1, 0.75],
					"texture": "#0"
				},
				"west": {
					"uv": [0, 0, 0.75, 0.525],
					"rotation": 90,
					"texture": "#0"
				},
				"up": {
					"uv": [0, 0, 1, 0.525],
					"rotation": 180,
					"texture": "#0"
				},
				"down": {
					"uv": [0, 0, 1, 0.525],
					"texture": "#0"
				}
			}
		},
		{
			"from": [7.6, 14, 3.575],
			"to": [8.4, 15, 3.95],
			"rotation": {
				"angle": 0,
				"axis": "x",
				"origin": [8, 15.25, 2.45]
			},
			"faces": {
				"north": {
					"uv": [0, 0, 0.8, 1],
					"rotation": 180,
					"texture": "#0"
				},
				"east": {
					"uv": [0, 0, 1, 0.375],
					"rotation": 270,
					"texture": "#0"
				},
				"south": {
					"uv": [0, 0, 0.8, 1],
					"texture": "#0"
				},
				"west": {
					"uv": [0, 0, 1, 0.375],
					"rotation": 90,
					"texture": "#0"
				},
				"up": {
					"uv": [0, 0, 0.8, 0.375],
					"rotation": 180,
					"texture": "#0"
				},
				"down": {
					"uv": [0, 0, 0.8, 0.375],
					"texture": "#0"
				}
			}
		},
		{
			"from": [8.3, 13.25, 3.875],
			"to": [8.8, 15, 4.375],
			"rotation": {
				"angle": -45,
				"axis": "y",
				"origin": [8.3, 14.25, 2.875]
			},
			"faces": {
				"north": {
					"uv": [0, 0, 0.5, 1.75],
					"rotation": 180,
					"texture": "#0"
				},
				"east": {
					"uv": [0, 0, 1.75, 0.5],
					"rotation": 270,
					"texture": "#0"
				},
				"south": {
					"uv": [0, 0, 0.5, 1.75],
					"texture": "#0"
				},
				"west": {
					"uv": [0, 0, 1.75, 0.5],
					"rotation": 90,
					"texture": "#0"
				},
				"up": {
					"uv": [0, 0, 0.5, 0.5],
					"rotation": 180,
					"texture": "#0"
				},
				"down": {
					"uv": [0, 0, 0.5, 0.5],
					"texture": "#0"
				}
			}
		},
		{
			"from": [8.325, 14.35, 3.85],
			"to": [8.375, 14.65, 4.15],
			"rotation": {
				"angle": -45,
				"axis": "y",
				"origin": [8.175, 14.25, 2.75]
			},
			"faces": {
				"north": {
					"uv": [6.66667, 2, 8.05, 3.63333],
					"rotation": 180,
					"texture": "#0"
				},
				"east": {
					"uv": [6.66667, 2, 8.3, 3.63333],
					"rotation": 270,
					"texture": "#0"
				},
				"south": {
					"uv": [6.66667, 2, 8.05, 3.63333],
					"texture": "#0"
				},
				"west": {
					"uv": [6.66667, 2, 8.3, 3.63333],
					"rotation": 90,
					"texture": "#0"
				},
				"up": {
					"uv": [6.66667, 2, 8.05, 3.63333],
					"rotation": 180,
					"texture": "#0"
				},
				"down": {
					"uv": [6.66667, 2, 8.05, 3.63333],
					"texture": "#0"
				}
			}
		},
		{
			"from": [7.5, 13.25, 2.95],
			"to": [8.5, 13.9, 3.45],
			"rotation": {
				"angle": 0,
				"axis": "x",
				"origin": [8, 14.25, 0.95]
			},
			"faces": {
				"north": {
					"uv": [13, 7.66667, 14, 8.31667],
					"rotation": 180,
					"texture": "#0"
				},
				"east": {
					"uv": [13, 7.66667, 13.65, 8.16667],
					"rotation": 270,
					"texture": "#0"
				},
				"south": {
					"uv": [13, 7.66667, 14, 8.31667],
					"texture": "#0"
				},
				"west": {
					"uv": [13, 7.66667, 13.65, 8.16667],
					"rotation": 90,
					"texture": "#0"
				},
				"up": {
					"uv": [13, 7.66667, 14, 8.16667],
					"rotation": 180,
					"texture": "#0"
				},
				"down": {
					"uv": [13, 7.66667, 14, 8.16667],
					"texture": "#0"
				}
			}
		},
		{
			"from": [7.5, 13.3, 2.85],
			"to": [8.5, 13.85, 2.95],
			"rotation": {
				"angle": 0,
				"axis": "x",
				"origin": [8, 14.25, 0.45]
			},
			"faces": {
				"north": {
					"uv": [13, 7.66667, 14, 8.21667],
					"rotation": 180,
					"texture": "#0"
				},
				"east": {
					"uv": [13, 7.66667, 13.55, 7.76667],
					"rotation": 270,
					"texture": "#0"
				},
				"south": {
					"uv": [13, 7.66667, 14, 8.21667],
					"texture": "#0"
				},
				"west": {
					"uv": [13, 7.66667, 13.55, 7.76667],
					"rotation": 90,
					"texture": "#0"
				},
				"up": {
					"uv": [13, 7.66667, 14, 7.76667],
					"rotation": 180,
					"texture": "#0"
				},
				"down": {
					"uv": [13, 7.66667, 14, 7.76667],
					"texture": "#0"
				}
			}
		},
		{
			"from": [7.5, 13.35, 2.75],
			"to": [8.5, 13.8, 2.85],
			"rotation": {
				"angle": 0,
				"axis": "x",
				"origin": [8, 14.25, 0.35]
			},
			"faces": {
				"north": {
					"uv": [13, 7.66667, 14, 8.11667],
					"rotation": 180,
					"texture": "#0"
				},
				"east": {
					"uv": [13, 7.66667, 13.45, 7.76667],
					"rotation": 270,
					"texture": "#0"
				},
				"south": {
					"uv": [13, 7.66667, 14, 8.11667],
					"texture": "#0"
				},
				"west": {
					"uv": [13, 7.66667, 13.45, 7.76667],
					"rotation": 90,
					"texture": "#0"
				},
				"up": {
					"uv": [13, 7.66667, 14, 7.76667],
					"rotation": 180,
					"texture": "#0"
				},
				"down": {
					"uv": [13, 7.66667, 14, 7.76667],
					"texture": "#0"
				}
			}
		},
		{
			"from": [7.5, 13.4, 2.625],
			"to": [8.5, 13.75, 2.75],
			"rotation": {
				"angle": 0,
				"axis": "x",
				"origin": [8, 14.25, 0.25]
			},
			"faces": {
				"north": {
					"uv": [13, 7.66667, 14, 8.01667],
					"rotation": 180,
					"texture": "#0"
				},
				"east": {
					"uv": [13, 7.66667, 13.35, 7.79167],
					"rotation": 270,
					"texture": "#0"
				},
				"south": {
					"uv": [13, 7.66667, 14, 8.01667],
					"texture": "#0"
				},
				"west": {
					"uv": [13, 7.66667, 13.35, 7.79167],
					"rotation": 90,
					"texture": "#0"
				},
				"up": {
					"uv": [13, 7.66667, 14, 7.79167],
					"rotation": 180,
					"texture": "#0"
				},
				"down": {
					"uv": [13, 7.66667, 14, 7.79167],
					"texture": "#0"
				}
			}
		},
		{
			"from": [7.5, 13.45, 2.5],
			"to": [8.5, 13.7, 2.625],
			"rotation": {
				"angle": 0,
				"axis": "x",
				"origin": [8, 14.25, 0.125]
			},
			"faces": {
				"north": {
					"uv": [13, 7.66667, 14, 7.91667],
					"rotation": 180,
					"texture": "#0"
				},
				"east": {
					"uv": [13, 7.66667, 13.25, 7.79167],
					"rotation": 270,
					"texture": "#0"
				},
				"south": {
					"uv": [13, 7.66667, 14, 7.91667],
					"texture": "#0"
				},
				"west": {
					"uv": [13, 7.66667, 13.25, 7.79167],
					"rotation": 90,
					"texture": "#0"
				},
				"up": {
					"uv": [13, 7.66667, 14, 7.79167],
					"rotation": 180,
					"texture": "#0"
				},
				"down": {
					"uv": [13, 7.66667, 14, 7.79167],
					"texture": "#0"
				}
			}
		},
		{
			"from": [7.5, 13.5, 2.375],
			"to": [8.5, 13.65, 2.5],
			"rotation": {
				"angle": 0,
				"axis": "x",
				"origin": [8, 14.25, 0]
			},
			"faces": {
				"north": {
					"uv": [13, 7.66667, 14, 7.81667],
					"rotation": 180,
					"texture": "#0"
				},
				"east": {
					"uv": [13, 7.66667, 13.15, 7.79167],
					"rotation": 270,
					"texture": "#0"
				},
				"south": {
					"uv": [13, 7.66667, 14, 7.81667],
					"texture": "#0"
				},
				"west": {
					"uv": [13, 7.66667, 13.15, 7.79167],
					"rotation": 90,
					"texture": "#0"
				},
				"up": {
					"uv": [13, 7.66667, 14, 7.79167],
					"rotation": 180,
					"texture": "#0"
				},
				"down": {
					"uv": [13, 7.66667, 14, 7.79167],
					"texture": "#0"
				}
			}
		},
		{
			"from": [7.5, 13.55, 2.3],
			"to": [8.5, 13.6, 2.375],
			"rotation": {
				"angle": 0,
				"axis": "x",
				"origin": [8, 14.25, -0.125]
			},
			"faces": {
				"north": {
					"uv": [13, 7.66667, 14, 7.71667],
					"rotation": 180,
					"texture": "#0"
				},
				"east": {
					"uv": [13, 7.66667, 13.05, 7.74167],
					"rotation": 270,
					"texture": "#0"
				},
				"south": {
					"uv": [13, 7.66667, 14, 7.71667],
					"texture": "#0"
				},
				"west": {
					"uv": [13, 7.66667, 13.05, 7.74167],
					"rotation": 90,
					"texture": "#0"
				},
				"up": {
					"uv": [13, 7.66667, 14, 7.74167],
					"rotation": 180,
					"texture": "#0"
				},
				"down": {
					"uv": [13, 7.66667, 14, 7.74167],
					"texture": "#0"
				}
			}
		},
		{
			"from": [7.5, 13.5, 1.45],
			"to": [8.5, 13.55, 2.225],
			"rotation": {
				"angle": -22.5,
				"axis": "x",
				"origin": [8.7, 15.55, 1.725]
			},
			"faces": {
				"north": {
					"uv": [13, 7.66667, 14, 7.71667],
					"rotation": 180,
					"texture": "#0"
				},
				"east": {
					"uv": [13, 7.66667, 13.775, 7.71667],
					"rotation": 180,
					"texture": "#0"
				},
				"south": {
					"uv": [13, 7.66667, 14, 7.71667],
					"rotation": 180,
					"texture": "#0"
				},
				"west": {
					"uv": [13, 7.66667, 13.775, 7.71667],
					"rotation": 180,
					"texture": "#0"
				},
				"up": {
					"uv": [13, 7.66667, 13.775, 8.66667],
					"rotation": 270,
					"texture": "#0"
				},
				"down": {
					"uv": [13, 7.66667, 13.775, 8.66667],
					"rotation": 90,
					"texture": "#0"
				}
			}
		},
		{
			"from": [7.5, 13.275, 3.075],
			"to": [8.5, 13.325, 3.85],
			"rotation": {
				"angle": 22.5,
				"axis": "x",
				"origin": [8.7, 15.525, 3.35]
			},
			"faces": {
				"north": {
					"uv": [13, 7.66667, 14, 7.71667],
					"rotation": 180,
					"texture": "#0"
				},
				"east": {
					"uv": [13, 7.66667, 13.775, 7.71667],
					"rotation": 180,
					"texture": "#0"
				},
				"south": {
					"uv": [13, 7.66667, 14, 7.71667],
					"rotation": 180,
					"texture": "#0"
				},
				"west": {
					"uv": [13, 7.66667, 13.775, 7.71667],
					"rotation": 180,
					"texture": "#0"
				},
				"up": {
					"uv": [13, 7.66667, 13.775, 8.66667],
					"rotation": 270,
					"texture": "#0"
				},
				"down": {
					"uv": [13, 7.66667, 13.775, 8.66667],
					"rotation": 90,
					"texture": "#0"
				}
			}
		},
		{
			"from": [7.25, 11.75, 9.5],
			"to": [8.75, 12.25, 11.5],
			"rotation": {
				"angle": 0,
				"axis": "x",
				"origin": [8, 11.5, 12.5]
			},
			"faces": {
				"north": {
					"uv": [0, 0, 1.5, 0.5],
					"texture": "#0"
				},
				"east": {
					"uv": [0, 0, 2, 0.5],
					"texture": "#0"
				},
				"south": {
					"uv": [0, 0, 1.5, 0.5],
					"texture": "#0"
				},
				"west": {
					"uv": [0, 0, 2, 0.5],
					"texture": "#0"
				},
				"up": {
					"uv": [0, 0, 1.5, 2],
					"texture": "#0"
				},
				"down": {
					"uv": [0, 0, 1.5, 2],
					"texture": "#0"
				}
			}
		},
		{
			"from": [6.1, 11.75, 9.7],
			"to": [6.85, 12.25, 14.45],
			"rotation": {
				"angle": -22.5,
				"axis": "y",
				"origin": [6.85, 11.5, 12.7]
			},
			"faces": {
				"north": {
					"uv": [0, 0, 0.75, 0.5],
					"texture": "#0"
				},
				"east": {
					"uv": [0, 0, 4.75, 0.5],
					"texture": "#0"
				},
				"south": {
					"uv": [0, 0, 0.75, 0.5],
					"texture": "#0"
				},
				"west": {
					"uv": [0, 0, 4.75, 0.5],
					"texture": "#0"
				},
				"up": {
					"uv": [0, 0, 0.75, 4.75],
					"texture": "#0"
				},
				"down": {
					"uv": [0, 0, 0.75, 4.75],
					"texture": "#0"
				}
			}
		},
		{
			"from": [6.75, 11.75, 11.5],
			"to": [9.25, 12.25, 14.5],
			"rotation": {
				"angle": 0,
				"axis": "x",
				"origin": [8, 11.5, 14.5]
			},
			"faces": {
				"north": {
					"uv": [0, 0, 2.5, 0.5],
					"texture": "#0"
				},
				"east": {
					"uv": [0, 0, 3, 0.5],
					"texture": "#0"
				},
				"south": {
					"uv": [0, 0, 2.5, 0.5],
					"texture": "#0"
				},
				"west": {
					"uv": [0, 0, 3, 0.5],
					"texture": "#0"
				},
				"up": {
					"uv": [0, 0, 2.5, 3],
					"texture": "#0"
				},
				"down": {
					"uv": [0, 0, 2.5, 3],
					"texture": "#0"
				}
			}
		},
		{
			"from": [6, 11.75, 13],
			"to": [6.75, 12.25, 14.5],
			"rotation": {
				"angle": 0,
				"axis": "x",
				"origin": [7, 11.5, 14.5]
			},
			"faces": {
				"north": {
					"uv": [0, 0, 0.75, 0.5],
					"texture": "#0"
				},
				"east": {
					"uv": [0, 0, 1.5, 0.5],
					"texture": "#0"
				},
				"south": {
					"uv": [0, 0, 0.75, 0.5],
					"texture": "#0"
				},
				"west": {
					"uv": [0, 0, 1.5, 0.5],
					"texture": "#0"
				},
				"up": {
					"uv": [0, 0, 0.75, 1.5],
					"texture": "#0"
				},
				"down": {
					"uv": [0, 0, 0.75, 1.5],
					"texture": "#0"
				}
			}
		},
		{
			"from": [9.15, 11.75, 9.7],
			"to": [9.9, 12.25, 14.45],
			"rotation": {
				"angle": 22.5,
				"axis": "y",
				"origin": [9.15, 11.5, 12.7]
			},
			"faces": {
				"north": {
					"uv": [0.75, 0, 1.5, 0.5],
					"texture": "#0"
				},
				"east": {
					"uv": [0, 0.66667, 4.75, 1.16667],
					"texture": "#0"
				},
				"south": {
					"uv": [0.75, 0, 1.5, 0.5],
					"texture": "#0"
				},
				"west": {
					"uv": [0, 0.66667, 4.75, 1.16667],
					"texture": "#0"
				},
				"up": {
					"uv": [0.75, 0, 1.5, 4.75],
					"texture": "#0"
				},
				"down": {
					"uv": [0.75, 0, 1.5, 4.75],
					"texture": "#0"
				}
			}
		},
		{
			"from": [9.25, 11.75, 13],
			"to": [10, 12.25, 14.5],
			"rotation": {
				"angle": 0,
				"axis": "x",
				"origin": [9, 11.5, 14.5]
			},
			"faces": {
				"north": {
					"uv": [0.75, 0, 1.5, 0.5],
					"texture": "#0"
				},
				"east": {
					"uv": [1.5, 0, 3, 0.5],
					"texture": "#0"
				},
				"south": {
					"uv": [0.75, 0, 1.5, 0.5],
					"texture": "#0"
				},
				"west": {
					"uv": [1.5, 0, 3, 0.5],
					"texture": "#0"
				},
				"up": {
					"uv": [0.75, 0, 1.5, 1.5],
					"texture": "#0"
				},
				"down": {
					"uv": [0.75, 0, 1.5, 1.5],
					"texture": "#0"
				}
			}
		},
		{
			"from": [9.25, 11, 5],
			"to": [9.5, 13, 8.5],
			"rotation": {
				"angle": 22.5,
				"axis": "x",
				"origin": [8.25, 10.5, 8]
			},
			"faces": {
				"north": {
					"uv": [0.25, 0, 0.5, 2],
					"texture": "#0"
				},
				"east": {
					"uv": [0, 3.33333, 3.5, 5.33333],
					"texture": "#0"
				},
				"south": {
					"uv": [0.25, 0, 0.5, 2],
					"texture": "#0"
				},
				"west": {
					"uv": [0, 3.33333, 3.5, 5.33333],
					"texture": "#0"
				},
				"up": {
					"uv": [0.25, 0, 0.5, 3.5],
					"texture": "#0"
				},
				"down": {
					"uv": [0.25, 0, 0.5, 3.5],
					"texture": "#0"
				}
			}
		},
		{
			"from": [7.2, 13.25, 3.875],
			"to": [7.7, 15, 4.375],
			"rotation": {
				"angle": 45,
				"axis": "y",
				"origin": [7.7, 14.25, 2.875]
			},
			"faces": {
				"north": {
					"uv": [0.5, 0, 0, 1.75],
					"rotation": 180,
					"texture": "#0"
				},
				"east": {
					"uv": [0, 0.5, 1.75, 0],
					"rotation": 90,
					"texture": "#0"
				},
				"south": {
					"uv": [0.5, 0, 0, 1.75],
					"texture": "#0"
				},
				"west": {
					"uv": [0, 0.5, 1.75, 0],
					"rotation": 270,
					"texture": "#0"
				},
				"up": {
					"uv": [0.5, 0, 0, 0.5],
					"rotation": 180,
					"texture": "#0"
				},
				"down": {
					"uv": [0.5, 0, 0, 0.5],
					"texture": "#0"
				}
			}
		},
		{
			"from": [7.625, 14.35, 3.85],
			"to": [7.675, 14.65, 4.15],
			"rotation": {
				"angle": 45,
				"axis": "y",
				"origin": [7.825, 14.25, 2.75]
			},
			"faces": {
				"north": {
					"uv": [7.38333, 3.33333, 7.33333, 3.63333],
					"rotation": 180,
					"texture": "#0"
				},
				"east": {
					"uv": [7.33333, 3.63333, 7.63333, 3.33333],
					"rotation": 90,
					"texture": "#0"
				},
				"south": {
					"uv": [7.38333, 3.33333, 7.33333, 3.63333],
					"texture": "#0"
				},
				"west": {
					"uv": [7.33333, 3.63333, 7.63333, 3.33333],
					"rotation": 270,
					"texture": "#0"
				},
				"up": {
					"uv": [7.38333, 3.33333, 7.33333, 3.63333],
					"rotation": 180,
					"texture": "#0"
				},
				"down": {
					"uv": [7.38333, 3.33333, 7.33333, 3.63333],
					"texture": "#0"
				}
			}
		}
	]
}