{
	"textures": {
		"0": "animated_java:blueprint/crow_model/crow",
		"particle": "minecraft:item/pufferfish"
	},
	"display": {
		"head": {
			"rotation": [0, 180, 0]
		}
	},
	"elements": [
		{
			"from": [8, 6.675, 8],
			"to": [8.25, 6.925, 11],
			"rotation": {
				"angle": 22.5,
				"axis": "x",
				"origin": [9, 6.425, 8]
			},
			"faces": {
				"north": {
					"uv": [0.25, 0, 0, 0.25],
					"texture": "#0"
				},
				"east": {
					"uv": [3, 0, 0, 0.25],
					"texture": "#0"
				},
				"south": {
					"uv": [0.25, 0, 0, 0.25],
					"texture": "#0"
				},
				"west": {
					"uv": [3, 0, 0, 0.25],
					"texture": "#0"
				},
				"up": {
					"uv": [0.25, 0, 0, 3],
					"texture": "#0"
				},
				"down": {
					"uv": [0.25, 0, 0, 3],
					"texture": "#0"
				}
			}
		},
		{
			"from": [8.25, 8.5, 8.75],
			"to": [8.5, 8.75, 12.25],
			"rotation": {
				"angle": 22.5,
				"axis": "x",
				"origin": [9, 8, 8.75]
			},
			"faces": {
				"north": {
					"uv": [0.25, 0, 0, 0.25],
					"texture": "#0"
				},
				"east": {
					"uv": [3.5, 0, 0, 0.25],
					"texture": "#0"
				},
				"south": {
					"uv": [0.25, 0, 0, 0.25],
					"texture": "#0"
				},
				"west": {
					"uv": [3.5, 0, 0, 0.25],
					"texture": "#0"
				},
				"up": {
					"uv": [0.25, 0, 0, 3.5],
					"texture": "#0"
				},
				"down": {
					"uv": [0.25, 0, 0, 3.5],
					"texture": "#0"
				}
			}
		},
		{
			"from": [8, 8.5, 8.25],
			"to": [8.25, 9, 12.5],
			"rotation": {
				"angle": 22.5,
				"axis": "x",
				"origin": [9, 8, 8.75]
			},
			"faces": {
				"north": {
					"uv": [0.25, 0, 0, 0.5],
					"texture": "#0"
				},
				"east": {
					"uv": [4.25, 0, 0, 0.5],
					"texture": "#0"
				},
				"south": {
					"uv": [0.25, 0, 0, 0.5],
					"texture": "#0"
				},
				"west": {
					"uv": [4.25, 0, 0, 0.5],
					"texture": "#0"
				},
				"up": {
					"uv": [0.25, 0, 0, 4.25],
					"texture": "#0"
				},
				"down": {
					"uv": [0.25, 0, 0, 4.25],
					"texture": "#0"
				}
			}
		},
		{
			"from": [8, 6.925, 7.5],
			"to": [8.25, 7.425, 11.75],
			"rotation": {
				"angle": 22.5,
				"axis": "x",
				"origin": [9, 6.425, 8]
			},
			"faces": {
				"north": {
					"uv": [0.25, 0, 0, 0.5],
					"texture": "#0"
				},
				"east": {
					"uv": [4.25, 0, 0, 0.5],
					"texture": "#0"
				},
				"south": {
					"uv": [0.25, 0, 0, 0.5],
					"texture": "#0"
				},
				"west": {
					"uv": [4.25, 0, 0, 0.5],
					"texture": "#0"
				},
				"up": {
					"uv": [0.25, 0, 0, 4.25],
					"texture": "#0"
				},
				"down": {
					"uv": [0.25, 0, 0, 4.25],
					"texture": "#0"
				}
			}
		},
		{
			"from": [8, 7.25, 7.75],
			"to": [8.25, 8.5, 13.75],
			"rotation": {
				"angle": 22.5,
				"axis": "x",
				"origin": [9, 8, 8.75]
			},
			"faces": {
				"north": {
					"uv": [0.25, 0, 0, 1.25],
					"texture": "#0"
				},
				"east": {
					"uv": [3.33333, 1.66667, 0, 8.25],
					"texture": "#0"
				},
				"south": {
					"uv": [0.25, 0, 0, 1.25],
					"texture": "#0"
				},
				"west": {
					"uv": [3.33333, 1.66667, 0, 8.25],
					"texture": "#0"
				},
				"up": {
					"uv": [0.25, 0, 0, 6],
					"texture": "#0"
				},
				"down": {
					"uv": [0.25, 0, 0, 6],
					"texture": "#0"
				}
			}
		},
		{
			"from": [8.25, 7.25, 8.25],
			"to": [8.5, 8.5, 13],
			"rotation": {
				"angle": 22.5,
				"axis": "x",
				"origin": [9, 8, 8.75]
			},
			"faces": {
				"north": {
					"uv": [0.25, 0, 0, 1.25],
					"texture": "#0"
				},
				"east": {
					"uv": [4.75, 0, 0, 1.25],
					"texture": "#0"
				},
				"south": {
					"uv": [0.25, 0, 0, 1.25],
					"texture": "#0"
				},
				"west": {
					"uv": [4.75, 0, 0, 1.25],
					"texture": "#0"
				},
				"up": {
					"uv": [0.25, 0, 0, 4.75],
					"texture": "#0"
				},
				"down": {
					"uv": [0.25, 0, 0, 4.75],
					"texture": "#0"
				}
			}
		},
		{
			"from": [8.25, 6.75, 8.75],
			"to": [8.5, 7.25, 12],
			"rotation": {
				"angle": 22.5,
				"axis": "x",
				"origin": [9, 8, 8.75]
			},
			"faces": {
				"north": {
					"uv": [0.25, 0, 0, 0.5],
					"texture": "#0"
				},
				"east": {
					"uv": [3.25, 0, 0, 0.5],
					"texture": "#0"
				},
				"south": {
					"uv": [0.25, 0, 0, 0.5],
					"texture": "#0"
				},
				"west": {
					"uv": [3.25, 0, 0, 0.5],
					"texture": "#0"
				},
				"up": {
					"uv": [0.25, 0, 0, 3.25],
					"texture": "#0"
				},
				"down": {
					"uv": [0.25, 0, 0, 3.25],
					"texture": "#0"
				}
			}
		}
	]
}