{
	"model": {
		"type": "minecraft:select",
		"property": "minecraft:custom_model_data",
		"cases": [
			{
				"when": "AJ_INTERNAL_EMPTY",
				"model": {
					"type": "minecraft:model",
					"model": "animated_java:empty"
				}
			},
			{
				"when": "doctor_model",
				"model": {
					"type": "minecraft:model",
					"model": "animated_java:blueprint/survivor_model/doctor_model/head",
					"tints": [
						{"type": "minecraft:dye", "default": [1, 1, 1]}
					]
				}
			},
			{
				"when": "luckyboy_model",
				"model": {
					"type": "minecraft:model",
					"model": "animated_java:blueprint/survivor_model/luckyboy_model/head",
					"tints": [
						{"type": "minecraft:dye", "default": [1, 1, 1]}
					]
				}
			},
			{
				"when": "mercenary_model",
				"model": {
					"type": "minecraft:model",
					"model": "animated_java:blueprint/survivor_model/mercenary_model/head",
					"tints": [
						{"type": "minecraft:dye", "default": [1, 1, 1]}
					]
				}
			},
			{
				"when": "gardener_model",
				"model": {
					"type": "minecraft:model",
					"model": "animated_java:blueprint/survivor_model/gardener_model/head",
					"tints": [
						{"type": "minecraft:dye", "default": [1, 1, 1]}
					]
				}
			},
			{
				"when": "lawyer_model",
				"model": {
					"type": "minecraft:model",
					"model": "animated_java:blueprint/survivor_model/lawyer_model/head",
					"tints": [
						{"type": "minecraft:dye", "default": [1, 1, 1]}
					]
				}
			},
			{
				"when": "thief_model",
				"model": {
					"type": "minecraft:model",
					"model": "animated_java:blueprint/survivor_model/thief_model/head",
					"tints": [
						{"type": "minecraft:dye", "default": [1, 1, 1]}
					]
				}
			},
			{
				"when": "magician_model",
				"model": {
					"type": "minecraft:model",
					"model": "animated_java:blueprint/survivor_model/magician_model/head",
					"tints": [
						{"type": "minecraft:dye", "default": [1, 1, 1]}
					]
				}
			},
			{
				"when": "airman_model",
				"model": {
					"type": "minecraft:model",
					"model": "animated_java:blueprint/survivor_model/airman_model/head",
					"tints": [
						{"type": "minecraft:dye", "default": [1, 1, 1]}
					]
				}
			},
			{
				"when": "adventurer_model",
				"model": {
					"type": "minecraft:model",
					"model": "animated_java:blueprint/survivor_model/adventurer_model/head",
					"tints": [
						{"type": "minecraft:dye", "default": [1, 1, 1]}
					]
				}
			},
			{
				"when": "machinist_model",
				"model": {
					"type": "minecraft:model",
					"model": "animated_java:blueprint/survivor_model/machinist_model/head",
					"tints": [
						{"type": "minecraft:dye", "default": [1, 1, 1]}
					]
				}
			},
			{
				"when": "blindgirl_model",
				"model": {
					"type": "minecraft:model",
					"model": "animated_java:blueprint/survivor_model/blindgirl_model/head",
					"tints": [
						{"type": "minecraft:dye", "default": [1, 1, 1]}
					]
				}
			},
			{
				"when": "striker_model",
				"model": {
					"type": "minecraft:model",
					"model": "animated_java:blueprint/survivor_model/striker_model/head",
					"tints": [
						{"type": "minecraft:dye", "default": [1, 1, 1]}
					]
				}
			},
			{
				"when": "priest_model",
				"model": {
					"type": "minecraft:model",
					"model": "animated_java:blueprint/survivor_model/priest_model/head",
					"tints": [
						{"type": "minecraft:dye", "default": [1, 1, 1]}
					]
				}
			}
		],
		"fallback": {
			"type": "minecraft:model",
			"model": "animated_java:blueprint/survivor_model/head",
			"tints": [
				{"type": "minecraft:dye", "default": [1, 1, 1]}
			]
		}
	}
}