{
	"textures": {
		"1": "animated_java:blueprint/deerhead_model/deerhead",
		"particle": "minecraft:item/pufferfish"
	},
	"display": {
		"head": {
			"rotation": [0, 180, 0]
		}
	},
	"elements": [
		{
			"from": [8, 3, 5.5],
			"to": [12.5, 11, 10.5],
			"rotation": {
				"angle": 0,
				"axis": "y",
				"origin": [12, 9, 7.5]
			},
			"faces": {
				"north": {
					"uv": [0, 0, 3.58333, 6.41667],
					"texture": "#1"
				},
				"east": {
					"uv": [0, 0, 3.58333, 6.41667],
					"texture": "#1"
				},
				"south": {
					"uv": [0, 0, 3.58333, 6.41667],
					"texture": "#1"
				},
				"west": {
					"uv": [0, 0, 3.58333, 6.41667],
					"texture": "#1"
				},
				"up": {
					"uv": [0, 0, 3.58333, 2.41667],
					"texture": "#1"
				},
				"down": {
					"uv": [0, 0, 3.33333, 2.41667],
					"texture": "#1"
				}
			}
		},
		{
			"from": [12.5, 4.5, 7.5],
			"to": [13.25, 5.75, 8.5],
			"rotation": {
				"angle": 0,
				"axis": "y",
				"origin": [12.25, 7, 7.5]
			},
			"faces": {
				"north": {
					"uv": [13.41667, 13.5, 16, 14.58333],
					"texture": "#1"
				},
				"east": {
					"uv": [13.41667, 13.5, 16, 14.58333],
					"texture": "#1"
				},
				"south": {
					"uv": [13.41667, 13.5, 16, 14.58333],
					"texture": "#1"
				},
				"west": {
					"uv": [13.41667, 13.5, 16, 14.58333],
					"texture": "#1"
				},
				"up": {
					"uv": [13.58333, 13.5, 16, 14.33333],
					"texture": "#1"
				},
				"down": {
					"uv": [13.58333, 13.5, 16, 14.33333],
					"texture": "#1"
				}
			}
		},
		{
			"from": [12.5, 4.85, 8.5],
			"to": [12.9, 5.4, 9.5],
			"rotation": {
				"angle": 0,
				"axis": "y",
				"origin": [11.9, 7, 8.5]
			},
			"faces": {
				"north": {
					"uv": [13.41667, 14.91667, 16, 16],
					"texture": "#1"
				},
				"east": {
					"uv": [13.41667, 14.91667, 16, 16],
					"texture": "#1"
				},
				"south": {
					"uv": [13.41667, 14.91667, 16, 16],
					"texture": "#1"
				},
				"west": {
					"uv": [13.41667, 14.91667, 16, 16],
					"texture": "#1"
				},
				"up": {
					"uv": [13.5, 15.16667, 16, 16],
					"texture": "#1"
				},
				"down": {
					"uv": [13.5, 15.16667, 16, 16],
					"texture": "#1"
				}
			}
		},
		{
			"from": [12.5, 4.75, 6.5],
			"to": [13, 5.5, 7.5],
			"rotation": {
				"angle": 0,
				"axis": "y",
				"origin": [12, 7, 6.5]
			},
			"faces": {
				"north": {
					"uv": [13.41667, 14.91667, 16, 16],
					"texture": "#1"
				},
				"east": {
					"uv": [13.41667, 14.91667, 16, 16],
					"texture": "#1"
				},
				"south": {
					"uv": [13.41667, 14.91667, 16, 16],
					"texture": "#1"
				},
				"west": {
					"uv": [13.41667, 14.91667, 16, 16],
					"texture": "#1"
				},
				"up": {
					"uv": [13.5, 15.16667, 16, 16],
					"texture": "#1"
				},
				"down": {
					"uv": [13.5, 15.16667, 16, 16],
					"texture": "#1"
				}
			}
		},
		{
			"from": [12.5, 6.5, 7.5],
			"to": [13.25, 7.75, 8.5],
			"rotation": {
				"angle": 0,
				"axis": "y",
				"origin": [12.25, 9, 7.5]
			},
			"faces": {
				"north": {
					"uv": [13.41667, 13.5, 16, 14.58333],
					"texture": "#1"
				},
				"east": {
					"uv": [13.41667, 13.5, 16, 14.58333],
					"texture": "#1"
				},
				"south": {
					"uv": [13.41667, 13.5, 16, 14.58333],
					"texture": "#1"
				},
				"west": {
					"uv": [13.41667, 13.5, 16, 14.58333],
					"texture": "#1"
				},
				"up": {
					"uv": [13.58333, 13.5, 16, 14.33333],
					"texture": "#1"
				},
				"down": {
					"uv": [13.58333, 13.5, 16, 14.33333],
					"texture": "#1"
				}
			}
		},
		{
			"from": [12.5, 6.75, 6.5],
			"to": [13, 7.5, 7.5],
			"rotation": {
				"angle": 0,
				"axis": "y",
				"origin": [12, 9, 6.5]
			},
			"faces": {
				"north": {
					"uv": [13.41667, 14.91667, 16, 16],
					"texture": "#1"
				},
				"east": {
					"uv": [13.41667, 14.91667, 16, 16],
					"texture": "#1"
				},
				"south": {
					"uv": [13.41667, 14.91667, 16, 16],
					"texture": "#1"
				},
				"west": {
					"uv": [13.41667, 14.91667, 16, 16],
					"texture": "#1"
				},
				"up": {
					"uv": [13.5, 15.16667, 16, 16],
					"texture": "#1"
				},
				"down": {
					"uv": [13.5, 15.16667, 16, 16],
					"texture": "#1"
				}
			}
		},
		{
			"from": [12.5, 6.85, 8.5],
			"to": [12.9, 7.4, 9.5],
			"rotation": {
				"angle": 0,
				"axis": "y",
				"origin": [11.9, 9, 8.5]
			},
			"faces": {
				"north": {
					"uv": [13.41667, 14.91667, 16, 16],
					"texture": "#1"
				},
				"east": {
					"uv": [13.41667, 14.91667, 16, 16],
					"texture": "#1"
				},
				"south": {
					"uv": [13.41667, 14.91667, 16, 16],
					"texture": "#1"
				},
				"west": {
					"uv": [13.41667, 14.91667, 16, 16],
					"texture": "#1"
				},
				"up": {
					"uv": [13.5, 15.16667, 16, 16],
					"texture": "#1"
				},
				"down": {
					"uv": [13.5, 15.16667, 16, 16],
					"texture": "#1"
				}
			}
		},
		{
			"from": [7.5, 9, 10.5],
			"to": [12.5, 10, 10.525],
			"rotation": {
				"angle": 0,
				"axis": "y",
				"origin": [10.5, 9, 9.525]
			},
			"faces": {
				"north": {
					"uv": [4.33333, 0, 6.41667, 2.41667],
					"texture": "#1"
				},
				"east": {
					"uv": [4.33333, 0, 6.41667, 2.41667],
					"texture": "#1"
				},
				"south": {
					"uv": [4.33333, 0, 6.41667, 2.41667],
					"texture": "#1"
				},
				"west": {
					"uv": [4.33333, 0, 6.41667, 2.41667],
					"texture": "#1"
				},
				"up": {
					"uv": [4.33333, 0, 6.33333, 1.91667],
					"rotation": 90,
					"texture": "#1"
				},
				"down": {
					"uv": [4.33333, 0, 6.33333, 2.5],
					"rotation": 270,
					"texture": "#1"
				}
			}
		},
		{
			"from": [12.5, 9, 5.5],
			"to": [12.525, 10, 10.5],
			"rotation": {
				"angle": 0,
				"axis": "y",
				"origin": [11.525, 9, 7.5]
			},
			"faces": {
				"north": {
					"uv": [4.33333, 0, 6.41667, 2.41667],
					"texture": "#1"
				},
				"east": {
					"uv": [4.33333, 0, 6.41667, 2.41667],
					"texture": "#1"
				},
				"south": {
					"uv": [4.33333, 0, 6.41667, 2.41667],
					"texture": "#1"
				},
				"west": {
					"uv": [4.33333, 0, 6.41667, 2.41667],
					"texture": "#1"
				},
				"up": {
					"uv": [4.33333, 0, 6.33333, 1.91667],
					"texture": "#1"
				},
				"down": {
					"uv": [4.33333, 0, 6.33333, 2.5],
					"texture": "#1"
				}
			}
		},
		{
			"from": [7.5, 9, 5.475],
			"to": [12.5, 10, 5.5],
			"rotation": {
				"angle": 0,
				"axis": "y",
				"origin": [10.5, 9, 4.5]
			},
			"faces": {
				"north": {
					"uv": [4.33333, 0, 6.41667, 2.41667],
					"texture": "#1"
				},
				"east": {
					"uv": [4.33333, 0, 6.41667, 2.41667],
					"texture": "#1"
				},
				"south": {
					"uv": [4.33333, 0, 6.41667, 2.41667],
					"texture": "#1"
				},
				"west": {
					"uv": [4.33333, 0, 6.41667, 2.41667],
					"texture": "#1"
				},
				"up": {
					"uv": [4.33333, 0, 6.33333, 1.91667],
					"rotation": 90,
					"texture": "#1"
				},
				"down": {
					"uv": [4.33333, 0, 6.33333, 2.5],
					"rotation": 270,
					"texture": "#1"
				}
			}
		}
	]
}