{
	"textures": {
		"1": "animated_java:blueprint/deerhead_model/deerhead",
		"particle": "minecraft:item/pufferfish"
	},
	"display": {
		"head": {
			"rotation": [0, 180, 0]
		}
	},
	"elements": [
		{
			"from": [5.65, 3, 5.4],
			"to": [10.35, 8, 10.6],
			"rotation": {
				"angle": 0,
				"axis": "y",
				"origin": [9.75, 6, 7.5]
			},
			"faces": {
				"north": {
					"uv": [7.33333, 7.75, 9.33333, 10.16667],
					"texture": "#1"
				},
				"east": {
					"uv": [7.33333, 7.75, 9.33333, 10.16667],
					"texture": "#1"
				},
				"south": {
					"uv": [7.33333, 7.75, 9.33333, 10.16667],
					"texture": "#1"
				},
				"west": {
					"uv": [7.33333, 7.75, 9.33333, 10.16667],
					"texture": "#1"
				},
				"up": {
					"uv": [7.41667, 7.91667, 8.5, 10.16667],
					"texture": "#1"
				},
				"down": {
					"uv": [7.41667, 7.91667, 9.25, 10.16667],
					"texture": "#1"
				}
			}
		},
		{
			"from": [5.65, 6, 4.9],
			"to": [10.35, 7.5, 5.4],
			"rotation": {
				"angle": 0,
				"axis": "y",
				"origin": [9.25, 5.5, 2.3]
			},
			"faces": {
				"north": {
					"uv": [13.5, 11.08333, 16, 13.08333],
					"texture": "#1"
				},
				"east": {
					"uv": [13.5, 11.08333, 16, 13.08333],
					"texture": "#1"
				},
				"south": {
					"uv": [13.5, 11.08333, 16, 13.08333],
					"texture": "#1"
				},
				"west": {
					"uv": [13.5, 11.08333, 16, 13.08333],
					"texture": "#1"
				},
				"up": {
					"uv": [13.58333, 11.08333, 16, 13],
					"texture": "#1"
				},
				"down": {
					"uv": [13.58333, 10.83333, 16, 13.08333],
					"texture": "#1"
				}
			}
		},
		{
			"from": [5.15, 6, 5.4],
			"to": [5.65, 7.5, 10.6],
			"rotation": {
				"angle": 0,
				"axis": "y",
				"origin": [2.55, 5.5, 6.55]
			},
			"faces": {
				"north": {
					"uv": [13.5, 11.08333, 16, 13.08333],
					"texture": "#1"
				},
				"east": {
					"uv": [13.5, 11.08333, 16, 13.08333],
					"texture": "#1"
				},
				"south": {
					"uv": [13.5, 11.08333, 16, 13.08333],
					"texture": "#1"
				},
				"west": {
					"uv": [13.5, 11.08333, 16, 13.08333],
					"texture": "#1"
				},
				"up": {
					"uv": [13.58333, 11.08333, 16, 13],
					"rotation": 270,
					"texture": "#1"
				},
				"down": {
					"uv": [13.58333, 10.83333, 16, 13.08333],
					"rotation": 90,
					"texture": "#1"
				}
			}
		},
		{
			"from": [6.65, 7, 5.1],
			"to": [7.35, 7.7, 5.4],
			"rotation": {
				"angle": 45,
				"axis": "z",
				"origin": [8.25, 5.75, 2.3]
			},
			"faces": {
				"north": {
					"uv": [13.5, 11.08333, 16, 13.08333],
					"texture": "#1"
				},
				"east": {
					"uv": [13.5, 11.08333, 16, 13.08333],
					"texture": "#1"
				},
				"south": {
					"uv": [13.5, 11.08333, 16, 13.08333],
					"texture": "#1"
				},
				"west": {
					"uv": [13.5, 11.08333, 16, 13.08333],
					"texture": "#1"
				},
				"up": {
					"uv": [13.58333, 11.08333, 16, 13],
					"texture": "#1"
				},
				"down": {
					"uv": [13.58333, 10.83333, 16, 13.08333],
					"texture": "#1"
				}
			}
		},
		{
			"from": [8.4, 7, 5.1],
			"to": [9.1, 7.7, 5.4],
			"rotation": {
				"angle": 45,
				"axis": "z",
				"origin": [10, 5.75, 2.3]
			},
			"faces": {
				"north": {
					"uv": [13.5, 11.08333, 16, 13.08333],
					"texture": "#1"
				},
				"east": {
					"uv": [13.5, 11.08333, 16, 13.08333],
					"texture": "#1"
				},
				"south": {
					"uv": [13.5, 11.08333, 16, 13.08333],
					"texture": "#1"
				},
				"west": {
					"uv": [13.5, 11.08333, 16, 13.08333],
					"texture": "#1"
				},
				"up": {
					"uv": [13.58333, 11.08333, 16, 13],
					"texture": "#1"
				},
				"down": {
					"uv": [13.58333, 10.83333, 16, 13.08333],
					"texture": "#1"
				}
			}
		},
		{
			"from": [10.15, 7, 5.1],
			"to": [10.85, 7.7, 5.4],
			"rotation": {
				"angle": 45,
				"axis": "z",
				"origin": [11.75, 5.75, 2.3]
			},
			"faces": {
				"north": {
					"uv": [13.5, 11.08333, 16, 13.08333],
					"texture": "#1"
				},
				"east": {
					"uv": [13.5, 11.08333, 16, 13.08333],
					"texture": "#1"
				},
				"south": {
					"uv": [13.5, 11.08333, 16, 13.08333],
					"texture": "#1"
				},
				"west": {
					"uv": [13.5, 11.08333, 16, 13.08333],
					"texture": "#1"
				},
				"up": {
					"uv": [13.58333, 11.08333, 16, 13],
					"texture": "#1"
				},
				"down": {
					"uv": [13.58333, 10.83333, 16, 13.08333],
					"texture": "#1"
				}
			}
		},
		{
			"from": [5.4, 7, 5.2],
			"to": [5.7, 7.7, 5.9],
			"rotation": {
				"angle": 45,
				"axis": "x",
				"origin": [2.6, 5.75, 4.3]
			},
			"faces": {
				"north": {
					"uv": [13.5, 11.08333, 16, 13.08333],
					"texture": "#1"
				},
				"east": {
					"uv": [13.5, 11.08333, 16, 13.08333],
					"texture": "#1"
				},
				"south": {
					"uv": [13.5, 11.08333, 16, 13.08333],
					"texture": "#1"
				},
				"west": {
					"uv": [13.5, 11.08333, 16, 13.08333],
					"texture": "#1"
				},
				"up": {
					"uv": [13.58333, 11.08333, 16, 13],
					"rotation": 270,
					"texture": "#1"
				},
				"down": {
					"uv": [13.58333, 10.83333, 16, 13.08333],
					"rotation": 90,
					"texture": "#1"
				}
			}
		},
		{
			"from": [5.4, 7, 6.7],
			"to": [5.7, 7.7, 7.4],
			"rotation": {
				"angle": 45,
				"axis": "x",
				"origin": [2.6, 5.75, 5.8]
			},
			"faces": {
				"north": {
					"uv": [13.5, 11.08333, 16, 13.08333],
					"texture": "#1"
				},
				"east": {
					"uv": [13.5, 11.08333, 16, 13.08333],
					"texture": "#1"
				},
				"south": {
					"uv": [13.5, 11.08333, 16, 13.08333],
					"texture": "#1"
				},
				"west": {
					"uv": [13.5, 11.08333, 16, 13.08333],
					"texture": "#1"
				},
				"up": {
					"uv": [13.58333, 11.08333, 16, 13],
					"rotation": 270,
					"texture": "#1"
				},
				"down": {
					"uv": [13.58333, 10.83333, 16, 13.08333],
					"rotation": 90,
					"texture": "#1"
				}
			}
		},
		{
			"from": [5.4, 7, 8.2],
			"to": [5.7, 7.7, 8.9],
			"rotation": {
				"angle": 45,
				"axis": "x",
				"origin": [2.6, 5.75, 7.3]
			},
			"faces": {
				"north": {
					"uv": [13.5, 11.08333, 16, 13.08333],
					"texture": "#1"
				},
				"east": {
					"uv": [13.5, 11.08333, 16, 13.08333],
					"texture": "#1"
				},
				"south": {
					"uv": [13.5, 11.08333, 16, 13.08333],
					"texture": "#1"
				},
				"west": {
					"uv": [13.5, 11.08333, 16, 13.08333],
					"texture": "#1"
				},
				"up": {
					"uv": [13.58333, 11.08333, 16, 13],
					"rotation": 270,
					"texture": "#1"
				},
				"down": {
					"uv": [13.58333, 10.83333, 16, 13.08333],
					"rotation": 90,
					"texture": "#1"
				}
			}
		},
		{
			"from": [5.65, 6, 10.6],
			"to": [10.35, 7.5, 11.1],
			"rotation": {
				"angle": 0,
				"axis": "y",
				"origin": [9.25, 5.5, 8]
			},
			"faces": {
				"north": {
					"uv": [13.5, 11.08333, 16, 13.08333],
					"texture": "#1"
				},
				"east": {
					"uv": [13.5, 11.08333, 16, 13.08333],
					"texture": "#1"
				},
				"south": {
					"uv": [13.5, 11.08333, 16, 13.08333],
					"texture": "#1"
				},
				"west": {
					"uv": [13.5, 11.08333, 16, 13.08333],
					"texture": "#1"
				},
				"up": {
					"uv": [13.58333, 11.08333, 16, 13],
					"texture": "#1"
				},
				"down": {
					"uv": [13.58333, 10.83333, 16, 13.08333],
					"texture": "#1"
				}
			}
		},
		{
			"from": [6.65, 7, 10.6],
			"to": [7.35, 7.7, 10.9],
			"rotation": {
				"angle": 45,
				"axis": "z",
				"origin": [8.25, 5.75, 7.8]
			},
			"faces": {
				"north": {
					"uv": [13.5, 11.08333, 16, 13.08333],
					"texture": "#1"
				},
				"east": {
					"uv": [13.5, 11.08333, 16, 13.08333],
					"texture": "#1"
				},
				"south": {
					"uv": [13.5, 11.08333, 16, 13.08333],
					"texture": "#1"
				},
				"west": {
					"uv": [13.5, 11.08333, 16, 13.08333],
					"texture": "#1"
				},
				"up": {
					"uv": [13.58333, 11.08333, 16, 13],
					"texture": "#1"
				},
				"down": {
					"uv": [13.58333, 10.83333, 16, 13.08333],
					"texture": "#1"
				}
			}
		},
		{
			"from": [8.4, 7, 10.6],
			"to": [9.1, 7.7, 10.9],
			"rotation": {
				"angle": 45,
				"axis": "z",
				"origin": [10, 5.75, 7.8]
			},
			"faces": {
				"north": {
					"uv": [13.5, 11.08333, 16, 13.08333],
					"texture": "#1"
				},
				"east": {
					"uv": [13.5, 11.08333, 16, 13.08333],
					"texture": "#1"
				},
				"south": {
					"uv": [13.5, 11.08333, 16, 13.08333],
					"texture": "#1"
				},
				"west": {
					"uv": [13.5, 11.08333, 16, 13.08333],
					"texture": "#1"
				},
				"up": {
					"uv": [13.58333, 11.08333, 16, 13],
					"texture": "#1"
				},
				"down": {
					"uv": [13.58333, 10.83333, 16, 13.08333],
					"texture": "#1"
				}
			}
		},
		{
			"from": [10.15, 7, 10.6],
			"to": [10.85, 7.7, 10.9],
			"rotation": {
				"angle": 45,
				"axis": "z",
				"origin": [11.75, 5.75, 7.8]
			},
			"faces": {
				"north": {
					"uv": [13.5, 11.08333, 16, 13.08333],
					"texture": "#1"
				},
				"east": {
					"uv": [13.5, 11.08333, 16, 13.08333],
					"texture": "#1"
				},
				"south": {
					"uv": [13.5, 11.08333, 16, 13.08333],
					"texture": "#1"
				},
				"west": {
					"uv": [13.5, 11.08333, 16, 13.08333],
					"texture": "#1"
				},
				"up": {
					"uv": [13.58333, 11.08333, 16, 13],
					"texture": "#1"
				},
				"down": {
					"uv": [13.58333, 10.83333, 16, 13.08333],
					"texture": "#1"
				}
			}
		},
		{
			"from": [10.35, 6, 5.4],
			"to": [10.85, 7.5, 10.6],
			"rotation": {
				"angle": 0,
				"axis": "y",
				"origin": [7.75, 5.5, 6.55]
			},
			"faces": {
				"north": {
					"uv": [13.5, 11.08333, 16, 13.08333],
					"texture": "#1"
				},
				"east": {
					"uv": [13.5, 11.08333, 16, 13.08333],
					"texture": "#1"
				},
				"south": {
					"uv": [13.5, 11.08333, 16, 13.08333],
					"texture": "#1"
				},
				"west": {
					"uv": [13.5, 11.08333, 16, 13.08333],
					"texture": "#1"
				},
				"up": {
					"uv": [13.58333, 11.08333, 16, 13],
					"rotation": 270,
					"texture": "#1"
				},
				"down": {
					"uv": [13.58333, 10.83333, 16, 13.08333],
					"rotation": 90,
					"texture": "#1"
				}
			}
		},
		{
			"from": [10.3, 7, 5.2],
			"to": [10.6, 7.7, 5.9],
			"rotation": {
				"angle": 45,
				"axis": "x",
				"origin": [7.5, 5.75, 4.3]
			},
			"faces": {
				"north": {
					"uv": [13.5, 11.08333, 16, 13.08333],
					"texture": "#1"
				},
				"east": {
					"uv": [13.5, 11.08333, 16, 13.08333],
					"texture": "#1"
				},
				"south": {
					"uv": [13.5, 11.08333, 16, 13.08333],
					"texture": "#1"
				},
				"west": {
					"uv": [13.5, 11.08333, 16, 13.08333],
					"texture": "#1"
				},
				"up": {
					"uv": [13.58333, 11.08333, 16, 13],
					"rotation": 270,
					"texture": "#1"
				},
				"down": {
					"uv": [13.58333, 10.83333, 16, 13.08333],
					"rotation": 90,
					"texture": "#1"
				}
			}
		},
		{
			"from": [10.3, 7, 6.7],
			"to": [10.6, 7.7, 7.4],
			"rotation": {
				"angle": 45,
				"axis": "x",
				"origin": [7.5, 5.75, 5.8]
			},
			"faces": {
				"north": {
					"uv": [13.5, 11.08333, 16, 13.08333],
					"texture": "#1"
				},
				"east": {
					"uv": [13.5, 11.08333, 16, 13.08333],
					"texture": "#1"
				},
				"south": {
					"uv": [13.5, 11.08333, 16, 13.08333],
					"texture": "#1"
				},
				"west": {
					"uv": [13.5, 11.08333, 16, 13.08333],
					"texture": "#1"
				},
				"up": {
					"uv": [13.58333, 11.08333, 16, 13],
					"rotation": 270,
					"texture": "#1"
				},
				"down": {
					"uv": [13.58333, 10.83333, 16, 13.08333],
					"rotation": 90,
					"texture": "#1"
				}
			}
		},
		{
			"from": [10.3, 7, 8.2],
			"to": [10.6, 7.7, 8.9],
			"rotation": {
				"angle": 45,
				"axis": "x",
				"origin": [7.5, 5.75, 7.3]
			},
			"faces": {
				"north": {
					"uv": [13.5, 11.08333, 16, 13.08333],
					"texture": "#1"
				},
				"east": {
					"uv": [13.5, 11.08333, 16, 13.08333],
					"texture": "#1"
				},
				"south": {
					"uv": [13.5, 11.08333, 16, 13.08333],
					"texture": "#1"
				},
				"west": {
					"uv": [13.5, 11.08333, 16, 13.08333],
					"texture": "#1"
				},
				"up": {
					"uv": [13.58333, 11.08333, 16, 13],
					"rotation": 270,
					"texture": "#1"
				},
				"down": {
					"uv": [13.58333, 10.83333, 16, 13.08333],
					"rotation": 90,
					"texture": "#1"
				}
			}
		},
		{
			"from": [10.35, 5, 7.25],
			"to": [10.6, 5.25, 8.25],
			"rotation": {
				"angle": 0,
				"axis": "y",
				"origin": [10.85, 5.25, 7.75]
			},
			"faces": {
				"north": {
					"uv": [11, 13.91667, 13.02083, 15.60417],
					"texture": "#1"
				},
				"east": {
					"uv": [11, 13.91667, 13.08333, 15.60417],
					"texture": "#1"
				},
				"south": {
					"uv": [11, 13.91667, 13.02083, 15.60417],
					"texture": "#1"
				},
				"west": {
					"uv": [11, 13.91667, 13.08333, 15.60417],
					"texture": "#1"
				},
				"up": {
					"uv": [11, 13.91667, 13.02083, 15.66667],
					"texture": "#1"
				},
				"down": {
					"uv": [11, 13.91667, 13.02083, 15.66667],
					"texture": "#1"
				}
			}
		},
		{
			"from": [10.85, 5, 7.25],
			"to": [11.1, 5.25, 8.25],
			"rotation": {
				"angle": 0,
				"axis": "y",
				"origin": [10.85, 5.25, 7.75]
			},
			"faces": {
				"north": {
					"uv": [11, 13.91667, 13.02083, 15.60417],
					"texture": "#1"
				},
				"east": {
					"uv": [11, 13.91667, 13.08333, 15.60417],
					"texture": "#1"
				},
				"south": {
					"uv": [11, 13.91667, 13.02083, 15.60417],
					"texture": "#1"
				},
				"west": {
					"uv": [11, 13.91667, 13.08333, 15.60417],
					"texture": "#1"
				},
				"up": {
					"uv": [11, 13.91667, 13.02083, 15.66667],
					"texture": "#1"
				},
				"down": {
					"uv": [11, 13.91667, 13.02083, 15.66667],
					"texture": "#1"
				}
			}
		},
		{
			"from": [10.6, 5, 8.75],
			"to": [10.85, 5.25, 9],
			"rotation": {
				"angle": 0,
				"axis": "y",
				"origin": [10.6, 5.25, 8.5]
			},
			"faces": {
				"north": {
					"uv": [11, 13.91667, 13.02083, 15.60417],
					"rotation": 90,
					"texture": "#1"
				},
				"east": {
					"uv": [11, 13.91667, 13.02083, 15.60417],
					"rotation": 270,
					"texture": "#1"
				},
				"south": {
					"uv": [11, 13.91667, 13.02083, 15.60417],
					"rotation": 270,
					"texture": "#1"
				},
				"west": {
					"uv": [11, 13.91667, 13.02083, 15.60417],
					"rotation": 270,
					"texture": "#1"
				},
				"up": {
					"uv": [11, 13.91667, 13.02083, 15.60417],
					"rotation": 270,
					"texture": "#1"
				},
				"down": {
					"uv": [11, 13.91667, 13.02083, 15.60417],
					"rotation": 270,
					"texture": "#1"
				}
			}
		},
		{
			"from": [10.6, 4.75, 8],
			"to": [10.85, 5, 9],
			"rotation": {
				"angle": 0,
				"axis": "y",
				"origin": [10.6, 5.25, 8.5]
			},
			"faces": {
				"north": {
					"uv": [11, 13.91667, 13.02083, 15.60417],
					"rotation": 90,
					"texture": "#1"
				},
				"east": {
					"uv": [11, 13.91667, 13.02083, 15.66667],
					"rotation": 270,
					"texture": "#1"
				},
				"south": {
					"uv": [11, 13.91667, 13.02083, 15.60417],
					"rotation": 270,
					"texture": "#1"
				},
				"west": {
					"uv": [11, 13.91667, 13.02083, 15.66667],
					"rotation": 270,
					"texture": "#1"
				},
				"up": {
					"uv": [11, 13.91667, 13.08333, 15.60417],
					"rotation": 270,
					"texture": "#1"
				},
				"down": {
					"uv": [11, 13.91667, 13.08333, 15.60417],
					"rotation": 270,
					"texture": "#1"
				}
			}
		},
		{
			"from": [10.6, 5.25, 8],
			"to": [10.85, 5.5, 9],
			"rotation": {
				"angle": 0,
				"axis": "y",
				"origin": [10.6, 5.25, 8.5]
			},
			"faces": {
				"north": {
					"uv": [11, 13.91667, 13.02083, 15.60417],
					"rotation": 90,
					"texture": "#1"
				},
				"east": {
					"uv": [11, 13.91667, 13.02083, 15.66667],
					"rotation": 270,
					"texture": "#1"
				},
				"south": {
					"uv": [11, 13.91667, 13.02083, 15.60417],
					"rotation": 270,
					"texture": "#1"
				},
				"west": {
					"uv": [11, 13.91667, 13.02083, 15.66667],
					"rotation": 270,
					"texture": "#1"
				},
				"up": {
					"uv": [11, 13.91667, 13.08333, 15.60417],
					"rotation": 270,
					"texture": "#1"
				},
				"down": {
					"uv": [11, 13.91667, 13.08333, 15.60417],
					"rotation": 270,
					"texture": "#1"
				}
			}
		},
		{
			"from": [10.6, 5.25, 6.5],
			"to": [10.85, 5.5, 7.5],
			"rotation": {
				"angle": 0,
				"axis": "y",
				"origin": [10.6, 5.25, 7]
			},
			"faces": {
				"north": {
					"uv": [11, 13.91667, 13.02083, 15.60417],
					"rotation": 90,
					"texture": "#1"
				},
				"east": {
					"uv": [11, 13.91667, 13.02083, 15.66667],
					"rotation": 270,
					"texture": "#1"
				},
				"south": {
					"uv": [11, 13.91667, 13.02083, 15.60417],
					"rotation": 270,
					"texture": "#1"
				},
				"west": {
					"uv": [11, 13.91667, 13.02083, 15.66667],
					"rotation": 270,
					"texture": "#1"
				},
				"up": {
					"uv": [11, 13.91667, 13.08333, 15.60417],
					"rotation": 270,
					"texture": "#1"
				},
				"down": {
					"uv": [11, 13.91667, 13.08333, 15.60417],
					"rotation": 270,
					"texture": "#1"
				}
			}
		},
		{
			"from": [10.6, 5, 7.25],
			"to": [10.85, 5.25, 7.5],
			"rotation": {
				"angle": 0,
				"axis": "y",
				"origin": [10.6, 5.25, 7]
			},
			"faces": {
				"north": {
					"uv": [11, 13.91667, 13.02083, 15.60417],
					"rotation": 90,
					"texture": "#1"
				},
				"east": {
					"uv": [11, 13.91667, 13.02083, 15.60417],
					"rotation": 270,
					"texture": "#1"
				},
				"south": {
					"uv": [11, 13.91667, 13.02083, 15.60417],
					"rotation": 270,
					"texture": "#1"
				},
				"west": {
					"uv": [11, 13.91667, 13.02083, 15.60417],
					"rotation": 270,
					"texture": "#1"
				},
				"up": {
					"uv": [11, 13.91667, 13.02083, 15.60417],
					"rotation": 270,
					"texture": "#1"
				},
				"down": {
					"uv": [11, 13.91667, 13.02083, 15.60417],
					"rotation": 270,
					"texture": "#1"
				}
			}
		},
		{
			"from": [10.6, 4.75, 6.5],
			"to": [10.85, 5, 7.5],
			"rotation": {
				"angle": 0,
				"axis": "y",
				"origin": [10.6, 5.25, 7]
			},
			"faces": {
				"north": {
					"uv": [11, 13.91667, 13.02083, 15.60417],
					"rotation": 90,
					"texture": "#1"
				},
				"east": {
					"uv": [11, 13.91667, 13.02083, 15.66667],
					"rotation": 270,
					"texture": "#1"
				},
				"south": {
					"uv": [11, 13.91667, 13.02083, 15.60417],
					"rotation": 270,
					"texture": "#1"
				},
				"west": {
					"uv": [11, 13.91667, 13.02083, 15.66667],
					"rotation": 270,
					"texture": "#1"
				},
				"up": {
					"uv": [11, 13.91667, 13.08333, 15.60417],
					"rotation": 270,
					"texture": "#1"
				},
				"down": {
					"uv": [11, 13.91667, 13.08333, 15.60417],
					"rotation": 270,
					"texture": "#1"
				}
			}
		},
		{
			"from": [10.6, 5, 6.5],
			"to": [10.85, 5.25, 6.75],
			"rotation": {
				"angle": 0,
				"axis": "y",
				"origin": [10.85, 5.25, 6.25]
			},
			"faces": {
				"north": {
					"uv": [11, 13.91667, 13.02083, 15.60417],
					"texture": "#1"
				},
				"east": {
					"uv": [11, 13.91667, 13.02083, 15.60417],
					"texture": "#1"
				},
				"south": {
					"uv": [11, 13.91667, 13.02083, 15.60417],
					"texture": "#1"
				},
				"west": {
					"uv": [11, 13.91667, 13.02083, 15.60417],
					"texture": "#1"
				},
				"up": {
					"uv": [11, 13.91667, 13.02083, 15.60417],
					"texture": "#1"
				},
				"down": {
					"uv": [11, 13.91667, 13.02083, 15.60417],
					"texture": "#1"
				}
			}
		},
		{
			"from": [10.6, 5, 8],
			"to": [10.85, 5.25, 8.25],
			"rotation": {
				"angle": 0,
				"axis": "y",
				"origin": [10.6, 5.25, 8.5]
			},
			"faces": {
				"north": {
					"uv": [11, 13.91667, 13.02083, 15.60417],
					"rotation": 90,
					"texture": "#1"
				},
				"east": {
					"uv": [11, 13.91667, 13.02083, 15.60417],
					"rotation": 270,
					"texture": "#1"
				},
				"south": {
					"uv": [11, 13.91667, 13.02083, 15.60417],
					"rotation": 270,
					"texture": "#1"
				},
				"west": {
					"uv": [11, 13.91667, 13.02083, 15.60417],
					"rotation": 270,
					"texture": "#1"
				},
				"up": {
					"uv": [11, 13.91667, 13.02083, 15.60417],
					"rotation": 270,
					"texture": "#1"
				},
				"down": {
					"uv": [11, 13.91667, 13.02083, 15.60417],
					"rotation": 270,
					"texture": "#1"
				}
			}
		},
		{
			"from": [10.35, 5, 8.75],
			"to": [10.6, 5.25, 9.75],
			"rotation": {
				"angle": 0,
				"axis": "y",
				"origin": [10.85, 5.25, 9.25]
			},
			"faces": {
				"north": {
					"uv": [11, 13.91667, 13.02083, 15.60417],
					"texture": "#1"
				},
				"east": {
					"uv": [11, 13.91667, 13.08333, 15.60417],
					"texture": "#1"
				},
				"south": {
					"uv": [11, 13.91667, 13.02083, 15.60417],
					"texture": "#1"
				},
				"west": {
					"uv": [11, 13.91667, 13.08333, 15.60417],
					"texture": "#1"
				},
				"up": {
					"uv": [11, 13.91667, 13.02083, 15.66667],
					"texture": "#1"
				},
				"down": {
					"uv": [11, 13.91667, 13.02083, 15.66667],
					"texture": "#1"
				}
			}
		},
		{
			"from": [10.85, 5, 8.75],
			"to": [11.1, 5.25, 9.75],
			"rotation": {
				"angle": 0,
				"axis": "y",
				"origin": [10.85, 5.25, 9.25]
			},
			"faces": {
				"north": {
					"uv": [11, 13.91667, 13.02083, 15.60417],
					"texture": "#1"
				},
				"east": {
					"uv": [11, 13.91667, 13.08333, 15.60417],
					"texture": "#1"
				},
				"south": {
					"uv": [11, 13.91667, 13.02083, 15.60417],
					"texture": "#1"
				},
				"west": {
					"uv": [11, 13.91667, 13.08333, 15.60417],
					"texture": "#1"
				},
				"up": {
					"uv": [11, 13.91667, 13.02083, 15.66667],
					"texture": "#1"
				},
				"down": {
					"uv": [11, 13.91667, 13.02083, 15.66667],
					"texture": "#1"
				}
			}
		},
		{
			"from": [10.6, 4.75, 9.5],
			"to": [10.85, 5, 10.5],
			"rotation": {
				"angle": 0,
				"axis": "y",
				"origin": [10.6, 5.25, 10]
			},
			"faces": {
				"north": {
					"uv": [11, 13.91667, 13.02083, 15.60417],
					"rotation": 90,
					"texture": "#1"
				},
				"east": {
					"uv": [11, 13.91667, 13.02083, 15.66667],
					"rotation": 270,
					"texture": "#1"
				},
				"south": {
					"uv": [11, 13.91667, 13.02083, 15.60417],
					"rotation": 270,
					"texture": "#1"
				},
				"west": {
					"uv": [11, 13.91667, 13.02083, 15.66667],
					"rotation": 270,
					"texture": "#1"
				},
				"up": {
					"uv": [11, 13.91667, 13.08333, 15.60417],
					"rotation": 270,
					"texture": "#1"
				},
				"down": {
					"uv": [11, 13.91667, 13.08333, 15.60417],
					"rotation": 270,
					"texture": "#1"
				}
			}
		},
		{
			"from": [10.6, 5, 9.5],
			"to": [10.85, 5.25, 9.75],
			"rotation": {
				"angle": 0,
				"axis": "y",
				"origin": [10.6, 5.25, 10]
			},
			"faces": {
				"north": {
					"uv": [11, 13.91667, 13.02083, 15.60417],
					"rotation": 90,
					"texture": "#1"
				},
				"east": {
					"uv": [11, 13.91667, 13.02083, 15.60417],
					"rotation": 270,
					"texture": "#1"
				},
				"south": {
					"uv": [11, 13.91667, 13.02083, 15.60417],
					"rotation": 270,
					"texture": "#1"
				},
				"west": {
					"uv": [11, 13.91667, 13.02083, 15.60417],
					"rotation": 270,
					"texture": "#1"
				},
				"up": {
					"uv": [11, 13.91667, 13.02083, 15.60417],
					"rotation": 270,
					"texture": "#1"
				},
				"down": {
					"uv": [11, 13.91667, 13.02083, 15.60417],
					"rotation": 270,
					"texture": "#1"
				}
			}
		},
		{
			"from": [10.6, 5.25, 9.5],
			"to": [10.85, 5.5, 10.5],
			"rotation": {
				"angle": 0,
				"axis": "y",
				"origin": [10.6, 5.25, 10]
			},
			"faces": {
				"north": {
					"uv": [11, 13.91667, 13.02083, 15.60417],
					"rotation": 90,
					"texture": "#1"
				},
				"east": {
					"uv": [11, 13.91667, 13.02083, 15.66667],
					"rotation": 270,
					"texture": "#1"
				},
				"south": {
					"uv": [11, 13.91667, 13.02083, 15.60417],
					"rotation": 270,
					"texture": "#1"
				},
				"west": {
					"uv": [11, 13.91667, 13.02083, 15.66667],
					"rotation": 270,
					"texture": "#1"
				},
				"up": {
					"uv": [11, 13.91667, 13.08333, 15.60417],
					"rotation": 270,
					"texture": "#1"
				},
				"down": {
					"uv": [11, 13.91667, 13.08333, 15.60417],
					"rotation": 270,
					"texture": "#1"
				}
			}
		},
		{
			"from": [10.6, 5, 10.25],
			"to": [10.85, 5.25, 10.5],
			"rotation": {
				"angle": 0,
				"axis": "y",
				"origin": [10.6, 5.25, 10]
			},
			"faces": {
				"north": {
					"uv": [11, 13.91667, 13.02083, 15.60417],
					"rotation": 90,
					"texture": "#1"
				},
				"east": {
					"uv": [11, 13.91667, 13.02083, 15.60417],
					"rotation": 270,
					"texture": "#1"
				},
				"south": {
					"uv": [11, 13.91667, 13.02083, 15.60417],
					"rotation": 270,
					"texture": "#1"
				},
				"west": {
					"uv": [11, 13.91667, 13.02083, 15.60417],
					"rotation": 270,
					"texture": "#1"
				},
				"up": {
					"uv": [11, 13.91667, 13.02083, 15.60417],
					"rotation": 270,
					"texture": "#1"
				},
				"down": {
					"uv": [11, 13.91667, 13.02083, 15.60417],
					"rotation": 270,
					"texture": "#1"
				}
			}
		},
		{
			"from": [10.35, 5, 10.25],
			"to": [10.6, 5.25, 11],
			"rotation": {
				"angle": 0,
				"axis": "y",
				"origin": [10.85, 5.25, 10.75]
			},
			"faces": {
				"north": {
					"uv": [11, 13.91667, 13.02083, 15.60417],
					"texture": "#1"
				},
				"east": {
					"uv": [11, 13.91667, 13.0625, 15.60417],
					"texture": "#1"
				},
				"south": {
					"uv": [11, 13.91667, 13.02083, 15.60417],
					"texture": "#1"
				},
				"west": {
					"uv": [11, 13.91667, 13.0625, 15.60417],
					"texture": "#1"
				},
				"up": {
					"uv": [11, 13.91667, 13.02083, 15.64583],
					"texture": "#1"
				},
				"down": {
					"uv": [11, 13.91667, 13.02083, 15.64583],
					"texture": "#1"
				}
			}
		},
		{
			"from": [10.85, 5, 10.25],
			"to": [11.1, 5.25, 11],
			"rotation": {
				"angle": 0,
				"axis": "y",
				"origin": [10.85, 5.25, 10.75]
			},
			"faces": {
				"north": {
					"uv": [11, 13.91667, 13.02083, 15.60417],
					"texture": "#1"
				},
				"east": {
					"uv": [11, 13.91667, 13.0625, 15.60417],
					"texture": "#1"
				},
				"south": {
					"uv": [11, 13.91667, 13.02083, 15.60417],
					"texture": "#1"
				},
				"west": {
					"uv": [11, 13.91667, 13.0625, 15.60417],
					"texture": "#1"
				},
				"up": {
					"uv": [11, 13.91667, 13.02083, 15.64583],
					"texture": "#1"
				},
				"down": {
					"uv": [11, 13.91667, 13.02083, 15.64583],
					"texture": "#1"
				}
			}
		},
		{
			"from": [10.6, 5, 10.75],
			"to": [10.85, 5.25, 11],
			"rotation": {
				"angle": 0,
				"axis": "y",
				"origin": [10.6, 5.25, 11.25]
			},
			"faces": {
				"north": {
					"uv": [11, 13.91667, 13.02083, 15.60417],
					"rotation": 90,
					"texture": "#1"
				},
				"east": {
					"uv": [11, 13.91667, 13.02083, 15.60417],
					"rotation": 270,
					"texture": "#1"
				},
				"south": {
					"uv": [11, 13.91667, 13.02083, 15.60417],
					"rotation": 270,
					"texture": "#1"
				},
				"west": {
					"uv": [11, 13.91667, 13.02083, 15.60417],
					"rotation": 270,
					"texture": "#1"
				},
				"up": {
					"uv": [11, 13.91667, 13.02083, 15.60417],
					"rotation": 270,
					"texture": "#1"
				},
				"down": {
					"uv": [11, 13.91667, 13.02083, 15.60417],
					"rotation": 270,
					"texture": "#1"
				}
			}
		},
		{
			"from": [10.6, 5.25, 5],
			"to": [10.85, 5.5, 6],
			"rotation": {
				"angle": 0,
				"axis": "y",
				"origin": [10.6, 5.25, 5.5]
			},
			"faces": {
				"north": {
					"uv": [11, 13.91667, 13.02083, 15.60417],
					"rotation": 90,
					"texture": "#1"
				},
				"east": {
					"uv": [11, 13.91667, 13.02083, 15.66667],
					"rotation": 270,
					"texture": "#1"
				},
				"south": {
					"uv": [11, 13.91667, 13.02083, 15.60417],
					"rotation": 270,
					"texture": "#1"
				},
				"west": {
					"uv": [11, 13.91667, 13.02083, 15.66667],
					"rotation": 270,
					"texture": "#1"
				},
				"up": {
					"uv": [11, 13.91667, 13.08333, 15.60417],
					"rotation": 270,
					"texture": "#1"
				},
				"down": {
					"uv": [11, 13.91667, 13.08333, 15.60417],
					"rotation": 270,
					"texture": "#1"
				}
			}
		},
		{
			"from": [10.85, 5, 5.75],
			"to": [11.1, 5.25, 6.75],
			"rotation": {
				"angle": 0,
				"axis": "y",
				"origin": [10.85, 5.25, 6.25]
			},
			"faces": {
				"north": {
					"uv": [11, 13.91667, 13.02083, 15.60417],
					"texture": "#1"
				},
				"east": {
					"uv": [11, 13.91667, 13.08333, 15.60417],
					"texture": "#1"
				},
				"south": {
					"uv": [11, 13.91667, 13.02083, 15.60417],
					"texture": "#1"
				},
				"west": {
					"uv": [11, 13.91667, 13.08333, 15.60417],
					"texture": "#1"
				},
				"up": {
					"uv": [11, 13.91667, 13.02083, 15.66667],
					"texture": "#1"
				},
				"down": {
					"uv": [11, 13.91667, 13.02083, 15.66667],
					"texture": "#1"
				}
			}
		},
		{
			"from": [10.6, 5, 5.75],
			"to": [10.85, 5.25, 6],
			"rotation": {
				"angle": 0,
				"axis": "y",
				"origin": [10.6, 5.25, 5.5]
			},
			"faces": {
				"north": {
					"uv": [11, 13.91667, 13.02083, 15.60417],
					"rotation": 90,
					"texture": "#1"
				},
				"east": {
					"uv": [11, 13.91667, 13.02083, 15.60417],
					"rotation": 270,
					"texture": "#1"
				},
				"south": {
					"uv": [11, 13.91667, 13.02083, 15.60417],
					"rotation": 270,
					"texture": "#1"
				},
				"west": {
					"uv": [11, 13.91667, 13.02083, 15.60417],
					"rotation": 270,
					"texture": "#1"
				},
				"up": {
					"uv": [11, 13.91667, 13.02083, 15.60417],
					"rotation": 270,
					"texture": "#1"
				},
				"down": {
					"uv": [11, 13.91667, 13.02083, 15.60417],
					"rotation": 270,
					"texture": "#1"
				}
			}
		},
		{
			"from": [10.6, 4.75, 5],
			"to": [10.85, 5, 6],
			"rotation": {
				"angle": 0,
				"axis": "y",
				"origin": [10.6, 5.25, 5.5]
			},
			"faces": {
				"north": {
					"uv": [11, 13.91667, 13.02083, 15.60417],
					"rotation": 90,
					"texture": "#1"
				},
				"east": {
					"uv": [11, 13.91667, 13.02083, 15.66667],
					"rotation": 270,
					"texture": "#1"
				},
				"south": {
					"uv": [11, 13.91667, 13.02083, 15.60417],
					"rotation": 270,
					"texture": "#1"
				},
				"west": {
					"uv": [11, 13.91667, 13.02083, 15.66667],
					"rotation": 270,
					"texture": "#1"
				},
				"up": {
					"uv": [11, 13.91667, 13.08333, 15.60417],
					"rotation": 270,
					"texture": "#1"
				},
				"down": {
					"uv": [11, 13.91667, 13.08333, 15.60417],
					"rotation": 270,
					"texture": "#1"
				}
			}
		},
		{
			"from": [10.6, 5, 5],
			"to": [10.85, 5.25, 5.25],
			"rotation": {
				"angle": 0,
				"axis": "y",
				"origin": [10.85, 5.25, 4.75]
			},
			"faces": {
				"north": {
					"uv": [11, 13.91667, 13.02083, 15.60417],
					"texture": "#1"
				},
				"east": {
					"uv": [11, 13.91667, 13.02083, 15.60417],
					"texture": "#1"
				},
				"south": {
					"uv": [11, 13.91667, 13.02083, 15.60417],
					"texture": "#1"
				},
				"west": {
					"uv": [11, 13.91667, 13.02083, 15.60417],
					"texture": "#1"
				},
				"up": {
					"uv": [11, 13.91667, 13.02083, 15.60417],
					"texture": "#1"
				},
				"down": {
					"uv": [11, 13.91667, 13.02083, 15.60417],
					"texture": "#1"
				}
			}
		},
		{
			"from": [10.35, 5, 5.75],
			"to": [10.6, 5.25, 6.75],
			"rotation": {
				"angle": 0,
				"axis": "y",
				"origin": [10.85, 5.25, 6.25]
			},
			"faces": {
				"north": {
					"uv": [11, 13.91667, 13.02083, 15.60417],
					"texture": "#1"
				},
				"east": {
					"uv": [11, 13.91667, 13.08333, 15.60417],
					"texture": "#1"
				},
				"south": {
					"uv": [11, 13.91667, 13.02083, 15.60417],
					"texture": "#1"
				},
				"west": {
					"uv": [11, 13.91667, 13.08333, 15.60417],
					"texture": "#1"
				},
				"up": {
					"uv": [11, 13.91667, 13.02083, 15.66667],
					"texture": "#1"
				},
				"down": {
					"uv": [11, 13.91667, 13.02083, 15.66667],
					"texture": "#1"
				}
			}
		},
		{
			"from": [5.35, 5, 10.75],
			"to": [5.6, 5.25, 11],
			"rotation": {
				"angle": 0,
				"axis": "y",
				"origin": [5.35, 5.25, 11.25]
			},
			"faces": {
				"north": {
					"uv": [11, 13.91667, 13.02083, 15.60417],
					"rotation": 90,
					"texture": "#1"
				},
				"east": {
					"uv": [11, 13.91667, 13.02083, 15.60417],
					"rotation": 270,
					"texture": "#1"
				},
				"south": {
					"uv": [11, 13.91667, 13.02083, 15.60417],
					"rotation": 270,
					"texture": "#1"
				},
				"west": {
					"uv": [11, 13.91667, 13.02083, 15.60417],
					"rotation": 270,
					"texture": "#1"
				},
				"up": {
					"uv": [11, 13.91667, 13.02083, 15.60417],
					"rotation": 270,
					"texture": "#1"
				},
				"down": {
					"uv": [11, 13.91667, 13.02083, 15.60417],
					"rotation": 270,
					"texture": "#1"
				}
			}
		},
		{
			"from": [5.1, 5, 10.25],
			"to": [5.35, 5.25, 11],
			"rotation": {
				"angle": 0,
				"axis": "y",
				"origin": [5.6, 5.25, 10.75]
			},
			"faces": {
				"north": {
					"uv": [11, 13.91667, 13.02083, 15.60417],
					"texture": "#1"
				},
				"east": {
					"uv": [11, 13.91667, 13.0625, 15.60417],
					"texture": "#1"
				},
				"south": {
					"uv": [11, 13.91667, 13.02083, 15.60417],
					"texture": "#1"
				},
				"west": {
					"uv": [11, 13.91667, 13.0625, 15.60417],
					"texture": "#1"
				},
				"up": {
					"uv": [11, 13.91667, 13.02083, 15.64583],
					"texture": "#1"
				},
				"down": {
					"uv": [11, 13.91667, 13.02083, 15.64583],
					"texture": "#1"
				}
			}
		},
		{
			"from": [5.6, 5, 10.25],
			"to": [5.85, 5.25, 11],
			"rotation": {
				"angle": 0,
				"axis": "y",
				"origin": [5.6, 5.25, 10.75]
			},
			"faces": {
				"north": {
					"uv": [11, 13.91667, 13.02083, 15.60417],
					"texture": "#1"
				},
				"east": {
					"uv": [11, 13.91667, 13.0625, 15.60417],
					"texture": "#1"
				},
				"south": {
					"uv": [11, 13.91667, 13.02083, 15.60417],
					"texture": "#1"
				},
				"west": {
					"uv": [11, 13.91667, 13.0625, 15.60417],
					"texture": "#1"
				},
				"up": {
					"uv": [11, 13.91667, 13.02083, 15.64583],
					"texture": "#1"
				},
				"down": {
					"uv": [11, 13.91667, 13.02083, 15.64583],
					"texture": "#1"
				}
			}
		},
		{
			"from": [5.35, 5, 10.25],
			"to": [5.6, 5.25, 10.5],
			"rotation": {
				"angle": 0,
				"axis": "y",
				"origin": [5.35, 5.25, 10]
			},
			"faces": {
				"north": {
					"uv": [11, 13.91667, 13.02083, 15.60417],
					"rotation": 90,
					"texture": "#1"
				},
				"east": {
					"uv": [11, 13.91667, 13.02083, 15.60417],
					"rotation": 270,
					"texture": "#1"
				},
				"south": {
					"uv": [11, 13.91667, 13.02083, 15.60417],
					"rotation": 270,
					"texture": "#1"
				},
				"west": {
					"uv": [11, 13.91667, 13.02083, 15.60417],
					"rotation": 270,
					"texture": "#1"
				},
				"up": {
					"uv": [11, 13.91667, 13.02083, 15.60417],
					"rotation": 270,
					"texture": "#1"
				},
				"down": {
					"uv": [11, 13.91667, 13.02083, 15.60417],
					"rotation": 270,
					"texture": "#1"
				}
			}
		},
		{
			"from": [5.35, 5.25, 9.5],
			"to": [5.6, 5.5, 10.5],
			"rotation": {
				"angle": 0,
				"axis": "y",
				"origin": [5.35, 5.25, 10]
			},
			"faces": {
				"north": {
					"uv": [11, 13.91667, 13.02083, 15.60417],
					"rotation": 90,
					"texture": "#1"
				},
				"east": {
					"uv": [11, 13.91667, 13.02083, 15.66667],
					"rotation": 270,
					"texture": "#1"
				},
				"south": {
					"uv": [11, 13.91667, 13.02083, 15.60417],
					"rotation": 270,
					"texture": "#1"
				},
				"west": {
					"uv": [11, 13.91667, 13.02083, 15.66667],
					"rotation": 270,
					"texture": "#1"
				},
				"up": {
					"uv": [11, 13.91667, 13.08333, 15.60417],
					"rotation": 270,
					"texture": "#1"
				},
				"down": {
					"uv": [11, 13.91667, 13.08333, 15.60417],
					"rotation": 270,
					"texture": "#1"
				}
			}
		},
		{
			"from": [5.35, 4.75, 9.5],
			"to": [5.6, 5, 10.5],
			"rotation": {
				"angle": 0,
				"axis": "y",
				"origin": [5.35, 5.25, 10]
			},
			"faces": {
				"north": {
					"uv": [11, 13.91667, 13.02083, 15.60417],
					"rotation": 90,
					"texture": "#1"
				},
				"east": {
					"uv": [11, 13.91667, 13.02083, 15.66667],
					"rotation": 270,
					"texture": "#1"
				},
				"south": {
					"uv": [11, 13.91667, 13.02083, 15.60417],
					"rotation": 270,
					"texture": "#1"
				},
				"west": {
					"uv": [11, 13.91667, 13.02083, 15.66667],
					"rotation": 270,
					"texture": "#1"
				},
				"up": {
					"uv": [11, 13.91667, 13.08333, 15.60417],
					"rotation": 270,
					"texture": "#1"
				},
				"down": {
					"uv": [11, 13.91667, 13.08333, 15.60417],
					"rotation": 270,
					"texture": "#1"
				}
			}
		},
		{
			"from": [5.35, 5, 9.5],
			"to": [5.6, 5.25, 9.75],
			"rotation": {
				"angle": 0,
				"axis": "y",
				"origin": [5.35, 5.25, 10]
			},
			"faces": {
				"north": {
					"uv": [11, 13.91667, 13.02083, 15.60417],
					"rotation": 90,
					"texture": "#1"
				},
				"east": {
					"uv": [11, 13.91667, 13.02083, 15.60417],
					"rotation": 270,
					"texture": "#1"
				},
				"south": {
					"uv": [11, 13.91667, 13.02083, 15.60417],
					"rotation": 270,
					"texture": "#1"
				},
				"west": {
					"uv": [11, 13.91667, 13.02083, 15.60417],
					"rotation": 270,
					"texture": "#1"
				},
				"up": {
					"uv": [11, 13.91667, 13.02083, 15.60417],
					"rotation": 270,
					"texture": "#1"
				},
				"down": {
					"uv": [11, 13.91667, 13.02083, 15.60417],
					"rotation": 270,
					"texture": "#1"
				}
			}
		},
		{
			"from": [5.6, 5, 8.75],
			"to": [5.85, 5.25, 9.75],
			"rotation": {
				"angle": 0,
				"axis": "y",
				"origin": [5.6, 5.25, 9.25]
			},
			"faces": {
				"north": {
					"uv": [11, 13.91667, 13.02083, 15.60417],
					"texture": "#1"
				},
				"east": {
					"uv": [11, 13.91667, 13.08333, 15.60417],
					"texture": "#1"
				},
				"south": {
					"uv": [11, 13.91667, 13.02083, 15.60417],
					"texture": "#1"
				},
				"west": {
					"uv": [11, 13.91667, 13.08333, 15.60417],
					"texture": "#1"
				},
				"up": {
					"uv": [11, 13.91667, 13.02083, 15.66667],
					"texture": "#1"
				},
				"down": {
					"uv": [11, 13.91667, 13.02083, 15.66667],
					"texture": "#1"
				}
			}
		},
		{
			"from": [5.1, 5, 8.75],
			"to": [5.35, 5.25, 9.75],
			"rotation": {
				"angle": 0,
				"axis": "y",
				"origin": [5.6, 5.25, 9.25]
			},
			"faces": {
				"north": {
					"uv": [11, 13.91667, 13.02083, 15.60417],
					"texture": "#1"
				},
				"east": {
					"uv": [11, 13.91667, 13.08333, 15.60417],
					"texture": "#1"
				},
				"south": {
					"uv": [11, 13.91667, 13.02083, 15.60417],
					"texture": "#1"
				},
				"west": {
					"uv": [11, 13.91667, 13.08333, 15.60417],
					"texture": "#1"
				},
				"up": {
					"uv": [11, 13.91667, 13.02083, 15.66667],
					"texture": "#1"
				},
				"down": {
					"uv": [11, 13.91667, 13.02083, 15.66667],
					"texture": "#1"
				}
			}
		},
		{
			"from": [5.35, 5.25, 8],
			"to": [5.6, 5.5, 9],
			"rotation": {
				"angle": 0,
				"axis": "y",
				"origin": [5.35, 5.25, 8.5]
			},
			"faces": {
				"north": {
					"uv": [11, 13.91667, 13.02083, 15.60417],
					"rotation": 90,
					"texture": "#1"
				},
				"east": {
					"uv": [11, 13.91667, 13.02083, 15.66667],
					"rotation": 270,
					"texture": "#1"
				},
				"south": {
					"uv": [11, 13.91667, 13.02083, 15.60417],
					"rotation": 270,
					"texture": "#1"
				},
				"west": {
					"uv": [11, 13.91667, 13.02083, 15.66667],
					"rotation": 270,
					"texture": "#1"
				},
				"up": {
					"uv": [11, 13.91667, 13.08333, 15.60417],
					"rotation": 270,
					"texture": "#1"
				},
				"down": {
					"uv": [11, 13.91667, 13.08333, 15.60417],
					"rotation": 270,
					"texture": "#1"
				}
			}
		},
		{
			"from": [5.35, 5, 8.75],
			"to": [5.6, 5.25, 9],
			"rotation": {
				"angle": 0,
				"axis": "y",
				"origin": [5.35, 5.25, 8.5]
			},
			"faces": {
				"north": {
					"uv": [11, 13.91667, 13.02083, 15.60417],
					"rotation": 90,
					"texture": "#1"
				},
				"east": {
					"uv": [11, 13.91667, 13.02083, 15.60417],
					"rotation": 270,
					"texture": "#1"
				},
				"south": {
					"uv": [11, 13.91667, 13.02083, 15.60417],
					"rotation": 270,
					"texture": "#1"
				},
				"west": {
					"uv": [11, 13.91667, 13.02083, 15.60417],
					"rotation": 270,
					"texture": "#1"
				},
				"up": {
					"uv": [11, 13.91667, 13.02083, 15.60417],
					"rotation": 270,
					"texture": "#1"
				},
				"down": {
					"uv": [11, 13.91667, 13.02083, 15.60417],
					"rotation": 270,
					"texture": "#1"
				}
			}
		},
		{
			"from": [5.35, 4.75, 8],
			"to": [5.6, 5, 9],
			"rotation": {
				"angle": 0,
				"axis": "y",
				"origin": [5.35, 5.25, 8.5]
			},
			"faces": {
				"north": {
					"uv": [11, 13.91667, 13.02083, 15.60417],
					"rotation": 90,
					"texture": "#1"
				},
				"east": {
					"uv": [11, 13.91667, 13.02083, 15.66667],
					"rotation": 270,
					"texture": "#1"
				},
				"south": {
					"uv": [11, 13.91667, 13.02083, 15.60417],
					"rotation": 270,
					"texture": "#1"
				},
				"west": {
					"uv": [11, 13.91667, 13.02083, 15.66667],
					"rotation": 270,
					"texture": "#1"
				},
				"up": {
					"uv": [11, 13.91667, 13.08333, 15.60417],
					"rotation": 270,
					"texture": "#1"
				},
				"down": {
					"uv": [11, 13.91667, 13.08333, 15.60417],
					"rotation": 270,
					"texture": "#1"
				}
			}
		},
		{
			"from": [5.6, 5, 7.25],
			"to": [5.85, 5.25, 8.25],
			"rotation": {
				"angle": 0,
				"axis": "y",
				"origin": [5.6, 5.25, 7.75]
			},
			"faces": {
				"north": {
					"uv": [11, 13.91667, 13.02083, 15.60417],
					"texture": "#1"
				},
				"east": {
					"uv": [11, 13.91667, 13.08333, 15.60417],
					"texture": "#1"
				},
				"south": {
					"uv": [11, 13.91667, 13.02083, 15.60417],
					"texture": "#1"
				},
				"west": {
					"uv": [11, 13.91667, 13.08333, 15.60417],
					"texture": "#1"
				},
				"up": {
					"uv": [11, 13.91667, 13.02083, 15.66667],
					"texture": "#1"
				},
				"down": {
					"uv": [11, 13.91667, 13.02083, 15.66667],
					"texture": "#1"
				}
			}
		},
		{
			"from": [5.35, 5, 8],
			"to": [5.6, 5.25, 8.25],
			"rotation": {
				"angle": 0,
				"axis": "y",
				"origin": [5.35, 5.25, 8.5]
			},
			"faces": {
				"north": {
					"uv": [11, 13.91667, 13.02083, 15.60417],
					"rotation": 90,
					"texture": "#1"
				},
				"east": {
					"uv": [11, 13.91667, 13.02083, 15.60417],
					"rotation": 270,
					"texture": "#1"
				},
				"south": {
					"uv": [11, 13.91667, 13.02083, 15.60417],
					"rotation": 270,
					"texture": "#1"
				},
				"west": {
					"uv": [11, 13.91667, 13.02083, 15.60417],
					"rotation": 270,
					"texture": "#1"
				},
				"up": {
					"uv": [11, 13.91667, 13.02083, 15.60417],
					"rotation": 270,
					"texture": "#1"
				},
				"down": {
					"uv": [11, 13.91667, 13.02083, 15.60417],
					"rotation": 270,
					"texture": "#1"
				}
			}
		},
		{
			"from": [5.1, 5, 7.25],
			"to": [5.35, 5.25, 8.25],
			"rotation": {
				"angle": 0,
				"axis": "y",
				"origin": [5.6, 5.25, 7.75]
			},
			"faces": {
				"north": {
					"uv": [11, 13.91667, 13.02083, 15.60417],
					"texture": "#1"
				},
				"east": {
					"uv": [11, 13.91667, 13.08333, 15.60417],
					"texture": "#1"
				},
				"south": {
					"uv": [11, 13.91667, 13.02083, 15.60417],
					"texture": "#1"
				},
				"west": {
					"uv": [11, 13.91667, 13.08333, 15.60417],
					"texture": "#1"
				},
				"up": {
					"uv": [11, 13.91667, 13.02083, 15.66667],
					"texture": "#1"
				},
				"down": {
					"uv": [11, 13.91667, 13.02083, 15.66667],
					"texture": "#1"
				}
			}
		},
		{
			"from": [5.35, 5.25, 6.5],
			"to": [5.6, 5.5, 7.5],
			"rotation": {
				"angle": 0,
				"axis": "y",
				"origin": [5.35, 5.25, 7]
			},
			"faces": {
				"north": {
					"uv": [11, 13.91667, 13.02083, 15.60417],
					"rotation": 90,
					"texture": "#1"
				},
				"east": {
					"uv": [11, 13.91667, 13.02083, 15.66667],
					"rotation": 270,
					"texture": "#1"
				},
				"south": {
					"uv": [11, 13.91667, 13.02083, 15.60417],
					"rotation": 270,
					"texture": "#1"
				},
				"west": {
					"uv": [11, 13.91667, 13.02083, 15.66667],
					"rotation": 270,
					"texture": "#1"
				},
				"up": {
					"uv": [11, 13.91667, 13.08333, 15.60417],
					"rotation": 270,
					"texture": "#1"
				},
				"down": {
					"uv": [11, 13.91667, 13.08333, 15.60417],
					"rotation": 270,
					"texture": "#1"
				}
			}
		},
		{
			"from": [5.35, 5, 7.25],
			"to": [5.6, 5.25, 7.5],
			"rotation": {
				"angle": 0,
				"axis": "y",
				"origin": [5.35, 5.25, 7]
			},
			"faces": {
				"north": {
					"uv": [11, 13.91667, 13.02083, 15.60417],
					"rotation": 90,
					"texture": "#1"
				},
				"east": {
					"uv": [11, 13.91667, 13.02083, 15.60417],
					"rotation": 270,
					"texture": "#1"
				},
				"south": {
					"uv": [11, 13.91667, 13.02083, 15.60417],
					"rotation": 270,
					"texture": "#1"
				},
				"west": {
					"uv": [11, 13.91667, 13.02083, 15.60417],
					"rotation": 270,
					"texture": "#1"
				},
				"up": {
					"uv": [11, 13.91667, 13.02083, 15.60417],
					"rotation": 270,
					"texture": "#1"
				},
				"down": {
					"uv": [11, 13.91667, 13.02083, 15.60417],
					"rotation": 270,
					"texture": "#1"
				}
			}
		},
		{
			"from": [5.35, 4.75, 6.5],
			"to": [5.6, 5, 7.5],
			"rotation": {
				"angle": 0,
				"axis": "y",
				"origin": [5.35, 5.25, 7]
			},
			"faces": {
				"north": {
					"uv": [11, 13.91667, 13.02083, 15.60417],
					"rotation": 90,
					"texture": "#1"
				},
				"east": {
					"uv": [11, 13.91667, 13.02083, 15.66667],
					"rotation": 270,
					"texture": "#1"
				},
				"south": {
					"uv": [11, 13.91667, 13.02083, 15.60417],
					"rotation": 270,
					"texture": "#1"
				},
				"west": {
					"uv": [11, 13.91667, 13.02083, 15.66667],
					"rotation": 270,
					"texture": "#1"
				},
				"up": {
					"uv": [11, 13.91667, 13.08333, 15.60417],
					"rotation": 270,
					"texture": "#1"
				},
				"down": {
					"uv": [11, 13.91667, 13.08333, 15.60417],
					"rotation": 270,
					"texture": "#1"
				}
			}
		},
		{
			"from": [5.35, 5, 6.5],
			"to": [5.6, 5.25, 6.75],
			"rotation": {
				"angle": 0,
				"axis": "y",
				"origin": [5.6, 5.25, 6.25]
			},
			"faces": {
				"north": {
					"uv": [11, 13.91667, 13.02083, 15.60417],
					"texture": "#1"
				},
				"east": {
					"uv": [11, 13.91667, 13.02083, 15.60417],
					"texture": "#1"
				},
				"south": {
					"uv": [11, 13.91667, 13.02083, 15.60417],
					"texture": "#1"
				},
				"west": {
					"uv": [11, 13.91667, 13.02083, 15.60417],
					"texture": "#1"
				},
				"up": {
					"uv": [11, 13.91667, 13.02083, 15.60417],
					"texture": "#1"
				},
				"down": {
					"uv": [11, 13.91667, 13.02083, 15.60417],
					"texture": "#1"
				}
			}
		},
		{
			"from": [5.1, 5, 5.75],
			"to": [5.35, 5.25, 6.75],
			"rotation": {
				"angle": 0,
				"axis": "y",
				"origin": [5.6, 5.25, 6.25]
			},
			"faces": {
				"north": {
					"uv": [11, 13.91667, 13.02083, 15.60417],
					"texture": "#1"
				},
				"east": {
					"uv": [11, 13.91667, 13.08333, 15.60417],
					"texture": "#1"
				},
				"south": {
					"uv": [11, 13.91667, 13.02083, 15.60417],
					"texture": "#1"
				},
				"west": {
					"uv": [11, 13.91667, 13.08333, 15.60417],
					"texture": "#1"
				},
				"up": {
					"uv": [11, 13.91667, 13.02083, 15.66667],
					"texture": "#1"
				},
				"down": {
					"uv": [11, 13.91667, 13.02083, 15.66667],
					"texture": "#1"
				}
			}
		},
		{
			"from": [5.6, 5, 5.75],
			"to": [5.85, 5.25, 6.75],
			"rotation": {
				"angle": 0,
				"axis": "y",
				"origin": [5.6, 5.25, 6.25]
			},
			"faces": {
				"north": {
					"uv": [11, 13.91667, 13.02083, 15.60417],
					"texture": "#1"
				},
				"east": {
					"uv": [11, 13.91667, 13.08333, 15.60417],
					"texture": "#1"
				},
				"south": {
					"uv": [11, 13.91667, 13.02083, 15.60417],
					"texture": "#1"
				},
				"west": {
					"uv": [11, 13.91667, 13.08333, 15.60417],
					"texture": "#1"
				},
				"up": {
					"uv": [11, 13.91667, 13.02083, 15.66667],
					"texture": "#1"
				},
				"down": {
					"uv": [11, 13.91667, 13.02083, 15.66667],
					"texture": "#1"
				}
			}
		},
		{
			"from": [5.35, 5.25, 5],
			"to": [5.6, 5.5, 6],
			"rotation": {
				"angle": 0,
				"axis": "y",
				"origin": [5.35, 5.25, 5.5]
			},
			"faces": {
				"north": {
					"uv": [11, 13.91667, 13.02083, 15.60417],
					"rotation": 90,
					"texture": "#1"
				},
				"east": {
					"uv": [11, 13.91667, 13.02083, 15.66667],
					"rotation": 270,
					"texture": "#1"
				},
				"south": {
					"uv": [11, 13.91667, 13.02083, 15.60417],
					"rotation": 270,
					"texture": "#1"
				},
				"west": {
					"uv": [11, 13.91667, 13.02083, 15.66667],
					"rotation": 270,
					"texture": "#1"
				},
				"up": {
					"uv": [11, 13.91667, 13.08333, 15.60417],
					"rotation": 270,
					"texture": "#1"
				},
				"down": {
					"uv": [11, 13.91667, 13.08333, 15.60417],
					"rotation": 270,
					"texture": "#1"
				}
			}
		},
		{
			"from": [5.35, 4.75, 5],
			"to": [5.6, 5, 6],
			"rotation": {
				"angle": 0,
				"axis": "y",
				"origin": [5.35, 5.25, 5.5]
			},
			"faces": {
				"north": {
					"uv": [11, 13.91667, 13.02083, 15.60417],
					"rotation": 90,
					"texture": "#1"
				},
				"east": {
					"uv": [11, 13.91667, 13.02083, 15.66667],
					"rotation": 270,
					"texture": "#1"
				},
				"south": {
					"uv": [11, 13.91667, 13.02083, 15.60417],
					"rotation": 270,
					"texture": "#1"
				},
				"west": {
					"uv": [11, 13.91667, 13.02083, 15.66667],
					"rotation": 270,
					"texture": "#1"
				},
				"up": {
					"uv": [11, 13.91667, 13.08333, 15.60417],
					"rotation": 270,
					"texture": "#1"
				},
				"down": {
					"uv": [11, 13.91667, 13.08333, 15.60417],
					"rotation": 270,
					"texture": "#1"
				}
			}
		},
		{
			"from": [7.6, 5, 5],
			"to": [7.85, 5.25, 5.25],
			"rotation": {
				"angle": 0,
				"axis": "y",
				"origin": [7.35, 5.25, 5]
			},
			"faces": {
				"north": {
					"uv": [11, 13.91667, 13.02083, 15.60417],
					"texture": "#1"
				},
				"east": {
					"uv": [11, 13.91667, 13.02083, 15.60417],
					"texture": "#1"
				},
				"south": {
					"uv": [11, 13.91667, 13.02083, 15.60417],
					"texture": "#1"
				},
				"west": {
					"uv": [11, 13.91667, 13.02083, 15.60417],
					"texture": "#1"
				},
				"up": {
					"uv": [11, 13.91667, 13.02083, 15.60417],
					"rotation": 270,
					"texture": "#1"
				},
				"down": {
					"uv": [11, 13.91667, 13.02083, 15.60417],
					"rotation": 90,
					"texture": "#1"
				}
			}
		},
		{
			"from": [7.6, 5.25, 5],
			"to": [8.6, 5.5, 5.25],
			"rotation": {
				"angle": 0,
				"axis": "y",
				"origin": [8.1, 5.25, 5.25]
			},
			"faces": {
				"north": {
					"uv": [11, 13.91667, 13.02083, 15.66667],
					"rotation": 270,
					"texture": "#1"
				},
				"east": {
					"uv": [11, 13.91667, 13.02083, 15.60417],
					"rotation": 270,
					"texture": "#1"
				},
				"south": {
					"uv": [11, 13.91667, 13.02083, 15.66667],
					"rotation": 270,
					"texture": "#1"
				},
				"west": {
					"uv": [11, 13.91667, 13.02083, 15.60417],
					"rotation": 90,
					"texture": "#1"
				},
				"up": {
					"uv": [11, 13.91667, 13.08333, 15.60417],
					"rotation": 180,
					"texture": "#1"
				},
				"down": {
					"uv": [11, 13.91667, 13.08333, 15.60417],
					"texture": "#1"
				}
			}
		},
		{
			"from": [7.6, 4.75, 5],
			"to": [8.6, 5, 5.25],
			"rotation": {
				"angle": 0,
				"axis": "y",
				"origin": [8.1, 5.25, 5.25]
			},
			"faces": {
				"north": {
					"uv": [11, 13.91667, 13.02083, 15.66667],
					"rotation": 270,
					"texture": "#1"
				},
				"east": {
					"uv": [11, 13.91667, 13.02083, 15.60417],
					"rotation": 270,
					"texture": "#1"
				},
				"south": {
					"uv": [11, 13.91667, 13.02083, 15.66667],
					"rotation": 270,
					"texture": "#1"
				},
				"west": {
					"uv": [11, 13.91667, 13.02083, 15.60417],
					"rotation": 90,
					"texture": "#1"
				},
				"up": {
					"uv": [11, 13.91667, 13.08333, 15.60417],
					"rotation": 180,
					"texture": "#1"
				},
				"down": {
					"uv": [11, 13.91667, 13.08333, 15.60417],
					"texture": "#1"
				}
			}
		},
		{
			"from": [8.35, 5, 5.25],
			"to": [9.35, 5.25, 5.5],
			"rotation": {
				"angle": 0,
				"axis": "y",
				"origin": [8.85, 5.25, 5]
			},
			"faces": {
				"north": {
					"uv": [11, 13.91667, 13.08333, 15.60417],
					"texture": "#1"
				},
				"east": {
					"uv": [11, 13.91667, 13.02083, 15.60417],
					"texture": "#1"
				},
				"south": {
					"uv": [11, 13.91667, 13.08333, 15.60417],
					"texture": "#1"
				},
				"west": {
					"uv": [11, 13.91667, 13.02083, 15.60417],
					"texture": "#1"
				},
				"up": {
					"uv": [11, 13.91667, 13.02083, 15.66667],
					"rotation": 270,
					"texture": "#1"
				},
				"down": {
					"uv": [11, 13.91667, 13.02083, 15.66667],
					"rotation": 90,
					"texture": "#1"
				}
			}
		},
		{
			"from": [6.85, 5, 5.25],
			"to": [7.85, 5.25, 5.5],
			"rotation": {
				"angle": 0,
				"axis": "y",
				"origin": [7.35, 5.25, 5]
			},
			"faces": {
				"north": {
					"uv": [11, 13.91667, 13.08333, 15.60417],
					"texture": "#1"
				},
				"east": {
					"uv": [11, 13.91667, 13.02083, 15.60417],
					"texture": "#1"
				},
				"south": {
					"uv": [11, 13.91667, 13.08333, 15.60417],
					"texture": "#1"
				},
				"west": {
					"uv": [11, 13.91667, 13.02083, 15.60417],
					"texture": "#1"
				},
				"up": {
					"uv": [11, 13.91667, 13.02083, 15.66667],
					"rotation": 270,
					"texture": "#1"
				},
				"down": {
					"uv": [11, 13.91667, 13.02083, 15.66667],
					"rotation": 90,
					"texture": "#1"
				}
			}
		},
		{
			"from": [9.1, 5, 5],
			"to": [9.35, 5.25, 5.25],
			"rotation": {
				"angle": 0,
				"axis": "y",
				"origin": [8.85, 5.25, 5]
			},
			"faces": {
				"north": {
					"uv": [11, 13.91667, 13.02083, 15.60417],
					"texture": "#1"
				},
				"east": {
					"uv": [11, 13.91667, 13.02083, 15.60417],
					"texture": "#1"
				},
				"south": {
					"uv": [11, 13.91667, 13.02083, 15.60417],
					"texture": "#1"
				},
				"west": {
					"uv": [11, 13.91667, 13.02083, 15.60417],
					"texture": "#1"
				},
				"up": {
					"uv": [11, 13.91667, 13.02083, 15.60417],
					"rotation": 270,
					"texture": "#1"
				},
				"down": {
					"uv": [11, 13.91667, 13.02083, 15.60417],
					"rotation": 90,
					"texture": "#1"
				}
			}
		},
		{
			"from": [8.35, 5, 4.75],
			"to": [9.35, 5.25, 5],
			"rotation": {
				"angle": 0,
				"axis": "y",
				"origin": [8.85, 5.25, 5]
			},
			"faces": {
				"north": {
					"uv": [11, 13.91667, 13.08333, 15.60417],
					"texture": "#1"
				},
				"east": {
					"uv": [11, 13.91667, 13.02083, 15.60417],
					"texture": "#1"
				},
				"south": {
					"uv": [11, 13.91667, 13.08333, 15.60417],
					"texture": "#1"
				},
				"west": {
					"uv": [11, 13.91667, 13.02083, 15.60417],
					"texture": "#1"
				},
				"up": {
					"uv": [11, 13.91667, 13.02083, 15.66667],
					"rotation": 270,
					"texture": "#1"
				},
				"down": {
					"uv": [11, 13.91667, 13.02083, 15.66667],
					"rotation": 90,
					"texture": "#1"
				}
			}
		},
		{
			"from": [8.35, 5, 5],
			"to": [8.6, 5.25, 5.25],
			"rotation": {
				"angle": 0,
				"axis": "y",
				"origin": [8.1, 5.25, 5.25]
			},
			"faces": {
				"north": {
					"uv": [11, 13.91667, 13.02083, 15.60417],
					"rotation": 270,
					"texture": "#1"
				},
				"east": {
					"uv": [11, 13.91667, 13.02083, 15.60417],
					"rotation": 270,
					"texture": "#1"
				},
				"south": {
					"uv": [11, 13.91667, 13.02083, 15.60417],
					"rotation": 270,
					"texture": "#1"
				},
				"west": {
					"uv": [11, 13.91667, 13.02083, 15.60417],
					"rotation": 90,
					"texture": "#1"
				},
				"up": {
					"uv": [11, 13.91667, 13.02083, 15.60417],
					"rotation": 180,
					"texture": "#1"
				},
				"down": {
					"uv": [11, 13.91667, 13.02083, 15.60417],
					"texture": "#1"
				}
			}
		},
		{
			"from": [9.1, 4.75, 5],
			"to": [10.1, 5, 5.25],
			"rotation": {
				"angle": 0,
				"axis": "y",
				"origin": [9.6, 5.25, 5.25]
			},
			"faces": {
				"north": {
					"uv": [11, 13.91667, 13.02083, 15.66667],
					"rotation": 270,
					"texture": "#1"
				},
				"east": {
					"uv": [11, 13.91667, 13.02083, 15.60417],
					"rotation": 270,
					"texture": "#1"
				},
				"south": {
					"uv": [11, 13.91667, 13.02083, 15.66667],
					"rotation": 270,
					"texture": "#1"
				},
				"west": {
					"uv": [11, 13.91667, 13.02083, 15.60417],
					"rotation": 90,
					"texture": "#1"
				},
				"up": {
					"uv": [11, 13.91667, 13.08333, 15.60417],
					"rotation": 180,
					"texture": "#1"
				},
				"down": {
					"uv": [11, 13.91667, 13.08333, 15.60417],
					"texture": "#1"
				}
			}
		},
		{
			"from": [9.1, 5.25, 5],
			"to": [10.1, 5.5, 5.25],
			"rotation": {
				"angle": 0,
				"axis": "y",
				"origin": [9.6, 5.25, 5.25]
			},
			"faces": {
				"north": {
					"uv": [11, 13.91667, 13.02083, 15.66667],
					"rotation": 270,
					"texture": "#1"
				},
				"east": {
					"uv": [11, 13.91667, 13.02083, 15.60417],
					"rotation": 270,
					"texture": "#1"
				},
				"south": {
					"uv": [11, 13.91667, 13.02083, 15.66667],
					"rotation": 270,
					"texture": "#1"
				},
				"west": {
					"uv": [11, 13.91667, 13.02083, 15.60417],
					"rotation": 90,
					"texture": "#1"
				},
				"up": {
					"uv": [11, 13.91667, 13.08333, 15.60417],
					"rotation": 180,
					"texture": "#1"
				},
				"down": {
					"uv": [11, 13.91667, 13.08333, 15.60417],
					"texture": "#1"
				}
			}
		},
		{
			"from": [9.85, 5, 5],
			"to": [10.1, 5.25, 5.25],
			"rotation": {
				"angle": 0,
				"axis": "y",
				"origin": [9.6, 5.25, 5.25]
			},
			"faces": {
				"north": {
					"uv": [11, 13.91667, 13.02083, 15.60417],
					"rotation": 270,
					"texture": "#1"
				},
				"east": {
					"uv": [11, 13.91667, 13.02083, 15.60417],
					"rotation": 270,
					"texture": "#1"
				},
				"south": {
					"uv": [11, 13.91667, 13.02083, 15.60417],
					"rotation": 270,
					"texture": "#1"
				},
				"west": {
					"uv": [11, 13.91667, 13.02083, 15.60417],
					"rotation": 90,
					"texture": "#1"
				},
				"up": {
					"uv": [11, 13.91667, 13.02083, 15.60417],
					"rotation": 180,
					"texture": "#1"
				},
				"down": {
					"uv": [11, 13.91667, 13.02083, 15.60417],
					"texture": "#1"
				}
			}
		},
		{
			"from": [9.85, 5, 5.25],
			"to": [10.85, 5.25, 5.5],
			"rotation": {
				"angle": 0,
				"axis": "y",
				"origin": [10.35, 5.25, 5]
			},
			"faces": {
				"north": {
					"uv": [11, 13.91667, 13.08333, 15.60417],
					"texture": "#1"
				},
				"east": {
					"uv": [11, 13.91667, 13.02083, 15.60417],
					"texture": "#1"
				},
				"south": {
					"uv": [11, 13.91667, 13.08333, 15.60417],
					"texture": "#1"
				},
				"west": {
					"uv": [11, 13.91667, 13.02083, 15.60417],
					"texture": "#1"
				},
				"up": {
					"uv": [11, 13.91667, 13.02083, 15.66667],
					"rotation": 270,
					"texture": "#1"
				},
				"down": {
					"uv": [11, 13.91667, 13.02083, 15.66667],
					"rotation": 90,
					"texture": "#1"
				}
			}
		},
		{
			"from": [9.85, 5, 4.75],
			"to": [10.85, 5.25, 5],
			"rotation": {
				"angle": 0,
				"axis": "y",
				"origin": [10.35, 5.25, 5]
			},
			"faces": {
				"north": {
					"uv": [11, 13.91667, 13.08333, 15.60417],
					"texture": "#1"
				},
				"east": {
					"uv": [11, 13.91667, 13.02083, 15.60417],
					"texture": "#1"
				},
				"south": {
					"uv": [11, 13.91667, 13.08333, 15.60417],
					"texture": "#1"
				},
				"west": {
					"uv": [11, 13.91667, 13.02083, 15.60417],
					"texture": "#1"
				},
				"up": {
					"uv": [11, 13.91667, 13.02083, 15.66667],
					"rotation": 270,
					"texture": "#1"
				},
				"down": {
					"uv": [11, 13.91667, 13.02083, 15.66667],
					"rotation": 90,
					"texture": "#1"
				}
			}
		},
		{
			"from": [10.1, 5, 5.25],
			"to": [10.35, 5.25, 5.5],
			"rotation": {
				"angle": 0,
				"axis": "y",
				"origin": [10.6, 5.25, 5.5]
			},
			"faces": {
				"north": {
					"uv": [11, 13.91667, 13.02083, 15.60417],
					"rotation": 270,
					"texture": "#1"
				},
				"east": {
					"uv": [11, 13.91667, 13.02083, 15.60417],
					"rotation": 270,
					"texture": "#1"
				},
				"south": {
					"uv": [11, 13.91667, 13.02083, 15.60417],
					"rotation": 270,
					"texture": "#1"
				},
				"west": {
					"uv": [11, 13.91667, 13.02083, 15.60417],
					"rotation": 90,
					"texture": "#1"
				},
				"up": {
					"uv": [11, 13.91667, 13.02083, 15.60417],
					"rotation": 180,
					"texture": "#1"
				},
				"down": {
					"uv": [11, 13.91667, 13.02083, 15.60417],
					"texture": "#1"
				}
			}
		},
		{
			"from": [5.35, 5, 4.75],
			"to": [6.35, 5.25, 5],
			"rotation": {
				"angle": 0,
				"axis": "y",
				"origin": [5.85, 5.25, 5]
			},
			"faces": {
				"north": {
					"uv": [11, 13.91667, 13.08333, 15.60417],
					"texture": "#1"
				},
				"east": {
					"uv": [11, 13.91667, 13.02083, 15.60417],
					"texture": "#1"
				},
				"south": {
					"uv": [11, 13.91667, 13.08333, 15.60417],
					"texture": "#1"
				},
				"west": {
					"uv": [11, 13.91667, 13.02083, 15.60417],
					"texture": "#1"
				},
				"up": {
					"uv": [11, 13.91667, 13.02083, 15.66667],
					"rotation": 270,
					"texture": "#1"
				},
				"down": {
					"uv": [11, 13.91667, 13.02083, 15.66667],
					"rotation": 90,
					"texture": "#1"
				}
			}
		},
		{
			"from": [5.35, 5, 5.25],
			"to": [6.35, 5.25, 5.5],
			"rotation": {
				"angle": 0,
				"axis": "y",
				"origin": [5.85, 5.25, 5]
			},
			"faces": {
				"north": {
					"uv": [11, 13.91667, 13.08333, 15.60417],
					"texture": "#1"
				},
				"east": {
					"uv": [11, 13.91667, 13.02083, 15.60417],
					"texture": "#1"
				},
				"south": {
					"uv": [11, 13.91667, 13.08333, 15.60417],
					"texture": "#1"
				},
				"west": {
					"uv": [11, 13.91667, 13.02083, 15.60417],
					"texture": "#1"
				},
				"up": {
					"uv": [11, 13.91667, 13.02083, 15.66667],
					"rotation": 270,
					"texture": "#1"
				},
				"down": {
					"uv": [11, 13.91667, 13.02083, 15.66667],
					"rotation": 90,
					"texture": "#1"
				}
			}
		},
		{
			"from": [5.35, 5, 5],
			"to": [5.6, 5.25, 5.25],
			"rotation": {
				"angle": 0,
				"axis": "y",
				"origin": [5.1, 5.25, 5.25]
			},
			"faces": {
				"north": {
					"uv": [11, 13.91667, 13.02083, 15.60417],
					"rotation": 270,
					"texture": "#1"
				},
				"east": {
					"uv": [11, 13.91667, 13.02083, 15.60417],
					"rotation": 270,
					"texture": "#1"
				},
				"south": {
					"uv": [11, 13.91667, 13.02083, 15.60417],
					"rotation": 270,
					"texture": "#1"
				},
				"west": {
					"uv": [11, 13.91667, 13.02083, 15.60417],
					"rotation": 90,
					"texture": "#1"
				},
				"up": {
					"uv": [11, 13.91667, 13.02083, 15.60417],
					"rotation": 180,
					"texture": "#1"
				},
				"down": {
					"uv": [11, 13.91667, 13.02083, 15.60417],
					"texture": "#1"
				}
			}
		},
		{
			"from": [6.1, 5, 5],
			"to": [6.35, 5.25, 5.25],
			"rotation": {
				"angle": 0,
				"axis": "y",
				"origin": [5.85, 5.25, 5]
			},
			"faces": {
				"north": {
					"uv": [11, 13.91667, 13.02083, 15.60417],
					"texture": "#1"
				},
				"east": {
					"uv": [11, 13.91667, 13.02083, 15.60417],
					"texture": "#1"
				},
				"south": {
					"uv": [11, 13.91667, 13.02083, 15.60417],
					"texture": "#1"
				},
				"west": {
					"uv": [11, 13.91667, 13.02083, 15.60417],
					"texture": "#1"
				},
				"up": {
					"uv": [11, 13.91667, 13.02083, 15.60417],
					"rotation": 270,
					"texture": "#1"
				},
				"down": {
					"uv": [11, 13.91667, 13.02083, 15.60417],
					"rotation": 90,
					"texture": "#1"
				}
			}
		},
		{
			"from": [6.1, 4.75, 5],
			"to": [7.1, 5, 5.25],
			"rotation": {
				"angle": 0,
				"axis": "y",
				"origin": [6.6, 5.25, 5.25]
			},
			"faces": {
				"north": {
					"uv": [11, 13.91667, 13.02083, 15.66667],
					"rotation": 270,
					"texture": "#1"
				},
				"east": {
					"uv": [11, 13.91667, 13.02083, 15.60417],
					"rotation": 270,
					"texture": "#1"
				},
				"south": {
					"uv": [11, 13.91667, 13.02083, 15.66667],
					"rotation": 270,
					"texture": "#1"
				},
				"west": {
					"uv": [11, 13.91667, 13.02083, 15.60417],
					"rotation": 90,
					"texture": "#1"
				},
				"up": {
					"uv": [11, 13.91667, 13.08333, 15.60417],
					"rotation": 180,
					"texture": "#1"
				},
				"down": {
					"uv": [11, 13.91667, 13.08333, 15.60417],
					"texture": "#1"
				}
			}
		},
		{
			"from": [6.1, 5.25, 5],
			"to": [7.1, 5.5, 5.25],
			"rotation": {
				"angle": 0,
				"axis": "y",
				"origin": [6.6, 5.25, 5.25]
			},
			"faces": {
				"north": {
					"uv": [11, 13.91667, 13.02083, 15.66667],
					"rotation": 270,
					"texture": "#1"
				},
				"east": {
					"uv": [11, 13.91667, 13.02083, 15.60417],
					"rotation": 270,
					"texture": "#1"
				},
				"south": {
					"uv": [11, 13.91667, 13.02083, 15.66667],
					"rotation": 270,
					"texture": "#1"
				},
				"west": {
					"uv": [11, 13.91667, 13.02083, 15.60417],
					"rotation": 90,
					"texture": "#1"
				},
				"up": {
					"uv": [11, 13.91667, 13.08333, 15.60417],
					"rotation": 180,
					"texture": "#1"
				},
				"down": {
					"uv": [11, 13.91667, 13.08333, 15.60417],
					"texture": "#1"
				}
			}
		},
		{
			"from": [6.85, 5, 5],
			"to": [7.1, 5.25, 5.25],
			"rotation": {
				"angle": 0,
				"axis": "y",
				"origin": [6.6, 5.25, 5.25]
			},
			"faces": {
				"north": {
					"uv": [11, 13.91667, 13.02083, 15.60417],
					"rotation": 270,
					"texture": "#1"
				},
				"east": {
					"uv": [11, 13.91667, 13.02083, 15.60417],
					"rotation": 270,
					"texture": "#1"
				},
				"south": {
					"uv": [11, 13.91667, 13.02083, 15.60417],
					"rotation": 270,
					"texture": "#1"
				},
				"west": {
					"uv": [11, 13.91667, 13.02083, 15.60417],
					"rotation": 90,
					"texture": "#1"
				},
				"up": {
					"uv": [11, 13.91667, 13.02083, 15.60417],
					"rotation": 180,
					"texture": "#1"
				},
				"down": {
					"uv": [11, 13.91667, 13.02083, 15.60417],
					"texture": "#1"
				}
			}
		},
		{
			"from": [6.85, 5, 4.75],
			"to": [7.85, 5.25, 5],
			"rotation": {
				"angle": 0,
				"axis": "y",
				"origin": [7.35, 5.25, 5]
			},
			"faces": {
				"north": {
					"uv": [11, 13.91667, 13.08333, 15.60417],
					"texture": "#1"
				},
				"east": {
					"uv": [11, 13.91667, 13.02083, 15.60417],
					"texture": "#1"
				},
				"south": {
					"uv": [11, 13.91667, 13.08333, 15.60417],
					"texture": "#1"
				},
				"west": {
					"uv": [11, 13.91667, 13.02083, 15.60417],
					"texture": "#1"
				},
				"up": {
					"uv": [11, 13.91667, 13.02083, 15.66667],
					"rotation": 270,
					"texture": "#1"
				},
				"down": {
					"uv": [11, 13.91667, 13.02083, 15.66667],
					"rotation": 90,
					"texture": "#1"
				}
			}
		},
		{
			"from": [9.85, 5.25, 10.75],
			"to": [10.85, 5.5, 11],
			"rotation": {
				"angle": 0,
				"axis": "y",
				"origin": [10.35, 5.25, 11]
			},
			"faces": {
				"north": {
					"uv": [11, 13.91667, 13.02083, 15.66667],
					"rotation": 270,
					"texture": "#1"
				},
				"east": {
					"uv": [11, 13.91667, 13.02083, 15.60417],
					"rotation": 270,
					"texture": "#1"
				},
				"south": {
					"uv": [11, 13.91667, 13.02083, 15.66667],
					"rotation": 270,
					"texture": "#1"
				},
				"west": {
					"uv": [11, 13.91667, 13.02083, 15.60417],
					"rotation": 90,
					"texture": "#1"
				},
				"up": {
					"uv": [11, 13.91667, 13.08333, 15.60417],
					"rotation": 180,
					"texture": "#1"
				},
				"down": {
					"uv": [11, 13.91667, 13.08333, 15.60417],
					"texture": "#1"
				}
			}
		},
		{
			"from": [9.85, 4.75, 10.75],
			"to": [10.85, 5, 11],
			"rotation": {
				"angle": 0,
				"axis": "y",
				"origin": [10.35, 5.25, 11]
			},
			"faces": {
				"north": {
					"uv": [11, 13.91667, 13.02083, 15.66667],
					"rotation": 270,
					"texture": "#1"
				},
				"east": {
					"uv": [11, 13.91667, 13.02083, 15.60417],
					"rotation": 270,
					"texture": "#1"
				},
				"south": {
					"uv": [11, 13.91667, 13.02083, 15.66667],
					"rotation": 270,
					"texture": "#1"
				},
				"west": {
					"uv": [11, 13.91667, 13.02083, 15.60417],
					"rotation": 90,
					"texture": "#1"
				},
				"up": {
					"uv": [11, 13.91667, 13.08333, 15.60417],
					"rotation": 180,
					"texture": "#1"
				},
				"down": {
					"uv": [11, 13.91667, 13.08333, 15.60417],
					"texture": "#1"
				}
			}
		},
		{
			"from": [9.1, 5, 10.5],
			"to": [10.1, 5.25, 10.75],
			"rotation": {
				"angle": 0,
				"axis": "y",
				"origin": [9.6, 5.25, 10.75]
			},
			"faces": {
				"north": {
					"uv": [11, 13.91667, 13.08333, 15.60417],
					"texture": "#1"
				},
				"east": {
					"uv": [11, 13.91667, 13.02083, 15.60417],
					"texture": "#1"
				},
				"south": {
					"uv": [11, 13.91667, 13.08333, 15.60417],
					"texture": "#1"
				},
				"west": {
					"uv": [11, 13.91667, 13.02083, 15.60417],
					"texture": "#1"
				},
				"up": {
					"uv": [11, 13.91667, 13.02083, 15.66667],
					"rotation": 270,
					"texture": "#1"
				},
				"down": {
					"uv": [11, 13.91667, 13.02083, 15.66667],
					"rotation": 90,
					"texture": "#1"
				}
			}
		},
		{
			"from": [9.1, 5, 11],
			"to": [10.1, 5.25, 11.25],
			"rotation": {
				"angle": 0,
				"axis": "y",
				"origin": [9.6, 5.25, 10.75]
			},
			"faces": {
				"north": {
					"uv": [11, 13.91667, 13.08333, 15.60417],
					"texture": "#1"
				},
				"east": {
					"uv": [11, 13.91667, 13.02083, 15.60417],
					"texture": "#1"
				},
				"south": {
					"uv": [11, 13.91667, 13.08333, 15.60417],
					"texture": "#1"
				},
				"west": {
					"uv": [11, 13.91667, 13.02083, 15.60417],
					"texture": "#1"
				},
				"up": {
					"uv": [11, 13.91667, 13.02083, 15.66667],
					"rotation": 270,
					"texture": "#1"
				},
				"down": {
					"uv": [11, 13.91667, 13.02083, 15.66667],
					"rotation": 90,
					"texture": "#1"
				}
			}
		},
		{
			"from": [9.85, 5, 10.75],
			"to": [10.1, 5.25, 11],
			"rotation": {
				"angle": 0,
				"axis": "y",
				"origin": [9.6, 5.25, 10.75]
			},
			"faces": {
				"north": {
					"uv": [11, 13.91667, 13.02083, 15.60417],
					"texture": "#1"
				},
				"east": {
					"uv": [11, 13.91667, 13.02083, 15.60417],
					"texture": "#1"
				},
				"south": {
					"uv": [11, 13.91667, 13.02083, 15.60417],
					"texture": "#1"
				},
				"west": {
					"uv": [11, 13.91667, 13.02083, 15.60417],
					"texture": "#1"
				},
				"up": {
					"uv": [11, 13.91667, 13.02083, 15.60417],
					"rotation": 270,
					"texture": "#1"
				},
				"down": {
					"uv": [11, 13.91667, 13.02083, 15.60417],
					"rotation": 90,
					"texture": "#1"
				}
			}
		},
		{
			"from": [8.35, 5.25, 10.75],
			"to": [9.35, 5.5, 11],
			"rotation": {
				"angle": 0,
				"axis": "y",
				"origin": [8.85, 5.25, 11]
			},
			"faces": {
				"north": {
					"uv": [11, 13.91667, 13.02083, 15.66667],
					"rotation": 270,
					"texture": "#1"
				},
				"east": {
					"uv": [11, 13.91667, 13.02083, 15.60417],
					"rotation": 270,
					"texture": "#1"
				},
				"south": {
					"uv": [11, 13.91667, 13.02083, 15.66667],
					"rotation": 270,
					"texture": "#1"
				},
				"west": {
					"uv": [11, 13.91667, 13.02083, 15.60417],
					"rotation": 90,
					"texture": "#1"
				},
				"up": {
					"uv": [11, 13.91667, 13.08333, 15.60417],
					"rotation": 180,
					"texture": "#1"
				},
				"down": {
					"uv": [11, 13.91667, 13.08333, 15.60417],
					"texture": "#1"
				}
			}
		},
		{
			"from": [9.1, 5, 10.75],
			"to": [9.35, 5.25, 11],
			"rotation": {
				"angle": 0,
				"axis": "y",
				"origin": [8.85, 5.25, 11]
			},
			"faces": {
				"north": {
					"uv": [11, 13.91667, 13.02083, 15.60417],
					"rotation": 270,
					"texture": "#1"
				},
				"east": {
					"uv": [11, 13.91667, 13.02083, 15.60417],
					"rotation": 270,
					"texture": "#1"
				},
				"south": {
					"uv": [11, 13.91667, 13.02083, 15.60417],
					"rotation": 270,
					"texture": "#1"
				},
				"west": {
					"uv": [11, 13.91667, 13.02083, 15.60417],
					"rotation": 90,
					"texture": "#1"
				},
				"up": {
					"uv": [11, 13.91667, 13.02083, 15.60417],
					"rotation": 180,
					"texture": "#1"
				},
				"down": {
					"uv": [11, 13.91667, 13.02083, 15.60417],
					"texture": "#1"
				}
			}
		},
		{
			"from": [8.35, 4.75, 10.75],
			"to": [9.35, 5, 11],
			"rotation": {
				"angle": 0,
				"axis": "y",
				"origin": [8.85, 5.25, 11]
			},
			"faces": {
				"north": {
					"uv": [11, 13.91667, 13.02083, 15.66667],
					"rotation": 270,
					"texture": "#1"
				},
				"east": {
					"uv": [11, 13.91667, 13.02083, 15.60417],
					"rotation": 270,
					"texture": "#1"
				},
				"south": {
					"uv": [11, 13.91667, 13.02083, 15.66667],
					"rotation": 270,
					"texture": "#1"
				},
				"west": {
					"uv": [11, 13.91667, 13.02083, 15.60417],
					"rotation": 90,
					"texture": "#1"
				},
				"up": {
					"uv": [11, 13.91667, 13.08333, 15.60417],
					"rotation": 180,
					"texture": "#1"
				},
				"down": {
					"uv": [11, 13.91667, 13.08333, 15.60417],
					"texture": "#1"
				}
			}
		},
		{
			"from": [8.35, 5, 10.75],
			"to": [8.6, 5.25, 11],
			"rotation": {
				"angle": 0,
				"axis": "y",
				"origin": [8.1, 5.25, 10.75]
			},
			"faces": {
				"north": {
					"uv": [11, 13.91667, 13.02083, 15.60417],
					"texture": "#1"
				},
				"east": {
					"uv": [11, 13.91667, 13.02083, 15.60417],
					"texture": "#1"
				},
				"south": {
					"uv": [11, 13.91667, 13.02083, 15.60417],
					"texture": "#1"
				},
				"west": {
					"uv": [11, 13.91667, 13.02083, 15.60417],
					"texture": "#1"
				},
				"up": {
					"uv": [11, 13.91667, 13.02083, 15.60417],
					"rotation": 270,
					"texture": "#1"
				},
				"down": {
					"uv": [11, 13.91667, 13.02083, 15.60417],
					"rotation": 90,
					"texture": "#1"
				}
			}
		},
		{
			"from": [7.6, 5, 10.5],
			"to": [8.6, 5.25, 10.75],
			"rotation": {
				"angle": 0,
				"axis": "y",
				"origin": [8.1, 5.25, 10.75]
			},
			"faces": {
				"north": {
					"uv": [11, 13.91667, 13.08333, 15.60417],
					"texture": "#1"
				},
				"east": {
					"uv": [11, 13.91667, 13.02083, 15.60417],
					"texture": "#1"
				},
				"south": {
					"uv": [11, 13.91667, 13.08333, 15.60417],
					"texture": "#1"
				},
				"west": {
					"uv": [11, 13.91667, 13.02083, 15.60417],
					"texture": "#1"
				},
				"up": {
					"uv": [11, 13.91667, 13.02083, 15.66667],
					"rotation": 270,
					"texture": "#1"
				},
				"down": {
					"uv": [11, 13.91667, 13.02083, 15.66667],
					"rotation": 90,
					"texture": "#1"
				}
			}
		},
		{
			"from": [7.6, 5, 11],
			"to": [8.6, 5.25, 11.25],
			"rotation": {
				"angle": 0,
				"axis": "y",
				"origin": [8.1, 5.25, 11.25]
			},
			"faces": {
				"north": {
					"uv": [11, 13.91667, 13.08333, 15.60417],
					"texture": "#1"
				},
				"east": {
					"uv": [11, 13.91667, 13.02083, 15.60417],
					"texture": "#1"
				},
				"south": {
					"uv": [11, 13.91667, 13.08333, 15.60417],
					"texture": "#1"
				},
				"west": {
					"uv": [11, 13.91667, 13.02083, 15.60417],
					"texture": "#1"
				},
				"up": {
					"uv": [11, 13.91667, 13.02083, 15.66667],
					"rotation": 270,
					"texture": "#1"
				},
				"down": {
					"uv": [11, 13.91667, 13.02083, 15.66667],
					"rotation": 90,
					"texture": "#1"
				}
			}
		},
		{
			"from": [6.85, 5.25, 10.75],
			"to": [7.85, 5.5, 11],
			"rotation": {
				"angle": 0,
				"axis": "y",
				"origin": [7.35, 5.25, 11]
			},
			"faces": {
				"north": {
					"uv": [11, 13.91667, 13.02083, 15.66667],
					"rotation": 270,
					"texture": "#1"
				},
				"east": {
					"uv": [11, 13.91667, 13.02083, 15.60417],
					"rotation": 270,
					"texture": "#1"
				},
				"south": {
					"uv": [11, 13.91667, 13.02083, 15.66667],
					"rotation": 270,
					"texture": "#1"
				},
				"west": {
					"uv": [11, 13.91667, 13.02083, 15.60417],
					"rotation": 90,
					"texture": "#1"
				},
				"up": {
					"uv": [11, 13.91667, 13.08333, 15.60417],
					"rotation": 180,
					"texture": "#1"
				},
				"down": {
					"uv": [11, 13.91667, 13.08333, 15.60417],
					"texture": "#1"
				}
			}
		},
		{
			"from": [5.35, 5.25, 10.75],
			"to": [6.35, 5.5, 11],
			"rotation": {
				"angle": 0,
				"axis": "y",
				"origin": [5.85, 5.25, 11]
			},
			"faces": {
				"north": {
					"uv": [11, 13.91667, 13.02083, 15.66667],
					"rotation": 270,
					"texture": "#1"
				},
				"east": {
					"uv": [11, 13.91667, 13.02083, 15.60417],
					"rotation": 270,
					"texture": "#1"
				},
				"south": {
					"uv": [11, 13.91667, 13.02083, 15.66667],
					"rotation": 270,
					"texture": "#1"
				},
				"west": {
					"uv": [11, 13.91667, 13.02083, 15.60417],
					"rotation": 90,
					"texture": "#1"
				},
				"up": {
					"uv": [11, 13.91667, 13.08333, 15.60417],
					"rotation": 180,
					"texture": "#1"
				},
				"down": {
					"uv": [11, 13.91667, 13.08333, 15.60417],
					"texture": "#1"
				}
			}
		},
		{
			"from": [7.6, 5, 10.75],
			"to": [7.85, 5.25, 11],
			"rotation": {
				"angle": 0,
				"axis": "y",
				"origin": [7.35, 5.25, 11]
			},
			"faces": {
				"north": {
					"uv": [11, 13.91667, 13.02083, 15.60417],
					"rotation": 270,
					"texture": "#1"
				},
				"east": {
					"uv": [11, 13.91667, 13.02083, 15.60417],
					"rotation": 270,
					"texture": "#1"
				},
				"south": {
					"uv": [11, 13.91667, 13.02083, 15.60417],
					"rotation": 270,
					"texture": "#1"
				},
				"west": {
					"uv": [11, 13.91667, 13.02083, 15.60417],
					"rotation": 90,
					"texture": "#1"
				},
				"up": {
					"uv": [11, 13.91667, 13.02083, 15.60417],
					"rotation": 180,
					"texture": "#1"
				},
				"down": {
					"uv": [11, 13.91667, 13.02083, 15.60417],
					"texture": "#1"
				}
			}
		},
		{
			"from": [6.85, 4.75, 10.75],
			"to": [7.85, 5, 11],
			"rotation": {
				"angle": 0,
				"axis": "y",
				"origin": [7.35, 5.25, 11]
			},
			"faces": {
				"north": {
					"uv": [11, 13.91667, 13.02083, 15.66667],
					"rotation": 270,
					"texture": "#1"
				},
				"east": {
					"uv": [11, 13.91667, 13.02083, 15.60417],
					"rotation": 270,
					"texture": "#1"
				},
				"south": {
					"uv": [11, 13.91667, 13.02083, 15.66667],
					"rotation": 270,
					"texture": "#1"
				},
				"west": {
					"uv": [11, 13.91667, 13.02083, 15.60417],
					"rotation": 90,
					"texture": "#1"
				},
				"up": {
					"uv": [11, 13.91667, 13.08333, 15.60417],
					"rotation": 180,
					"texture": "#1"
				},
				"down": {
					"uv": [11, 13.91667, 13.08333, 15.60417],
					"texture": "#1"
				}
			}
		},
		{
			"from": [5.35, 4.75, 10.75],
			"to": [6.35, 5, 11],
			"rotation": {
				"angle": 0,
				"axis": "y",
				"origin": [5.85, 5.25, 11]
			},
			"faces": {
				"north": {
					"uv": [11, 13.91667, 13.02083, 15.66667],
					"rotation": 270,
					"texture": "#1"
				},
				"east": {
					"uv": [11, 13.91667, 13.02083, 15.60417],
					"rotation": 270,
					"texture": "#1"
				},
				"south": {
					"uv": [11, 13.91667, 13.02083, 15.66667],
					"rotation": 270,
					"texture": "#1"
				},
				"west": {
					"uv": [11, 13.91667, 13.02083, 15.60417],
					"rotation": 90,
					"texture": "#1"
				},
				"up": {
					"uv": [11, 13.91667, 13.08333, 15.60417],
					"rotation": 180,
					"texture": "#1"
				},
				"down": {
					"uv": [11, 13.91667, 13.08333, 15.60417],
					"texture": "#1"
				}
			}
		},
		{
			"from": [6.85, 5, 10.75],
			"to": [7.1, 5.25, 11],
			"rotation": {
				"angle": 0,
				"axis": "y",
				"origin": [6.6, 5.25, 10.75]
			},
			"faces": {
				"north": {
					"uv": [11, 13.91667, 13.02083, 15.60417],
					"texture": "#1"
				},
				"east": {
					"uv": [11, 13.91667, 13.02083, 15.60417],
					"texture": "#1"
				},
				"south": {
					"uv": [11, 13.91667, 13.02083, 15.60417],
					"texture": "#1"
				},
				"west": {
					"uv": [11, 13.91667, 13.02083, 15.60417],
					"texture": "#1"
				},
				"up": {
					"uv": [11, 13.91667, 13.02083, 15.60417],
					"rotation": 270,
					"texture": "#1"
				},
				"down": {
					"uv": [11, 13.91667, 13.02083, 15.60417],
					"rotation": 90,
					"texture": "#1"
				}
			}
		},
		{
			"from": [6.1, 5, 10.75],
			"to": [6.35, 5.25, 11],
			"rotation": {
				"angle": 0,
				"axis": "y",
				"origin": [5.85, 5.25, 10.75]
			},
			"faces": {
				"north": {
					"uv": [11, 13.91667, 13.02083, 15.60417],
					"texture": "#1"
				},
				"east": {
					"uv": [11, 13.91667, 13.02083, 15.60417],
					"texture": "#1"
				},
				"south": {
					"uv": [11, 13.91667, 13.02083, 15.60417],
					"texture": "#1"
				},
				"west": {
					"uv": [11, 13.91667, 13.02083, 15.60417],
					"texture": "#1"
				},
				"up": {
					"uv": [11, 13.91667, 13.02083, 15.60417],
					"rotation": 270,
					"texture": "#1"
				},
				"down": {
					"uv": [11, 13.91667, 13.02083, 15.60417],
					"rotation": 90,
					"texture": "#1"
				}
			}
		},
		{
			"from": [6.1, 5, 10.5],
			"to": [7.1, 5.25, 10.75],
			"rotation": {
				"angle": 0,
				"axis": "y",
				"origin": [6.6, 5.25, 10.75]
			},
			"faces": {
				"north": {
					"uv": [11, 13.91667, 13.08333, 15.60417],
					"texture": "#1"
				},
				"east": {
					"uv": [11, 13.91667, 13.02083, 15.60417],
					"texture": "#1"
				},
				"south": {
					"uv": [11, 13.91667, 13.08333, 15.60417],
					"texture": "#1"
				},
				"west": {
					"uv": [11, 13.91667, 13.02083, 15.60417],
					"texture": "#1"
				},
				"up": {
					"uv": [11, 13.91667, 13.02083, 15.66667],
					"rotation": 270,
					"texture": "#1"
				},
				"down": {
					"uv": [11, 13.91667, 13.02083, 15.66667],
					"rotation": 90,
					"texture": "#1"
				}
			}
		},
		{
			"from": [6.1, 5, 11],
			"to": [7.1, 5.25, 11.25],
			"rotation": {
				"angle": 0,
				"axis": "y",
				"origin": [6.6, 5.25, 11.25]
			},
			"faces": {
				"north": {
					"uv": [11, 13.91667, 13.08333, 15.60417],
					"texture": "#1"
				},
				"east": {
					"uv": [11, 13.91667, 13.02083, 15.60417],
					"texture": "#1"
				},
				"south": {
					"uv": [11, 13.91667, 13.08333, 15.60417],
					"texture": "#1"
				},
				"west": {
					"uv": [11, 13.91667, 13.02083, 15.60417],
					"texture": "#1"
				},
				"up": {
					"uv": [11, 13.91667, 13.02083, 15.66667],
					"rotation": 270,
					"texture": "#1"
				},
				"down": {
					"uv": [11, 13.91667, 13.02083, 15.66667],
					"rotation": 90,
					"texture": "#1"
				}
			}
		}
	]
}