{
	"textures": {
		"1": "animated_java:blueprint/deerhead_model/deerhead",
		"particle": "minecraft:item/pufferfish"
	},
	"display": {
		"head": {
			"rotation": [0, 180, 0]
		}
	},
	"elements": [
		{
			"from": [5.75, 3.5, 5.75],
			"to": [10.25, 8, 10.25],
			"rotation": {
				"angle": 0,
				"axis": "y",
				"origin": [8, 8, 8]
			},
			"faces": {
				"north": {
					"uv": [8.08333, 7.58333, 12.58333, 12.08333],
					"texture": "#1"
				},
				"east": {
					"uv": [8.08333, 7.58333, 12.58333, 12.08333],
					"texture": "#1"
				},
				"south": {
					"uv": [8.08333, 7.58333, 12.58333, 12.08333],
					"texture": "#1"
				},
				"west": {
					"uv": [8.08333, 7.58333, 12.58333, 12.08333],
					"texture": "#1"
				},
				"up": {
					"uv": [8.08333, 7.58333, 12.58333, 12.08333],
					"texture": "#1"
				},
				"down": {
					"uv": [8.08333, 7.58333, 12.58333, 12.08333],
					"texture": "#1"
				}
			}
		}
	]
}