{
	"textures": {
		"1": "animated_java:blueprint/deerhead_model/deerhead",
		"particle": "minecraft:item/pufferfish"
	},
	"display": {
		"head": {
			"rotation": [0, 180, 0]
		}
	},
	"elements": [
		{
			"from": [5.65, 3, 5.4],
			"to": [10.35, 8, 10.6],
			"rotation": {
				"angle": 0,
				"axis": "y",
				"origin": [9.25, 6, 7.5]
			},
			"faces": {
				"north": {
					"uv": [7.33333, 7.16667, 11.91667, 12],
					"texture": "#1"
				},
				"east": {
					"uv": [7.33333, 7.16667, 11.91667, 12],
					"texture": "#1"
				},
				"south": {
					"uv": [7.33333, 7.16667, 11.91667, 12],
					"texture": "#1"
				},
				"west": {
					"uv": [7.33333, 7.16667, 11.91667, 12],
					"texture": "#1"
				},
				"up": {
					"uv": [6.91667, 7.16667, 12.91667, 9.16667],
					"texture": "#1"
				},
				"down": {
					"uv": [6.91667, 7.16667, 11.91667, 9.75],
					"texture": "#1"
				}
			}
		},
		{
			"from": [5.65, 6, 4.9],
			"to": [10.35, 7.5, 5.4],
			"rotation": {
				"angle": 0,
				"axis": "y",
				"origin": [9.25, 5.5, 2.3]
			},
			"faces": {
				"north": {
					"uv": [13.5, 11.08333, 16, 13.08333],
					"texture": "#1"
				},
				"east": {
					"uv": [13.5, 11.08333, 16, 13.08333],
					"texture": "#1"
				},
				"south": {
					"uv": [13.5, 11.08333, 16, 13.08333],
					"texture": "#1"
				},
				"west": {
					"uv": [13.5, 11.08333, 16, 13.08333],
					"texture": "#1"
				},
				"up": {
					"uv": [13.58333, 11.08333, 16, 13],
					"texture": "#1"
				},
				"down": {
					"uv": [13.58333, 10.83333, 16, 13.08333],
					"texture": "#1"
				}
			}
		},
		{
			"from": [6.65, 7, 10.6],
			"to": [7.35, 7.7, 10.9],
			"rotation": {
				"angle": 45,
				"axis": "z",
				"origin": [8.25, 5.75, 7.8]
			},
			"faces": {
				"north": {
					"uv": [13.5, 11.08333, 16, 13.08333],
					"texture": "#1"
				},
				"east": {
					"uv": [13.5, 11.08333, 16, 13.08333],
					"texture": "#1"
				},
				"south": {
					"uv": [13.5, 11.08333, 16, 13.08333],
					"texture": "#1"
				},
				"west": {
					"uv": [13.5, 11.08333, 16, 13.08333],
					"texture": "#1"
				},
				"up": {
					"uv": [13.58333, 11.08333, 16, 13],
					"texture": "#1"
				},
				"down": {
					"uv": [13.58333, 10.83333, 16, 13.08333],
					"texture": "#1"
				}
			}
		},
		{
			"from": [8.4, 7, 10.6],
			"to": [9.1, 7.7, 10.9],
			"rotation": {
				"angle": 45,
				"axis": "z",
				"origin": [10, 5.75, 7.8]
			},
			"faces": {
				"north": {
					"uv": [13.5, 11.08333, 16, 13.08333],
					"texture": "#1"
				},
				"east": {
					"uv": [13.5, 11.08333, 16, 13.08333],
					"texture": "#1"
				},
				"south": {
					"uv": [13.5, 11.08333, 16, 13.08333],
					"texture": "#1"
				},
				"west": {
					"uv": [13.5, 11.08333, 16, 13.08333],
					"texture": "#1"
				},
				"up": {
					"uv": [13.58333, 11.08333, 16, 13],
					"texture": "#1"
				},
				"down": {
					"uv": [13.58333, 10.83333, 16, 13.08333],
					"texture": "#1"
				}
			}
		},
		{
			"from": [10.15, 7, 10.6],
			"to": [10.85, 7.7, 10.9],
			"rotation": {
				"angle": 45,
				"axis": "z",
				"origin": [11.75, 5.75, 7.8]
			},
			"faces": {
				"north": {
					"uv": [13.5, 11.08333, 16, 13.08333],
					"texture": "#1"
				},
				"east": {
					"uv": [13.5, 11.08333, 16, 13.08333],
					"texture": "#1"
				},
				"south": {
					"uv": [13.5, 11.08333, 16, 13.08333],
					"texture": "#1"
				},
				"west": {
					"uv": [13.5, 11.08333, 16, 13.08333],
					"texture": "#1"
				},
				"up": {
					"uv": [13.58333, 11.08333, 16, 13],
					"texture": "#1"
				},
				"down": {
					"uv": [13.58333, 10.83333, 16, 13.08333],
					"texture": "#1"
				}
			}
		},
		{
			"from": [6.65, 7, 5.1],
			"to": [7.35, 7.7, 5.4],
			"rotation": {
				"angle": 45,
				"axis": "z",
				"origin": [8.25, 5.75, 2.3]
			},
			"faces": {
				"north": {
					"uv": [13.5, 11.08333, 16, 13.08333],
					"texture": "#1"
				},
				"east": {
					"uv": [13.5, 11.08333, 16, 13.08333],
					"texture": "#1"
				},
				"south": {
					"uv": [13.5, 11.08333, 16, 13.08333],
					"texture": "#1"
				},
				"west": {
					"uv": [13.5, 11.08333, 16, 13.08333],
					"texture": "#1"
				},
				"up": {
					"uv": [13.58333, 11.08333, 16, 13],
					"texture": "#1"
				},
				"down": {
					"uv": [13.58333, 10.83333, 16, 13.08333],
					"texture": "#1"
				}
			}
		},
		{
			"from": [5.4, 7, 5.2],
			"to": [5.7, 7.7, 5.9],
			"rotation": {
				"angle": 45,
				"axis": "x",
				"origin": [2.6, 5.75, 4.3]
			},
			"faces": {
				"north": {
					"uv": [13.5, 11.08333, 16, 13.08333],
					"texture": "#1"
				},
				"east": {
					"uv": [13.5, 11.08333, 16, 13.08333],
					"texture": "#1"
				},
				"south": {
					"uv": [13.5, 11.08333, 16, 13.08333],
					"texture": "#1"
				},
				"west": {
					"uv": [13.5, 11.08333, 16, 13.08333],
					"texture": "#1"
				},
				"up": {
					"uv": [13.58333, 11.08333, 16, 13],
					"rotation": 270,
					"texture": "#1"
				},
				"down": {
					"uv": [13.58333, 10.83333, 16, 13.08333],
					"rotation": 90,
					"texture": "#1"
				}
			}
		},
		{
			"from": [5.4, 7, 8.2],
			"to": [5.7, 7.7, 8.9],
			"rotation": {
				"angle": 45,
				"axis": "x",
				"origin": [2.6, 5.75, 7.3]
			},
			"faces": {
				"north": {
					"uv": [13.5, 11.08333, 16, 13.08333],
					"texture": "#1"
				},
				"east": {
					"uv": [13.5, 11.08333, 16, 13.08333],
					"texture": "#1"
				},
				"south": {
					"uv": [13.5, 11.08333, 16, 13.08333],
					"texture": "#1"
				},
				"west": {
					"uv": [13.5, 11.08333, 16, 13.08333],
					"texture": "#1"
				},
				"up": {
					"uv": [13.58333, 11.08333, 16, 13],
					"rotation": 270,
					"texture": "#1"
				},
				"down": {
					"uv": [13.58333, 10.83333, 16, 13.08333],
					"rotation": 90,
					"texture": "#1"
				}
			}
		},
		{
			"from": [5.4, 7, 6.7],
			"to": [5.7, 7.7, 7.4],
			"rotation": {
				"angle": 45,
				"axis": "x",
				"origin": [2.6, 5.75, 5.8]
			},
			"faces": {
				"north": {
					"uv": [13.5, 11.08333, 16, 13.08333],
					"texture": "#1"
				},
				"east": {
					"uv": [13.5, 11.08333, 16, 13.08333],
					"texture": "#1"
				},
				"south": {
					"uv": [13.5, 11.08333, 16, 13.08333],
					"texture": "#1"
				},
				"west": {
					"uv": [13.5, 11.08333, 16, 13.08333],
					"texture": "#1"
				},
				"up": {
					"uv": [13.58333, 11.08333, 16, 13],
					"rotation": 270,
					"texture": "#1"
				},
				"down": {
					"uv": [13.58333, 10.83333, 16, 13.08333],
					"rotation": 90,
					"texture": "#1"
				}
			}
		},
		{
			"from": [10.3, 7, 8.2],
			"to": [10.6, 7.7, 8.9],
			"rotation": {
				"angle": 45,
				"axis": "x",
				"origin": [7.5, 5.75, 7.3]
			},
			"faces": {
				"north": {
					"uv": [13.5, 11.08333, 16, 13.08333],
					"texture": "#1"
				},
				"east": {
					"uv": [13.5, 11.08333, 16, 13.08333],
					"texture": "#1"
				},
				"south": {
					"uv": [13.5, 11.08333, 16, 13.08333],
					"texture": "#1"
				},
				"west": {
					"uv": [13.5, 11.08333, 16, 13.08333],
					"texture": "#1"
				},
				"up": {
					"uv": [13.58333, 11.08333, 16, 13],
					"rotation": 270,
					"texture": "#1"
				},
				"down": {
					"uv": [13.58333, 10.83333, 16, 13.08333],
					"rotation": 90,
					"texture": "#1"
				}
			}
		},
		{
			"from": [10.3, 7, 6.7],
			"to": [10.6, 7.7, 7.4],
			"rotation": {
				"angle": 45,
				"axis": "x",
				"origin": [7.5, 5.75, 5.8]
			},
			"faces": {
				"north": {
					"uv": [13.5, 11.08333, 16, 13.08333],
					"texture": "#1"
				},
				"east": {
					"uv": [13.5, 11.08333, 16, 13.08333],
					"texture": "#1"
				},
				"south": {
					"uv": [13.5, 11.08333, 16, 13.08333],
					"texture": "#1"
				},
				"west": {
					"uv": [13.5, 11.08333, 16, 13.08333],
					"texture": "#1"
				},
				"up": {
					"uv": [13.58333, 11.08333, 16, 13],
					"rotation": 270,
					"texture": "#1"
				},
				"down": {
					"uv": [13.58333, 10.83333, 16, 13.08333],
					"rotation": 90,
					"texture": "#1"
				}
			}
		},
		{
			"from": [10.3, 7, 5.2],
			"to": [10.6, 7.7, 5.9],
			"rotation": {
				"angle": 45,
				"axis": "x",
				"origin": [7.5, 5.75, 4.3]
			},
			"faces": {
				"north": {
					"uv": [13.5, 11.08333, 16, 13.08333],
					"texture": "#1"
				},
				"east": {
					"uv": [13.5, 11.08333, 16, 13.08333],
					"texture": "#1"
				},
				"south": {
					"uv": [13.5, 11.08333, 16, 13.08333],
					"texture": "#1"
				},
				"west": {
					"uv": [13.5, 11.08333, 16, 13.08333],
					"texture": "#1"
				},
				"up": {
					"uv": [13.58333, 11.08333, 16, 13],
					"rotation": 270,
					"texture": "#1"
				},
				"down": {
					"uv": [13.58333, 10.83333, 16, 13.08333],
					"rotation": 90,
					"texture": "#1"
				}
			}
		},
		{
			"from": [8.4, 7, 5.1],
			"to": [9.1, 7.7, 5.4],
			"rotation": {
				"angle": 45,
				"axis": "z",
				"origin": [10, 5.75, 2.3]
			},
			"faces": {
				"north": {
					"uv": [13.5, 11.08333, 16, 13.08333],
					"texture": "#1"
				},
				"east": {
					"uv": [13.5, 11.08333, 16, 13.08333],
					"texture": "#1"
				},
				"south": {
					"uv": [13.5, 11.08333, 16, 13.08333],
					"texture": "#1"
				},
				"west": {
					"uv": [13.5, 11.08333, 16, 13.08333],
					"texture": "#1"
				},
				"up": {
					"uv": [13.58333, 11.08333, 16, 13],
					"texture": "#1"
				},
				"down": {
					"uv": [13.58333, 10.83333, 16, 13.08333],
					"texture": "#1"
				}
			}
		},
		{
			"from": [10.15, 7, 5.1],
			"to": [10.85, 7.7, 5.4],
			"rotation": {
				"angle": 45,
				"axis": "z",
				"origin": [11.75, 5.75, 2.3]
			},
			"faces": {
				"north": {
					"uv": [13.5, 11.08333, 16, 13.08333],
					"texture": "#1"
				},
				"east": {
					"uv": [13.5, 11.08333, 16, 13.08333],
					"texture": "#1"
				},
				"south": {
					"uv": [13.5, 11.08333, 16, 13.08333],
					"texture": "#1"
				},
				"west": {
					"uv": [13.5, 11.08333, 16, 13.08333],
					"texture": "#1"
				},
				"up": {
					"uv": [13.58333, 11.08333, 16, 13],
					"texture": "#1"
				},
				"down": {
					"uv": [13.58333, 10.83333, 16, 13.08333],
					"texture": "#1"
				}
			}
		},
		{
			"from": [5.15, 6, 5.4],
			"to": [5.65, 7.5, 10.6],
			"rotation": {
				"angle": 0,
				"axis": "y",
				"origin": [2.55, 5.5, 6.55]
			},
			"faces": {
				"north": {
					"uv": [13.5, 11.08333, 16, 13.08333],
					"texture": "#1"
				},
				"east": {
					"uv": [13.5, 11.08333, 16, 13.08333],
					"texture": "#1"
				},
				"south": {
					"uv": [13.5, 11.08333, 16, 13.08333],
					"texture": "#1"
				},
				"west": {
					"uv": [13.5, 11.08333, 16, 13.08333],
					"texture": "#1"
				},
				"up": {
					"uv": [13.58333, 11.08333, 16, 13],
					"rotation": 270,
					"texture": "#1"
				},
				"down": {
					"uv": [13.58333, 10.83333, 16, 13.08333],
					"rotation": 90,
					"texture": "#1"
				}
			}
		},
		{
			"from": [10.35, 6, 5.4],
			"to": [10.85, 7.5, 10.6],
			"rotation": {
				"angle": 0,
				"axis": "y",
				"origin": [7.75, 5.5, 6.55]
			},
			"faces": {
				"north": {
					"uv": [13.5, 11.08333, 16, 13.08333],
					"texture": "#1"
				},
				"east": {
					"uv": [13.5, 11.08333, 16, 13.08333],
					"texture": "#1"
				},
				"south": {
					"uv": [13.5, 11.08333, 16, 13.08333],
					"texture": "#1"
				},
				"west": {
					"uv": [13.5, 11.08333, 16, 13.08333],
					"texture": "#1"
				},
				"up": {
					"uv": [13.58333, 11.08333, 16, 13],
					"rotation": 270,
					"texture": "#1"
				},
				"down": {
					"uv": [13.58333, 10.83333, 16, 13.08333],
					"rotation": 90,
					"texture": "#1"
				}
			}
		},
		{
			"from": [5.65, 6, 10.6],
			"to": [10.35, 7.5, 11.1],
			"rotation": {
				"angle": 0,
				"axis": "y",
				"origin": [9.25, 5.5, 8]
			},
			"faces": {
				"north": {
					"uv": [13.5, 11.08333, 16, 13.08333],
					"texture": "#1"
				},
				"east": {
					"uv": [13.5, 11.08333, 16, 13.08333],
					"texture": "#1"
				},
				"south": {
					"uv": [13.5, 11.08333, 16, 13.08333],
					"texture": "#1"
				},
				"west": {
					"uv": [13.5, 11.08333, 16, 13.08333],
					"texture": "#1"
				},
				"up": {
					"uv": [13.58333, 11.08333, 16, 13],
					"texture": "#1"
				},
				"down": {
					"uv": [13.58333, 10.83333, 16, 13.08333],
					"texture": "#1"
				}
			}
		}
	]
}