{
	"textures": {
		"1": "animated_java:blueprint/deerhead_model/deerhead",
		"particle": "minecraft:item/pufferfish"
	},
	"display": {
		"head": {
			"rotation": [0, 180, 0]
		}
	},
	"elements": [
		{
			"from": [2.5, 2, 5],
			"to": [13.5, 8, 11],
			"rotation": {
				"angle": 0,
				"axis": "y",
				"origin": [8, 8, 8.25]
			},
			"faces": {
				"north": {
					"uv": [7.08333, 3.08334, 12.75, 5.83333],
					"rotation": 90,
					"texture": "#1"
				},
				"east": {
					"uv": [7.08333, 3.33333, 12.91667, 6.16667],
					"texture": "#1"
				},
				"south": {
					"uv": [6.75, 3.83333, 12.91667, 5.91666],
					"texture": "#1"
				},
				"west": {
					"uv": [6.91667, 3.16666, 13.08334, 6.33333],
					"texture": "#1"
				},
				"up": {
					"uv": [7.08333, 3.5, 12.83334, 6.16667],
					"texture": "#1"
				},
				"down": {
					"uv": [7.08333, 3.5, 12.83334, 6.16667],
					"texture": "#1"
				}
			}
		},
		{
			"from": [2.5, 4, 4.5],
			"to": [13.5, 7, 5],
			"rotation": {
				"angle": 0,
				"axis": "y",
				"origin": [8, 7, 2.25]
			},
			"faces": {
				"north": {
					"uv": [8.08333, 13.41667, 10.49999, 16],
					"rotation": 180,
					"texture": "#1"
				},
				"east": {
					"uv": [8.25, 13.75, 10.5, 16],
					"texture": "#1"
				},
				"south": {
					"uv": [8.5, 13.91667, 10.16667, 15.83333],
					"texture": "#1"
				},
				"west": {
					"uv": [8.25, 13.66666, 10.16667, 15.75],
					"texture": "#1"
				},
				"up": {
					"uv": [8.25, 13.91667, 10.41667, 16],
					"texture": "#1"
				},
				"down": {
					"uv": [8.25, 13.91667, 10.41667, 16],
					"texture": "#1"
				}
			}
		},
		{
			"from": [5.5, 1.5, 4.75],
			"to": [10.5, 4, 4.975],
			"rotation": {
				"angle": 0,
				"axis": "y",
				"origin": [8, 4, 2.25]
			},
			"faces": {
				"north": {
					"uv": [7, 0, 10.41666, 2.66666],
					"rotation": 90,
					"texture": "#1"
				},
				"east": {
					"uv": [6.66667, 0.25, 10.58333, 2.5],
					"texture": "#1"
				},
				"south": {
					"uv": [7.33333, 0.16667, 10, 2.16666],
					"texture": "#1"
				},
				"west": {
					"uv": [7.16667, 0, 10.08334, 2.16667],
					"texture": "#1"
				},
				"up": {
					"uv": [6.66667, 0.41667, 10.5, 2.5],
					"texture": "#1"
				},
				"down": {
					"uv": [6.66667, 0.41667, 10.5, 2.5],
					"texture": "#1"
				}
			}
		},
		{
			"from": [6, 2, 4.725],
			"to": [10, 4, 5],
			"rotation": {
				"angle": 0,
				"axis": "y",
				"origin": [8, 4, 2.25]
			},
			"faces": {
				"north": {
					"uv": [7.91667, 3.16667, 11.33333, 5.83333],
					"rotation": 90,
					"texture": "#1"
				},
				"east": {
					"uv": [7.58333, 3.41666, 11.5, 5.66666],
					"texture": "#1"
				},
				"south": {
					"uv": [8.25, 3.33333, 10.91667, 5.33333],
					"texture": "#1"
				},
				"west": {
					"uv": [8.08333, 3.16667, 11, 5.33334],
					"texture": "#1"
				},
				"up": {
					"uv": [7.58333, 3.58333, 11.41667, 5.66666],
					"texture": "#1"
				},
				"down": {
					"uv": [7.58333, 3.58333, 11.41667, 5.66666],
					"texture": "#1"
				}
			}
		},
		{
			"from": [7, 0.5, 4.725],
			"to": [9, 2, 5],
			"rotation": {
				"angle": 0,
				"axis": "y",
				"origin": [8, 2, 2.25]
			},
			"faces": {
				"north": {
					"uv": [7.91667, 3.16667, 11.33333, 5.83333],
					"rotation": 90,
					"texture": "#1"
				},
				"east": {
					"uv": [7.58333, 3.41666, 11.5, 5.66666],
					"texture": "#1"
				},
				"south": {
					"uv": [8.25, 3.33333, 10.91667, 5.33333],
					"texture": "#1"
				},
				"west": {
					"uv": [8.08333, 3.16667, 11, 5.33334],
					"texture": "#1"
				},
				"up": {
					"uv": [7.58333, 3.58333, 11.41667, 5.66666],
					"texture": "#1"
				},
				"down": {
					"uv": [7.58333, 3.58333, 11.41667, 5.66666],
					"texture": "#1"
				}
			}
		},
		{
			"from": [6, 1.5, 4.725],
			"to": [7, 2, 5],
			"rotation": {
				"angle": 0,
				"axis": "y",
				"origin": [7, 2, 2.25]
			},
			"faces": {
				"north": {
					"uv": [7.91667, 3.16667, 11.33333, 5.83333],
					"rotation": 90,
					"texture": "#1"
				},
				"east": {
					"uv": [7.58333, 3.41666, 11.5, 5.66666],
					"texture": "#1"
				},
				"south": {
					"uv": [8.25, 3.33333, 10.91667, 5.33333],
					"texture": "#1"
				},
				"west": {
					"uv": [8.08333, 3.16667, 11, 5.33334],
					"texture": "#1"
				},
				"up": {
					"uv": [7.58333, 3.58333, 11.41667, 5.66666],
					"texture": "#1"
				},
				"down": {
					"uv": [7.58333, 3.58333, 11.41667, 5.66666],
					"texture": "#1"
				}
			}
		},
		{
			"from": [5.5, 1, 4.75],
			"to": [9.5, 1.5, 4.975],
			"rotation": {
				"angle": 0,
				"axis": "y",
				"origin": [8, 1.5, 2.25]
			},
			"faces": {
				"north": {
					"uv": [6.66667, 0, 10.66666, 2.66666],
					"rotation": 90,
					"texture": "#1"
				},
				"east": {
					"uv": [7.08333, 0.25, 10.41667, 2.66666],
					"texture": "#1"
				},
				"south": {
					"uv": [6.91666, 0, 10.08333, 2.41666],
					"texture": "#1"
				},
				"west": {
					"uv": [6.83333, 0, 10.58334, 2.58334],
					"texture": "#1"
				},
				"up": {
					"uv": [7.08333, 0.41667, 10.33334, 2.66666],
					"texture": "#1"
				},
				"down": {
					"uv": [7.08333, 0.41667, 10.33334, 2.66666],
					"texture": "#1"
				}
			}
		},
		{
			"from": [6.5, 0, 4.75],
			"to": [9.5, 1, 4.975],
			"rotation": {
				"angle": 0,
				"axis": "y",
				"origin": [8, 1, 2.25]
			},
			"faces": {
				"north": {
					"uv": [6.66667, 0, 10.41666, 2.66666],
					"rotation": 90,
					"texture": "#1"
				},
				"east": {
					"uv": [6.66667, 0.25, 10.58333, 2.5],
					"texture": "#1"
				},
				"south": {
					"uv": [7.33333, 0.16667, 10, 2.16666],
					"texture": "#1"
				},
				"west": {
					"uv": [7.16667, 0, 10.08334, 2.16667],
					"texture": "#1"
				},
				"up": {
					"uv": [6.66667, 0.41667, 10.5, 2.5],
					"texture": "#1"
				},
				"down": {
					"uv": [6.66667, 0.41667, 10.5, 2.5],
					"texture": "#1"
				}
			}
		},
		{
			"from": [7.75, -1.25, 4.75],
			"to": [8.25, 0, 4.975],
			"rotation": {
				"angle": 0,
				"axis": "y",
				"origin": [8, 0, 2.25]
			},
			"faces": {
				"north": {
					"uv": [6.75, 0, 10.41666, 2.66666],
					"rotation": 90,
					"texture": "#1"
				},
				"east": {
					"uv": [6.66667, 0.25, 10.58333, 2.5],
					"texture": "#1"
				},
				"south": {
					"uv": [7.33333, 0.16667, 10, 2.16666],
					"texture": "#1"
				},
				"west": {
					"uv": [7.16667, 0, 10.08334, 2.16667],
					"texture": "#1"
				},
				"up": {
					"uv": [6.66667, 0.41667, 10.5, 2.5],
					"texture": "#1"
				},
				"down": {
					"uv": [6.66667, 0.41667, 10.5, 2.5],
					"texture": "#1"
				}
			}
		},
		{
			"from": [5.65, 7, 4.65],
			"to": [7.65, 7.5, 5.15],
			"rotation": {
				"angle": 22.5,
				"axis": "y",
				"origin": [7.15, 10, 2.4]
			},
			"faces": {
				"north": {
					"uv": [13.5, 10.83334, 15.83333, 12.75],
					"rotation": 90,
					"texture": "#1"
				},
				"east": {
					"uv": [13.5, 11.08333, 16, 13.08333],
					"texture": "#1"
				},
				"south": {
					"uv": [13.5, 10.91667, 15.91667, 13.16666],
					"texture": "#1"
				},
				"west": {
					"uv": [13.58333, 10.91666, 15.91667, 13.08333],
					"texture": "#1"
				},
				"up": {
					"uv": [13.5, 11.25, 15.91667, 13.08333],
					"texture": "#1"
				},
				"down": {
					"uv": [13.5, 11.25, 15.91667, 13.08333],
					"texture": "#1"
				}
			}
		},
		{
			"from": [5.65, 3.5, 4.65],
			"to": [7.65, 4, 5.15],
			"rotation": {
				"angle": 22.5,
				"axis": "y",
				"origin": [7.15, 6.5, 2.4]
			},
			"faces": {
				"north": {
					"uv": [13.5, 10.83334, 15.83333, 12.75],
					"rotation": 90,
					"texture": "#1"
				},
				"east": {
					"uv": [13.5, 11.08333, 16, 13.08333],
					"texture": "#1"
				},
				"south": {
					"uv": [13.5, 10.91667, 15.91667, 13.16666],
					"texture": "#1"
				},
				"west": {
					"uv": [13.58333, 10.91666, 15.91667, 13.08333],
					"texture": "#1"
				},
				"up": {
					"uv": [13.5, 11.25, 15.91667, 13.08333],
					"texture": "#1"
				},
				"down": {
					"uv": [13.5, 11.25, 15.91667, 13.08333],
					"texture": "#1"
				}
			}
		},
		{
			"from": [7.4, 5.5, 4.2],
			"to": [9, 6, 4.65],
			"rotation": {
				"angle": 0,
				"axis": "y",
				"origin": [8.9, 8.5, 1.9]
			},
			"faces": {
				"north": {
					"uv": [13.5, 10.83334, 15.83333, 12.75],
					"rotation": 90,
					"texture": "#1"
				},
				"east": {
					"uv": [13.5, 11.08333, 16, 13.08333],
					"texture": "#1"
				},
				"south": {
					"uv": [13.5, 10.91667, 15.91667, 13.16666],
					"texture": "#1"
				},
				"west": {
					"uv": [13.58333, 10.91666, 15.91667, 13.08333],
					"texture": "#1"
				},
				"up": {
					"uv": [13.5, 11.25, 15.91667, 13.08333],
					"texture": "#1"
				},
				"down": {
					"uv": [13.5, 11.25, 15.91667, 13.08333],
					"texture": "#1"
				}
			}
		},
		{
			"from": [8.5, 3.5, 4.3],
			"to": [9, 7.5, 4.75],
			"rotation": {
				"angle": 0,
				"axis": "y",
				"origin": [8, 7, 1.75]
			},
			"faces": {
				"north": {
					"uv": [13.5, 10.83334, 15.83333, 12.75],
					"rotation": 90,
					"texture": "#1"
				},
				"east": {
					"uv": [13.5, 11.08333, 16, 13.08333],
					"texture": "#1"
				},
				"south": {
					"uv": [13.5, 10.91667, 15.91667, 13.16666],
					"texture": "#1"
				},
				"west": {
					"uv": [13.58333, 10.91666, 15.91667, 13.08333],
					"texture": "#1"
				},
				"up": {
					"uv": [13.5, 11.25, 15.91667, 13.08333],
					"texture": "#1"
				},
				"down": {
					"uv": [13.5, 11.25, 15.91667, 13.08333],
					"texture": "#1"
				}
			}
		},
		{
			"from": [2, 4, 4.5],
			"to": [2.5, 7, 11.5],
			"rotation": {
				"angle": 0,
				"axis": "y",
				"origin": [-3, 7, 2.25]
			},
			"faces": {
				"north": {
					"uv": [10.16667, 13.33334, 10.41666, 15.91667],
					"texture": "#1"
				},
				"east": {
					"uv": [8.25, 13.75, 10.5, 16],
					"texture": "#1"
				},
				"south": {
					"uv": [8.5, 13.91667, 10.16667, 15.83333],
					"texture": "#1"
				},
				"west": {
					"uv": [8.25, 13.66666, 10.16667, 15.75],
					"texture": "#1"
				},
				"up": {
					"uv": [8.25, 13.91667, 10.41667, 16],
					"texture": "#1"
				},
				"down": {
					"uv": [8.25, 13.91667, 10.41667, 16],
					"texture": "#1"
				}
			}
		},
		{
			"from": [1, 3, 4.5],
			"to": [2.25, 7, 11.5],
			"rotation": {
				"angle": 0,
				"axis": "y",
				"origin": [-3.5, 7, 2.25]
			},
			"faces": {
				"north": {
					"uv": [8.25, 13.5, 10.33333, 15.66666],
					"rotation": 90,
					"texture": "#1"
				},
				"east": {
					"uv": [8.25, 13.75, 10.5, 16],
					"texture": "#1"
				},
				"south": {
					"uv": [8.5, 13.91667, 10.16667, 15.83333],
					"texture": "#1"
				},
				"west": {
					"uv": [8.25, 13.66666, 10.16667, 15.75],
					"texture": "#1"
				},
				"up": {
					"uv": [8.25, 13.91667, 10.41667, 16],
					"texture": "#1"
				},
				"down": {
					"uv": [8.25, 13.91667, 10.41667, 16],
					"texture": "#1"
				}
			}
		},
		{
			"from": [13.5, 4, 4.5],
			"to": [14, 7, 11.5],
			"rotation": {
				"angle": 0,
				"axis": "y",
				"origin": [8.5, 7, 2.25]
			},
			"faces": {
				"north": {
					"uv": [10.25, 13.33334, 10.49999, 16],
					"texture": "#1"
				},
				"east": {
					"uv": [8.08333, 13.33333, 10.5, 16],
					"texture": "#1"
				},
				"south": {
					"uv": [9.83333, 13.33334, 10.41667, 16],
					"texture": "#1"
				},
				"west": {
					"uv": [8.25, 13.66666, 10.16667, 15.75],
					"texture": "#1"
				},
				"up": {
					"uv": [8.25, 13.91667, 10.41667, 16],
					"texture": "#1"
				},
				"down": {
					"uv": [8.25, 13.91667, 10.41667, 16],
					"texture": "#1"
				}
			}
		},
		{
			"from": [2.5, 4, 11],
			"to": [13.5, 7, 11.5],
			"rotation": {
				"angle": 0,
				"axis": "y",
				"origin": [8, 7, 9.25]
			},
			"faces": {
				"north": {
					"uv": [8.25, 13.5, 10.33333, 15.66666],
					"rotation": 90,
					"texture": "#1"
				},
				"east": {
					"uv": [8.25, 13.75, 10.5, 16],
					"texture": "#1"
				},
				"south": {
					"uv": [8.08333, 13.41667, 10.16667, 16],
					"texture": "#1"
				},
				"west": {
					"uv": [8.25, 13.66666, 10.16667, 15.75],
					"texture": "#1"
				},
				"up": {
					"uv": [8.25, 13.91667, 10.41667, 16],
					"texture": "#1"
				},
				"down": {
					"uv": [8.25, 13.91667, 10.41667, 16],
					"texture": "#1"
				}
			}
		}
	]
}