{
	"textures": {
		"1": "animated_java:blueprint/deerhead_model/deerhead",
		"particle": "minecraft:item/pufferfish"
	},
	"display": {
		"head": {
			"rotation": [0, 180, 0]
		}
	},
	"elements": [
		{
			"from": [0.75, 8, 3.25],
			"to": [15.25, 11, 12.75],
			"rotation": {
				"angle": 0,
				"axis": "y",
				"origin": [8, 8, 8]
			},
			"faces": {
				"north": {
					"uv": [0, 3, 3.75, 6],
					"texture": "#1"
				},
				"east": {
					"uv": [0, 3.08333, 3.83334, 6],
					"texture": "#1"
				},
				"south": {
					"uv": [0.08333, 3, 3.83333, 6],
					"texture": "#1"
				},
				"west": {
					"uv": [0, 3.08333, 3.91667, 6],
					"texture": "#1"
				},
				"up": {
					"uv": [0, 0, 4, 6.33334],
					"texture": "#1"
				},
				"down": {
					"uv": [0, 0, 4, 6.33334],
					"texture": "#1"
				}
			}
		},
		{
			"from": [0.75, 9.35, 2.925],
			"to": [15.25, 12.625, 4.425],
			"rotation": {
				"angle": 22.5,
				"axis": "x",
				"origin": [8, 9.35, 7.175]
			},
			"faces": {
				"north": {
					"uv": [0.08333, 0.16667, 3.83333, 3.41667],
					"texture": "#1"
				},
				"east": {
					"uv": [0.16667, 0.25, 1.66667, 3.5],
					"texture": "#1"
				},
				"south": {
					"uv": [0, 0, 3.75, 3.25],
					"texture": "#1"
				},
				"west": {
					"uv": [0, 0.33333, 1.5, 3.58333],
					"texture": "#1"
				},
				"up": {
					"uv": [0, 0, 3.75, 1.5],
					"texture": "#1"
				},
				"down": {
					"uv": [0, 0, 3.75, 1.5],
					"texture": "#1"
				}
			}
		},
		{
			"from": [9.75, 9.35, 2.9],
			"to": [10.75, 12.625, 2.925],
			"rotation": {
				"angle": 22.5,
				"axis": "x",
				"origin": [8.5, 9.35, 7.075]
			},
			"faces": {
				"north": {
					"uv": [4.58333, 0.16667, 6.41667, 2.16667],
					"texture": "#1"
				},
				"east": {
					"uv": [4.5, 0, 6.5, 2.41667],
					"texture": "#1"
				},
				"south": {
					"uv": [4.5, 0, 6.33334, 2],
					"texture": "#1"
				},
				"west": {
					"uv": [4.33333, 0.08333, 6.33333, 2.5],
					"texture": "#1"
				},
				"up": {
					"uv": [4.33333, 0, 6.33334, 2],
					"texture": "#1"
				},
				"down": {
					"uv": [4.33333, 0, 6.33334, 2],
					"texture": "#1"
				}
			}
		},
		{
			"from": [10.75, 9.425, 2.5],
			"to": [11.75, 10.425, 2.525],
			"rotation": {
				"angle": 22.5,
				"axis": "x",
				"origin": [8.5, 8.425, 6.675]
			},
			"faces": {
				"north": {
					"uv": [4.58333, 0.16667, 6.41667, 2.16667],
					"texture": "#1"
				},
				"east": {
					"uv": [4.5, 0, 6.5, 2.41667],
					"texture": "#1"
				},
				"south": {
					"uv": [4.5, 0, 6.33334, 2],
					"texture": "#1"
				},
				"west": {
					"uv": [4.33333, 0.08333, 6.33333, 2.5],
					"texture": "#1"
				},
				"up": {
					"uv": [4.33333, 0, 6.33334, 2],
					"texture": "#1"
				},
				"down": {
					"uv": [4.33333, 0, 6.33334, 2],
					"texture": "#1"
				}
			}
		},
		{
			"from": [4.25, 9.425, 2.525],
			"to": [5.25, 10.425, 2.55],
			"rotation": {
				"angle": 22.5,
				"axis": "x",
				"origin": [2, 8.425, 6.7]
			},
			"faces": {
				"north": {
					"uv": [4.58333, 0.16667, 6.41667, 2.16667],
					"texture": "#1"
				},
				"east": {
					"uv": [4.5, 0, 6.5, 2.41667],
					"texture": "#1"
				},
				"south": {
					"uv": [4.5, 0, 6.33334, 2],
					"texture": "#1"
				},
				"west": {
					"uv": [4.33333, 0.08333, 6.33333, 2.5],
					"texture": "#1"
				},
				"up": {
					"uv": [4.33333, 0, 6.33334, 2],
					"texture": "#1"
				},
				"down": {
					"uv": [4.33333, 0, 6.33334, 2],
					"texture": "#1"
				}
			}
		},
		{
			"from": [5.25, 9.35, 2.9],
			"to": [6.25, 12.625, 2.925],
			"rotation": {
				"angle": 22.5,
				"axis": "x",
				"origin": [4, 9.35, 7.075]
			},
			"faces": {
				"north": {
					"uv": [4.58333, 0.16667, 6.41667, 2.16667],
					"texture": "#1"
				},
				"east": {
					"uv": [4.5, 0, 6.5, 2.41667],
					"texture": "#1"
				},
				"south": {
					"uv": [4.5, 0, 6.33334, 2],
					"texture": "#1"
				},
				"west": {
					"uv": [4.33333, 0.08333, 6.33333, 2.5],
					"texture": "#1"
				},
				"up": {
					"uv": [4.33333, 0, 6.33334, 2],
					"texture": "#1"
				},
				"down": {
					"uv": [4.33333, 0, 6.33334, 2],
					"texture": "#1"
				}
			}
		},
		{
			"from": [7.9, 9.375, 2.9],
			"to": [8.1, 12.625, 2.925],
			"rotation": {
				"angle": 22.5,
				"axis": "x",
				"origin": [6.25, 9.35, 7.075]
			},
			"faces": {
				"north": {
					"uv": [4.5, 3.75, 6.33333, 5.75],
					"texture": "#1"
				},
				"east": {
					"uv": [4.41667, 3.58333, 6.41667, 6],
					"texture": "#1"
				},
				"south": {
					"uv": [4.41667, 3.58333, 6.25, 5.58333],
					"texture": "#1"
				},
				"west": {
					"uv": [4.25, 3.66666, 6.25, 6.08333],
					"texture": "#1"
				},
				"up": {
					"uv": [4.25, 3.58333, 6.25, 5.58333],
					"texture": "#1"
				},
				"down": {
					"uv": [4.25, 3.58333, 6.25, 5.58333],
					"texture": "#1"
				}
			}
		},
		{
			"from": [7.9, 9.475, 3.225],
			"to": [8.1, 10.975, 3.25],
			"rotation": {
				"angle": 0,
				"axis": "y",
				"origin": [6.25, 7.7, 7.4]
			},
			"faces": {
				"north": {
					"uv": [4.5, 3.75, 6.33333, 5.75],
					"texture": "#1"
				},
				"east": {
					"uv": [4.41667, 3.58333, 6.41667, 6],
					"texture": "#1"
				},
				"south": {
					"uv": [4.41667, 3.58333, 6.25, 5.58333],
					"texture": "#1"
				},
				"west": {
					"uv": [4.25, 3.66666, 6.25, 6.08333],
					"texture": "#1"
				},
				"up": {
					"uv": [4.25, 3.58333, 6.25, 5.58333],
					"texture": "#1"
				},
				"down": {
					"uv": [4.25, 3.58333, 6.25, 5.58333],
					"texture": "#1"
				}
			}
		},
		{
			"from": [3.9, 9.475, 3.225],
			"to": [12.1, 9.675, 3.25],
			"rotation": {
				"angle": 0,
				"axis": "y",
				"origin": [6.25, 6.9, 7.4]
			},
			"faces": {
				"north": {
					"uv": [4.5, 3.75, 6.33333, 5.75],
					"texture": "#1"
				},
				"east": {
					"uv": [4.41667, 3.58333, 6.41667, 6],
					"texture": "#1"
				},
				"south": {
					"uv": [4.41667, 3.58333, 6.25, 5.58333],
					"texture": "#1"
				},
				"west": {
					"uv": [4.25, 3.66666, 6.25, 6.08333],
					"texture": "#1"
				},
				"up": {
					"uv": [4.25, 3.58333, 6.25, 5.58333],
					"texture": "#1"
				},
				"down": {
					"uv": [4.25, 3.58333, 6.25, 5.58333],
					"texture": "#1"
				}
			}
		},
		{
			"from": [0.75, 11, 4.55],
			"to": [15.25, 14, 12.75],
			"rotation": {
				"angle": 0,
				"axis": "y",
				"origin": [8, 11, 8]
			},
			"faces": {
				"north": {
					"uv": [0, 0, 3.25, 1.91666],
					"texture": "#1"
				},
				"east": {
					"uv": [0, 0.08333, 3.36666, 1.83333],
					"texture": "#1"
				},
				"south": {
					"uv": [0, 0, 3.25, 1.91666],
					"texture": "#1"
				},
				"west": {
					"uv": [0, 0, 3.36666, 1.91666],
					"texture": "#1"
				},
				"up": {
					"uv": [0, 0, 3.5, 1.28333],
					"texture": "#1"
				},
				"down": {
					"uv": [0, 0, 3.25, 6.2],
					"texture": "#1"
				}
			}
		},
		{
			"from": [11.75, 14, 4.55],
			"to": [19.25, 14.25, 12.75],
			"rotation": {
				"angle": 0,
				"axis": "y",
				"origin": [12, 14, 8]
			},
			"faces": {
				"north": {
					"uv": [10.91667, 0, 13.08334, 2.58333],
					"texture": "#1"
				},
				"east": {
					"uv": [10.91667, 0.08333, 13.2, 2.5],
					"texture": "#1"
				},
				"south": {
					"uv": [10.91667, 0, 13.08334, 2.58333],
					"texture": "#1"
				},
				"west": {
					"uv": [10.91667, 0, 13.2, 2.58333],
					"texture": "#1"
				},
				"up": {
					"uv": [10.91667, 0, 13.33334, 1.95],
					"texture": "#1"
				},
				"down": {
					"uv": [10.91667, 0, 13.08334, 2.2],
					"texture": "#1"
				}
			}
		},
		{
			"from": [-3.25, 10.25, 14],
			"to": [19.25, 14.45, 14.25],
			"rotation": {
				"angle": -22.5,
				"axis": "x",
				"origin": [12, 11, 14]
			},
			"faces": {
				"north": {
					"uv": [10.91667, 0, 13.08334, 2.2],
					"rotation": 180,
					"texture": "#1"
				},
				"east": {
					"uv": [10.91667, 0.08333, 13.2, 2.5],
					"rotation": 270,
					"texture": "#1"
				},
				"south": {
					"uv": [10.91667, 0, 13.33334, 1.95],
					"texture": "#1"
				},
				"west": {
					"uv": [10.91667, 0, 13.2, 2.58333],
					"rotation": 90,
					"texture": "#1"
				},
				"up": {
					"uv": [10.91667, 0, 13.08334, 2.58333],
					"rotation": 180,
					"texture": "#1"
				},
				"down": {
					"uv": [10.91667, 0, 13.08334, 2.58333],
					"texture": "#1"
				}
			}
		},
		{
			"from": [2.75, 7.05, 12.75],
			"to": [13.25, 14.15, 16.25],
			"rotation": {
				"angle": 0,
				"axis": "y",
				"origin": [12, 10.8, 15]
			},
			"faces": {
				"north": {
					"uv": [0, 7, 6, 12.95],
					"rotation": 180,
					"texture": "#1"
				},
				"east": {
					"uv": [3, 10.75, 4.61666, 12.91667],
					"rotation": 270,
					"texture": "#1"
				},
				"south": {
					"uv": [0, 6.75, 6.66667, 10.11667],
					"texture": "#1"
				},
				"west": {
					"uv": [3, 10.66667, 5.03333, 12.83333],
					"rotation": 90,
					"texture": "#1"
				},
				"up": {
					"uv": [3, 10.58333, 5, 13],
					"rotation": 180,
					"texture": "#1"
				},
				"down": {
					"uv": [0, 7.75, 6.16667, 10.83333],
					"texture": "#1"
				}
			}
		},
		{
			"from": [2.5, 13.05, 12.75],
			"to": [3.25, 14.25, 16.5],
			"rotation": {
				"angle": 0,
				"axis": "y",
				"origin": [12, 10.8, 15]
			},
			"faces": {
				"north": {
					"uv": [0, 13.46666, 2.5, 16],
					"rotation": 180,
					"texture": "#1"
				},
				"east": {
					"uv": [0, 13.66667, 2.28333, 15.91667],
					"rotation": 270,
					"texture": "#1"
				},
				"south": {
					"uv": [0, 13.58334, 2.41667, 15.36667],
					"texture": "#1"
				},
				"west": {
					"uv": [0, 13.58334, 2.28333, 16],
					"rotation": 90,
					"texture": "#1"
				},
				"up": {
					"uv": [0, 13.58334, 2.16667, 16],
					"rotation": 180,
					"texture": "#1"
				},
				"down": {
					"uv": [0, 13.58334, 2.16667, 16],
					"texture": "#1"
				}
			}
		},
		{
			"from": [3.25, 13.05, 15.75],
			"to": [12.75, 14.25, 16.5],
			"rotation": {
				"angle": 0,
				"axis": "y",
				"origin": [12, 10.8, 15]
			},
			"faces": {
				"north": {
					"uv": [0, 13.46666, 2.5, 16],
					"rotation": 180,
					"texture": "#1"
				},
				"east": {
					"uv": [0, 13.66667, 2.28333, 15.91667],
					"rotation": 270,
					"texture": "#1"
				},
				"south": {
					"uv": [0, 13.58334, 2.41667, 15.36667],
					"texture": "#1"
				},
				"west": {
					"uv": [0, 13.58334, 2.28333, 16],
					"rotation": 90,
					"texture": "#1"
				},
				"up": {
					"uv": [0, 13.58334, 2.16667, 16],
					"rotation": 180,
					"texture": "#1"
				},
				"down": {
					"uv": [0, 13.58334, 2.16667, 16],
					"texture": "#1"
				}
			}
		},
		{
			"from": [12.75, 13.05, 12.75],
			"to": [13.5, 14.25, 16.5],
			"rotation": {
				"angle": 0,
				"axis": "y",
				"origin": [22.25, 10.8, 15]
			},
			"faces": {
				"north": {
					"uv": [0, 13.46666, 2.5, 16],
					"rotation": 180,
					"texture": "#1"
				},
				"east": {
					"uv": [0, 13.66667, 2.28333, 15.91667],
					"rotation": 270,
					"texture": "#1"
				},
				"south": {
					"uv": [0, 13.58334, 2.41667, 15.36667],
					"texture": "#1"
				},
				"west": {
					"uv": [0, 13.58334, 2.28333, 16],
					"rotation": 90,
					"texture": "#1"
				},
				"up": {
					"uv": [0, 13.58334, 2.16667, 16],
					"rotation": 180,
					"texture": "#1"
				},
				"down": {
					"uv": [0, 13.58334, 2.16667, 16],
					"texture": "#1"
				}
			}
		},
		{
			"from": [7.5, 3.05, 14.25],
			"to": [8.5, 5.25, 15.4],
			"rotation": {
				"angle": 0,
				"axis": "y",
				"origin": [12, 1.8, 15]
			},
			"faces": {
				"north": {
					"uv": [13.58333, 10.96666, 16, 13],
					"rotation": 180,
					"texture": "#1"
				},
				"east": {
					"uv": [13.66666, 11.08333, 15.86666, 13],
					"rotation": 270,
					"texture": "#1"
				},
				"south": {
					"uv": [13.66666, 11, 16, 12.45],
					"texture": "#1"
				},
				"west": {
					"uv": [13.66666, 11, 15.86666, 13.08333],
					"rotation": 90,
					"texture": "#1"
				},
				"up": {
					"uv": [13.66666, 11, 15.75, 13.08333],
					"rotation": 180,
					"texture": "#1"
				},
				"down": {
					"uv": [13.66666, 11, 15.75, 13.08333],
					"texture": "#1"
				}
			}
		},
		{
			"from": [6.5, 2.05, 14.25],
			"to": [9.5, 3.05, 15.25],
			"rotation": {
				"angle": 0,
				"axis": "y",
				"origin": [12, -0.4, 15]
			},
			"faces": {
				"north": {
					"uv": [13.58333, 10.96666, 16, 13],
					"rotation": 180,
					"texture": "#1"
				},
				"east": {
					"uv": [13.66666, 11.08333, 15.86666, 13],
					"rotation": 270,
					"texture": "#1"
				},
				"south": {
					"uv": [13.66666, 11, 16, 12.45],
					"texture": "#1"
				},
				"west": {
					"uv": [13.66666, 11, 15.86666, 13.08333],
					"rotation": 90,
					"texture": "#1"
				},
				"up": {
					"uv": [13.66666, 11, 15.75, 13.08333],
					"rotation": 180,
					"texture": "#1"
				},
				"down": {
					"uv": [13.66666, 11, 15.75, 13.08333],
					"texture": "#1"
				}
			}
		},
		{
			"from": [6.5, -1.95, 14.25],
			"to": [9.5, -0.95, 15.25],
			"rotation": {
				"angle": 0,
				"axis": "y",
				"origin": [12, -4.4, 15]
			},
			"faces": {
				"north": {
					"uv": [13.58333, 10.96666, 16, 13],
					"rotation": 180,
					"texture": "#1"
				},
				"east": {
					"uv": [13.66666, 11.08333, 15.86666, 13],
					"rotation": 270,
					"texture": "#1"
				},
				"south": {
					"uv": [13.66666, 11, 16, 12.45],
					"texture": "#1"
				},
				"west": {
					"uv": [13.66666, 11, 15.86666, 13.08333],
					"rotation": 90,
					"texture": "#1"
				},
				"up": {
					"uv": [13.66666, 11, 15.75, 13.08333],
					"rotation": 180,
					"texture": "#1"
				},
				"down": {
					"uv": [13.66666, 11, 15.75, 13.08333],
					"texture": "#1"
				}
			}
		},
		{
			"from": [9.5, -0.95, 14.25],
			"to": [10.5, 2.05, 15.25],
			"rotation": {
				"angle": 0,
				"axis": "y",
				"origin": [15, -2.4, 15]
			},
			"faces": {
				"north": {
					"uv": [13.58333, 10.96666, 16, 13],
					"rotation": 180,
					"texture": "#1"
				},
				"east": {
					"uv": [13.66666, 11.08333, 15.86666, 13],
					"rotation": 270,
					"texture": "#1"
				},
				"south": {
					"uv": [13.66666, 11, 16, 12.45],
					"texture": "#1"
				},
				"west": {
					"uv": [13.66666, 11, 15.86666, 13.08333],
					"rotation": 90,
					"texture": "#1"
				},
				"up": {
					"uv": [13.66666, 11, 15.75, 13.08333],
					"rotation": 180,
					"texture": "#1"
				},
				"down": {
					"uv": [13.66666, 11, 15.75, 13.08333],
					"texture": "#1"
				}
			}
		},
		{
			"from": [5.5, -0.95, 14.25],
			"to": [6.5, 1.05, 15.25],
			"rotation": {
				"angle": 0,
				"axis": "y",
				"origin": [11, -2.4, 15]
			},
			"faces": {
				"north": {
					"uv": [13.58333, 10.96666, 16, 13],
					"rotation": 180,
					"texture": "#1"
				},
				"east": {
					"uv": [13.66666, 11.08333, 15.86666, 13],
					"rotation": 270,
					"texture": "#1"
				},
				"south": {
					"uv": [13.66666, 11, 16, 12.45],
					"texture": "#1"
				},
				"west": {
					"uv": [13.66666, 11, 15.86666, 13.08333],
					"rotation": 90,
					"texture": "#1"
				},
				"up": {
					"uv": [13.66666, 11, 15.75, 13.08333],
					"rotation": 180,
					"texture": "#1"
				},
				"down": {
					"uv": [13.66666, 11, 15.75, 13.08333],
					"texture": "#1"
				}
			}
		},
		{
			"from": [5.75, 1.05, 14.25],
			"to": [6.25, 1.8, 15.25],
			"rotation": {
				"angle": 0,
				"axis": "y",
				"origin": [11, -0.4, 15]
			},
			"faces": {
				"north": {
					"uv": [13.58333, 10.96666, 16, 13],
					"rotation": 180,
					"texture": "#1"
				},
				"east": {
					"uv": [13.66666, 11.08333, 15.86666, 13],
					"rotation": 270,
					"texture": "#1"
				},
				"south": {
					"uv": [13.66666, 11, 16, 12.45],
					"texture": "#1"
				},
				"west": {
					"uv": [13.66666, 11, 15.86666, 13.08333],
					"rotation": 90,
					"texture": "#1"
				},
				"up": {
					"uv": [13.66666, 11, 15.75, 13.08333],
					"rotation": 180,
					"texture": "#1"
				},
				"down": {
					"uv": [13.66666, 11, 15.75, 13.08333],
					"texture": "#1"
				}
			}
		},
		{
			"from": [2.75, 3.55, 12.75],
			"to": [13.25, 7.1, 14.75],
			"rotation": {
				"angle": 0,
				"axis": "y",
				"origin": [12, 7.3, 15]
			},
			"faces": {
				"north": {
					"uv": [2.83333, 10.16666, 4.45, 12.75],
					"rotation": 270,
					"texture": "#1"
				},
				"east": {
					"uv": [2.83333, 10.16666, 4.45, 12.75],
					"rotation": 270,
					"texture": "#1"
				},
				"south": {
					"uv": [2.83333, 10.16666, 4.45, 12.75],
					"rotation": 270,
					"texture": "#1"
				},
				"west": {
					"uv": [2.83333, 10.16666, 4.45, 12.75],
					"rotation": 270,
					"texture": "#1"
				},
				"up": {
					"uv": [2.83333, 10.16666, 4.45, 12.75],
					"rotation": 270,
					"texture": "#1"
				},
				"down": {
					"uv": [2.83333, 10.16666, 4.45, 12.75],
					"rotation": 270,
					"texture": "#1"
				}
			}
		},
		{
			"from": [2.75, 3.4, 13.5],
			"to": [13.25, 7.85, 15],
			"rotation": {
				"angle": 22.5,
				"axis": "x",
				"origin": [12, 4.4, 13.75]
			},
			"faces": {
				"north": {
					"uv": [0, 7, 6, 12.95],
					"rotation": 180,
					"texture": "#1"
				},
				"east": {
					"uv": [3.16667, 10.33333, 4.7, 13.08333],
					"rotation": 270,
					"texture": "#1"
				},
				"south": {
					"uv": [0, 10, 6.66667, 13.36667],
					"texture": "#1"
				},
				"west": {
					"uv": [3.16667, 10.33333, 5.11666, 13],
					"rotation": 90,
					"texture": "#1"
				},
				"up": {
					"uv": [0, 7.75, 6.16667, 10.83333],
					"rotation": 180,
					"texture": "#1"
				},
				"down": {
					"uv": [3.16667, 10.33333, 5.16667, 12.83333],
					"texture": "#1"
				}
			}
		},
		{
			"from": [-3.25, 7.45, 14.25],
			"to": [19.25, 10.45, 14.5],
			"rotation": {
				"angle": 0,
				"axis": "y",
				"origin": [12, 7, 14.25]
			},
			"faces": {
				"north": {
					"uv": [10.91667, 0, 13.08334, 2.2],
					"rotation": 180,
					"texture": "#1"
				},
				"east": {
					"uv": [10.91667, 0.08333, 13.2, 2.5],
					"rotation": 270,
					"texture": "#1"
				},
				"south": {
					"uv": [10.91667, 0, 13.33334, 1.95],
					"texture": "#1"
				},
				"west": {
					"uv": [10.91667, 0, 13.2, 2.58333],
					"rotation": 90,
					"texture": "#1"
				},
				"up": {
					"uv": [10.91667, 0, 13.08334, 2.58333],
					"rotation": 180,
					"texture": "#1"
				},
				"down": {
					"uv": [10.91667, 0, 13.08334, 2.58333],
					"texture": "#1"
				}
			}
		},
		{
			"from": [-3.25, 4.45, 14.25],
			"to": [19.25, 7.45, 14.5],
			"rotation": {
				"angle": 0,
				"axis": "y",
				"origin": [12, 4, 14.25]
			},
			"faces": {
				"north": {
					"uv": [10.91667, 0, 13.08334, 2.2],
					"rotation": 180,
					"texture": "#1"
				},
				"east": {
					"uv": [10.91667, 0.08333, 13.2, 2.5],
					"rotation": 270,
					"texture": "#1"
				},
				"south": {
					"uv": [10.91667, 0, 13.33334, 1.95],
					"texture": "#1"
				},
				"west": {
					"uv": [10.91667, 0, 13.2, 2.58333],
					"rotation": 90,
					"texture": "#1"
				},
				"up": {
					"uv": [10.91667, 0, 13.08334, 2.58333],
					"rotation": 180,
					"texture": "#1"
				},
				"down": {
					"uv": [10.91667, 0, 13.08334, 2.58333],
					"texture": "#1"
				}
			}
		},
		{
			"from": [-2.25, 1.45, 14.25],
			"to": [18.25, 4.45, 14.5],
			"rotation": {
				"angle": 0,
				"axis": "y",
				"origin": [12, 1, 14.25]
			},
			"faces": {
				"north": {
					"uv": [10.91667, 0, 13.08334, 2.2],
					"rotation": 180,
					"texture": "#1"
				},
				"east": {
					"uv": [10.91667, 0.08333, 13.2, 2.5],
					"rotation": 270,
					"texture": "#1"
				},
				"south": {
					"uv": [10.91667, 0, 13.33334, 1.95],
					"texture": "#1"
				},
				"west": {
					"uv": [10.91667, 0, 13.2, 2.58333],
					"rotation": 90,
					"texture": "#1"
				},
				"up": {
					"uv": [10.91667, 0, 13.08334, 2.58333],
					"rotation": 180,
					"texture": "#1"
				},
				"down": {
					"uv": [10.91667, 0, 13.08334, 2.58333],
					"texture": "#1"
				}
			}
		},
		{
			"from": [-0.25, -1.55, 14.25],
			"to": [16.25, 1.45, 14.5],
			"rotation": {
				"angle": 0,
				"axis": "y",
				"origin": [12, -2, 14.25]
			},
			"faces": {
				"north": {
					"uv": [10.91667, 0, 13.08334, 2.2],
					"rotation": 180,
					"texture": "#1"
				},
				"east": {
					"uv": [10.91667, 0.08333, 13.2, 2.5],
					"rotation": 270,
					"texture": "#1"
				},
				"south": {
					"uv": [10.91667, 0, 13.33334, 1.95],
					"texture": "#1"
				},
				"west": {
					"uv": [10.91667, 0, 13.2, 2.58333],
					"rotation": 90,
					"texture": "#1"
				},
				"up": {
					"uv": [10.91667, 0, 13.08334, 2.58333],
					"rotation": 180,
					"texture": "#1"
				},
				"down": {
					"uv": [10.91667, 0, 13.08334, 2.58333],
					"texture": "#1"
				}
			}
		},
		{
			"from": [2.75, -4.2, 12.95],
			"to": [13.25, -1.2, 13.2],
			"rotation": {
				"angle": 22.5,
				"axis": "x",
				"origin": [12, -4.65, 12.95]
			},
			"faces": {
				"north": {
					"uv": [10.91667, 0, 13.08334, 2.2],
					"rotation": 180,
					"texture": "#1"
				},
				"east": {
					"uv": [10.91667, 0.08333, 13.2, 2.5],
					"rotation": 270,
					"texture": "#1"
				},
				"south": {
					"uv": [10.91667, 0, 13.33334, 1.95],
					"texture": "#1"
				},
				"west": {
					"uv": [10.91667, 0, 13.2, 2.58333],
					"rotation": 90,
					"texture": "#1"
				},
				"up": {
					"uv": [10.91667, 0, 13.08334, 2.58333],
					"rotation": 180,
					"texture": "#1"
				},
				"down": {
					"uv": [10.91667, 0, 13.08334, 2.58333],
					"texture": "#1"
				}
			}
		},
		{
			"from": [11.75, 11.3, 2.5],
			"to": [19.25, 14.5, 2.75],
			"rotation": {
				"angle": 22.5,
				"axis": "x",
				"origin": [12, 9.75, 2.75]
			},
			"faces": {
				"north": {
					"uv": [10.91667, 0, 13.33334, 1.95],
					"rotation": 180,
					"texture": "#1"
				},
				"east": {
					"uv": [10.91667, 0.08333, 13.2, 2.5],
					"rotation": 90,
					"texture": "#1"
				},
				"south": {
					"uv": [10.91667, 0, 13.08334, 2.2],
					"texture": "#1"
				},
				"west": {
					"uv": [10.91667, 0, 13.2, 2.58333],
					"rotation": 270,
					"texture": "#1"
				},
				"up": {
					"uv": [10.91667, 0, 13.08334, 2.58333],
					"texture": "#1"
				},
				"down": {
					"uv": [10.91667, 0, 13.08334, 2.58333],
					"rotation": 180,
					"texture": "#1"
				}
			}
		},
		{
			"from": [11.75, 8.05, 3],
			"to": [16.25, 11.25, 3.25],
			"rotation": {
				"angle": 0,
				"axis": "y",
				"origin": [12, 6.5, 3.25]
			},
			"faces": {
				"north": {
					"uv": [10.91667, 0, 13.33334, 1.95],
					"rotation": 180,
					"texture": "#1"
				},
				"east": {
					"uv": [10.91667, 0.08333, 13.2, 2.5],
					"rotation": 90,
					"texture": "#1"
				},
				"south": {
					"uv": [10.91667, 0, 13.08334, 2.2],
					"texture": "#1"
				},
				"west": {
					"uv": [10.91667, 0, 13.2, 2.58333],
					"rotation": 270,
					"texture": "#1"
				},
				"up": {
					"uv": [10.91667, 0, 13.08334, 2.58333],
					"texture": "#1"
				},
				"down": {
					"uv": [10.91667, 0, 13.08334, 2.58333],
					"rotation": 180,
					"texture": "#1"
				}
			}
		},
		{
			"from": [12.75, 5.9, 3],
			"to": [15.25, 8.1, 3.25],
			"rotation": {
				"angle": 0,
				"axis": "y",
				"origin": [12, 3.35, 3.25]
			},
			"faces": {
				"north": {
					"uv": [10.91667, 0, 13.33334, 1.95],
					"rotation": 180,
					"texture": "#1"
				},
				"east": {
					"uv": [10.91667, 0.08333, 13.2, 2.5],
					"rotation": 90,
					"texture": "#1"
				},
				"south": {
					"uv": [10.91667, 0, 13.08334, 2.2],
					"texture": "#1"
				},
				"west": {
					"uv": [10.91667, 0, 13.2, 2.58333],
					"rotation": 270,
					"texture": "#1"
				},
				"up": {
					"uv": [10.91667, 0, 13.08334, 2.58333],
					"texture": "#1"
				},
				"down": {
					"uv": [10.91667, 0, 13.08334, 2.58333],
					"rotation": 180,
					"texture": "#1"
				}
			}
		},
		{
			"from": [0.75, 5.9, 3],
			"to": [3.25, 8.1, 3.25],
			"rotation": {
				"angle": 0,
				"axis": "y",
				"origin": [0, 3.35, 3.25]
			},
			"faces": {
				"north": {
					"uv": [10.91667, 0, 13.33334, 1.95],
					"rotation": 180,
					"texture": "#1"
				},
				"east": {
					"uv": [10.91667, 0.08333, 13.2, 2.5],
					"rotation": 90,
					"texture": "#1"
				},
				"south": {
					"uv": [10.91667, 0, 13.08334, 2.2],
					"texture": "#1"
				},
				"west": {
					"uv": [10.91667, 0, 13.2, 2.58333],
					"rotation": 270,
					"texture": "#1"
				},
				"up": {
					"uv": [10.91667, 0, 13.08334, 2.58333],
					"texture": "#1"
				},
				"down": {
					"uv": [10.91667, 0, 13.08334, 2.58333],
					"rotation": 180,
					"texture": "#1"
				}
			}
		},
		{
			"from": [-0.25, 8.05, 3],
			"to": [4.25, 11.25, 3.25],
			"rotation": {
				"angle": 0,
				"axis": "y",
				"origin": [0, 6.5, 3.25]
			},
			"faces": {
				"north": {
					"uv": [10.91667, 0, 13.33334, 1.95],
					"rotation": 180,
					"texture": "#1"
				},
				"east": {
					"uv": [10.91667, 0.08333, 13.2, 2.5],
					"rotation": 90,
					"texture": "#1"
				},
				"south": {
					"uv": [10.91667, 0, 13.08334, 2.2],
					"texture": "#1"
				},
				"west": {
					"uv": [10.91667, 0, 13.2, 2.58333],
					"rotation": 270,
					"texture": "#1"
				},
				"up": {
					"uv": [10.91667, 0, 13.08334, 2.58333],
					"texture": "#1"
				},
				"down": {
					"uv": [10.91667, 0, 13.08334, 2.58333],
					"rotation": 180,
					"texture": "#1"
				}
			}
		},
		{
			"from": [-3.25, 11.3, 2.5],
			"to": [4.25, 14.5, 2.75],
			"rotation": {
				"angle": 22.5,
				"axis": "x",
				"origin": [-3, 9.75, 2.75]
			},
			"faces": {
				"north": {
					"uv": [10.91667, 0, 13.33334, 1.95],
					"rotation": 180,
					"texture": "#1"
				},
				"east": {
					"uv": [10.91667, 0.08333, 13.2, 2.5],
					"rotation": 90,
					"texture": "#1"
				},
				"south": {
					"uv": [10.91667, 0, 13.08334, 2.2],
					"texture": "#1"
				},
				"west": {
					"uv": [10.91667, 0, 13.2, 2.58333],
					"rotation": 270,
					"texture": "#1"
				},
				"up": {
					"uv": [10.91667, 0, 13.08334, 2.58333],
					"texture": "#1"
				},
				"down": {
					"uv": [10.91667, 0, 13.08334, 2.58333],
					"rotation": 180,
					"texture": "#1"
				}
			}
		},
		{
			"from": [-3.25, 14, 4.55],
			"to": [4.25, 14.25, 12.75],
			"rotation": {
				"angle": 0,
				"axis": "y",
				"origin": [-3, 14, 8]
			},
			"faces": {
				"north": {
					"uv": [10.91667, 0, 13.08334, 2.58333],
					"texture": "#1"
				},
				"east": {
					"uv": [10.91667, 0.08333, 13.2, 2.5],
					"texture": "#1"
				},
				"south": {
					"uv": [10.91667, 0, 13.08334, 2.58333],
					"texture": "#1"
				},
				"west": {
					"uv": [10.91667, 0, 13.2, 2.58333],
					"texture": "#1"
				},
				"up": {
					"uv": [10.91667, 0, 13.33334, 1.95],
					"texture": "#1"
				},
				"down": {
					"uv": [10.91667, 0, 13.08334, 2.2],
					"texture": "#1"
				}
			}
		}
	]
}