{
	"textures": {
		"1": "animated_java:blueprint/deerhead_model/deerhead",
		"particle": "minecraft:item/pufferfish"
	},
	"display": {
		"head": {
			"rotation": [0, 180, 0]
		}
	},
	"elements": [
		{
			"from": [2.5, 4, 5.5],
			"to": [13.5, 6.5, 10.5],
			"rotation": {
				"angle": 0,
				"axis": "y",
				"origin": [12.5, 4, 9.5]
			},
			"faces": {
				"north": {
					"uv": [0, 0, 3.58333, 1.45833],
					"texture": "#1"
				},
				"east": {
					"uv": [0, 0, 3.08333, 1.45833],
					"texture": "#1"
				},
				"south": {
					"uv": [0, 0, 3.58333, 1.45833],
					"texture": "#1"
				},
				"west": {
					"uv": [0, 0, 3.08333, 1.45833],
					"texture": "#1"
				},
				"up": {
					"uv": [0, 0, 3.58333, 1.66667],
					"texture": "#1"
				},
				"down": {
					"uv": [0, 0, 3.58333, 1.66667],
					"texture": "#1"
				}
			}
		},
		{
			"from": [1.75, 6.5, 4.5],
			"to": [14.25, 8, 11.5],
			"rotation": {
				"angle": 0,
				"axis": "y",
				"origin": [12.5, 6.5, 9.5]
			},
			"faces": {
				"north": {
					"uv": [0, 0, 3.58334, 3.25],
					"texture": "#1"
				},
				"east": {
					"uv": [0, 0, 3.08334, 2.83334],
					"texture": "#1"
				},
				"south": {
					"uv": [0, 0, 3.5, 2.75],
					"texture": "#1"
				},
				"west": {
					"uv": [0, 0, 3.08334, 2.83334],
					"texture": "#1"
				},
				"up": {
					"uv": [0, 0, 3.58333, 6.16666],
					"texture": "#1"
				},
				"down": {
					"uv": [0, 0, 3.58333, 6.16666],
					"texture": "#1"
				}
			}
		},
		{
			"from": [2.5, 3.925, 5],
			"to": [13.5, 8.425, 6],
			"rotation": {
				"angle": -22.5,
				"axis": "x",
				"origin": [12.5, 3.925, 5]
			},
			"faces": {
				"north": {
					"uv": [0, 1.41667, 3.41667, 5.16666],
					"texture": "#1"
				},
				"east": {
					"uv": [0, 1.41667, 1, 5.91667],
					"texture": "#1"
				},
				"south": {
					"uv": [0, 0, 3.41667, 3.75],
					"texture": "#1"
				},
				"west": {
					"uv": [0, 1.41667, 1, 5.91667],
					"texture": "#1"
				},
				"up": {
					"uv": [0, 0, 3.33334, 2.33334],
					"texture": "#1"
				},
				"down": {
					"uv": [0, 0, 3.33334, 2.33334],
					"texture": "#1"
				}
			}
		},
		{
			"from": [2.5, 4.3, 10.075],
			"to": [13.5, 8.8, 11.075],
			"rotation": {
				"angle": 22.5,
				"axis": "x",
				"origin": [12.5, 4.3, 10.075]
			},
			"faces": {
				"north": {
					"uv": [0, 0, 3.41667, 3.75],
					"texture": "#1"
				},
				"east": {
					"uv": [0, 1.41667, 1, 5.91667],
					"texture": "#1"
				},
				"south": {
					"uv": [0, 1.41667, 3.41667, 5.16666],
					"texture": "#1"
				},
				"west": {
					"uv": [0, 1.33333, 1, 5.83333],
					"texture": "#1"
				},
				"up": {
					"uv": [0, 0, 3.33334, 2.33334],
					"texture": "#1"
				},
				"down": {
					"uv": [0, 0, 3.33334, 2.33334],
					"texture": "#1"
				}
			}
		},
		{
			"from": [11.875, 0.5, 5],
			"to": [12.875, 5, 11],
			"rotation": {
				"angle": -22.5,
				"axis": "z",
				"origin": [21.875, 0.5, 9.5]
			},
			"faces": {
				"north": {
					"uv": [0, 1.16667, 1, 5.66667],
					"texture": "#1"
				},
				"east": {
					"uv": [0, 1.25, 3.5, 5.08333],
					"texture": "#1"
				},
				"south": {
					"uv": [0, 1.33333, 1, 5.83333],
					"texture": "#1"
				},
				"west": {
					"uv": [0, 0, 3.5, 3.83333],
					"texture": "#1"
				},
				"up": {
					"uv": [0, 0, 1, 6],
					"texture": "#1"
				},
				"down": {
					"uv": [0, 0, 1, 6],
					"texture": "#1"
				}
			}
		},
		{
			"from": [1.7, 7.75, 5],
			"to": [2.7, 12.25, 11],
			"rotation": {
				"angle": 22.5,
				"axis": "z",
				"origin": [11.7, 7.75, 9.5]
			},
			"faces": {
				"north": {
					"uv": [0, 1.33333, 1, 5.83333],
					"texture": "#1"
				},
				"east": {
					"uv": [0, 0, 3.5, 3.83333],
					"texture": "#1"
				},
				"south": {
					"uv": [0, 1.25, 1, 5.75],
					"texture": "#1"
				},
				"west": {
					"uv": [0, 1.25, 3.5, 5.08333],
					"texture": "#1"
				},
				"up": {
					"uv": [0, 0, 1, 6],
					"texture": "#1"
				},
				"down": {
					"uv": [0, 0, 1, 6],
					"texture": "#1"
				}
			}
		},
		{
			"from": [9.5, 6.5, 3],
			"to": [10.5, 7.75, 3.75],
			"rotation": {
				"angle": -22.5,
				"axis": "x",
				"origin": [10.5, 7, 4]
			},
			"faces": {
				"north": {
					"uv": [13.41667, 13.5, 16, 14.58333],
					"texture": "#1"
				},
				"east": {
					"uv": [13.41667, 13.5, 16, 14.58333],
					"texture": "#1"
				},
				"south": {
					"uv": [13.41667, 13.5, 16, 14.58333],
					"texture": "#1"
				},
				"west": {
					"uv": [13.41667, 13.5, 16, 14.58333],
					"texture": "#1"
				},
				"up": {
					"uv": [13.58333, 13.5, 16, 14.33333],
					"rotation": 270,
					"texture": "#1"
				},
				"down": {
					"uv": [13.58333, 13.5, 16, 14.33333],
					"rotation": 90,
					"texture": "#1"
				}
			}
		},
		{
			"from": [8.5, 6.75, 3.25],
			"to": [9.5, 7.5, 3.75],
			"rotation": {
				"angle": -22.5,
				"axis": "x",
				"origin": [10.5, 7, 4]
			},
			"faces": {
				"north": {
					"uv": [13.41667, 14.91667, 16, 16],
					"texture": "#1"
				},
				"east": {
					"uv": [13.41667, 14.91667, 16, 16],
					"texture": "#1"
				},
				"south": {
					"uv": [13.41667, 14.91667, 16, 16],
					"texture": "#1"
				},
				"west": {
					"uv": [13.41667, 14.91667, 16, 16],
					"texture": "#1"
				},
				"up": {
					"uv": [13.5, 15.16667, 16, 16],
					"rotation": 270,
					"texture": "#1"
				},
				"down": {
					"uv": [13.5, 15.16667, 16, 16],
					"rotation": 90,
					"texture": "#1"
				}
			}
		},
		{
			"from": [10.5, 6.85, 3.35],
			"to": [11.5, 7.4, 3.75],
			"rotation": {
				"angle": -22.5,
				"axis": "x",
				"origin": [10.5, 7, 4]
			},
			"faces": {
				"north": {
					"uv": [13.41667, 14.91667, 16, 16],
					"texture": "#1"
				},
				"east": {
					"uv": [13.41667, 14.91667, 16, 16],
					"texture": "#1"
				},
				"south": {
					"uv": [13.41667, 14.91667, 16, 16],
					"texture": "#1"
				},
				"west": {
					"uv": [13.41667, 14.91667, 16, 16],
					"texture": "#1"
				},
				"up": {
					"uv": [13.5, 15.16667, 16, 16],
					"rotation": 270,
					"texture": "#1"
				},
				"down": {
					"uv": [13.5, 15.16667, 16, 16],
					"rotation": 90,
					"texture": "#1"
				}
			}
		},
		{
			"from": [9.5, 4.5, 3.85],
			"to": [10.5, 5.75, 4.6],
			"rotation": {
				"angle": -22.5,
				"axis": "x",
				"origin": [10.5, 5, 4.85]
			},
			"faces": {
				"north": {
					"uv": [13.41667, 13.5, 16, 14.58333],
					"texture": "#1"
				},
				"east": {
					"uv": [13.41667, 13.5, 16, 14.58333],
					"texture": "#1"
				},
				"south": {
					"uv": [13.41667, 13.5, 16, 14.58333],
					"texture": "#1"
				},
				"west": {
					"uv": [13.41667, 13.5, 16, 14.58333],
					"texture": "#1"
				},
				"up": {
					"uv": [13.58333, 13.5, 16, 14.33333],
					"rotation": 270,
					"texture": "#1"
				},
				"down": {
					"uv": [13.58333, 13.5, 16, 14.33333],
					"rotation": 90,
					"texture": "#1"
				}
			}
		},
		{
			"from": [8.5, 4.75, 4.1],
			"to": [9.5, 5.5, 4.6],
			"rotation": {
				"angle": -22.5,
				"axis": "x",
				"origin": [10.5, 5, 4.85]
			},
			"faces": {
				"north": {
					"uv": [13.41667, 14.91667, 16, 16],
					"texture": "#1"
				},
				"east": {
					"uv": [13.41667, 14.91667, 16, 16],
					"texture": "#1"
				},
				"south": {
					"uv": [13.41667, 14.91667, 16, 16],
					"texture": "#1"
				},
				"west": {
					"uv": [13.41667, 14.91667, 16, 16],
					"texture": "#1"
				},
				"up": {
					"uv": [13.5, 15.16667, 16, 16],
					"rotation": 270,
					"texture": "#1"
				},
				"down": {
					"uv": [13.5, 15.16667, 16, 16],
					"rotation": 90,
					"texture": "#1"
				}
			}
		},
		{
			"from": [10.5, 4.85, 4.2],
			"to": [11.5, 5.4, 4.6],
			"rotation": {
				"angle": -22.5,
				"axis": "x",
				"origin": [10.5, 5, 4.85]
			},
			"faces": {
				"north": {
					"uv": [13.41667, 14.91667, 16, 16],
					"texture": "#1"
				},
				"east": {
					"uv": [13.41667, 14.91667, 16, 16],
					"texture": "#1"
				},
				"south": {
					"uv": [13.41667, 14.91667, 16, 16],
					"texture": "#1"
				},
				"west": {
					"uv": [13.41667, 14.91667, 16, 16],
					"texture": "#1"
				},
				"up": {
					"uv": [13.5, 15.16667, 16, 16],
					"rotation": 270,
					"texture": "#1"
				},
				"down": {
					"uv": [13.5, 15.16667, 16, 16],
					"rotation": 90,
					"texture": "#1"
				}
			}
		},
		{
			"from": [6.5, 4.75, 4.1],
			"to": [7.5, 5.5, 4.6],
			"rotation": {
				"angle": -22.5,
				"axis": "x",
				"origin": [8.5, 5, 4.85]
			},
			"faces": {
				"north": {
					"uv": [13.41667, 14.91667, 16, 16],
					"texture": "#1"
				},
				"east": {
					"uv": [13.41667, 14.91667, 16, 16],
					"texture": "#1"
				},
				"south": {
					"uv": [13.41667, 14.91667, 16, 16],
					"texture": "#1"
				},
				"west": {
					"uv": [13.41667, 14.91667, 16, 16],
					"texture": "#1"
				},
				"up": {
					"uv": [13.5, 15.16667, 16, 16],
					"rotation": 270,
					"texture": "#1"
				},
				"down": {
					"uv": [13.5, 15.16667, 16, 16],
					"rotation": 90,
					"texture": "#1"
				}
			}
		},
		{
			"from": [5.5, 6.5, 3],
			"to": [6.5, 7.75, 3.75],
			"rotation": {
				"angle": -22.5,
				"axis": "x",
				"origin": [6.5, 7, 4]
			},
			"faces": {
				"north": {
					"uv": [13.41667, 13.5, 16, 14.58333],
					"texture": "#1"
				},
				"east": {
					"uv": [13.41667, 13.5, 16, 14.58333],
					"texture": "#1"
				},
				"south": {
					"uv": [13.41667, 13.5, 16, 14.58333],
					"texture": "#1"
				},
				"west": {
					"uv": [13.41667, 13.5, 16, 14.58333],
					"texture": "#1"
				},
				"up": {
					"uv": [13.58333, 13.5, 16, 14.33333],
					"rotation": 270,
					"texture": "#1"
				},
				"down": {
					"uv": [13.58333, 13.5, 16, 14.33333],
					"rotation": 90,
					"texture": "#1"
				}
			}
		},
		{
			"from": [6.5, 6.75, 3.25],
			"to": [7.5, 7.5, 3.75],
			"rotation": {
				"angle": -22.5,
				"axis": "x",
				"origin": [8.5, 7, 4]
			},
			"faces": {
				"north": {
					"uv": [13.41667, 14.91667, 16, 16],
					"texture": "#1"
				},
				"east": {
					"uv": [13.41667, 14.91667, 16, 16],
					"texture": "#1"
				},
				"south": {
					"uv": [13.41667, 14.91667, 16, 16],
					"texture": "#1"
				},
				"west": {
					"uv": [13.41667, 14.91667, 16, 16],
					"texture": "#1"
				},
				"up": {
					"uv": [13.5, 15.16667, 16, 16],
					"rotation": 270,
					"texture": "#1"
				},
				"down": {
					"uv": [13.5, 15.16667, 16, 16],
					"rotation": 90,
					"texture": "#1"
				}
			}
		},
		{
			"from": [5.5, 4.5, 3.85],
			"to": [6.5, 5.75, 4.6],
			"rotation": {
				"angle": -22.5,
				"axis": "x",
				"origin": [6.5, 5, 4.85]
			},
			"faces": {
				"north": {
					"uv": [13.41667, 13.5, 16, 14.58333],
					"texture": "#1"
				},
				"east": {
					"uv": [13.41667, 13.5, 16, 14.58333],
					"texture": "#1"
				},
				"south": {
					"uv": [13.41667, 13.5, 16, 14.58333],
					"texture": "#1"
				},
				"west": {
					"uv": [13.41667, 13.5, 16, 14.58333],
					"texture": "#1"
				},
				"up": {
					"uv": [13.58333, 13.5, 16, 14.33333],
					"rotation": 270,
					"texture": "#1"
				},
				"down": {
					"uv": [13.58333, 13.5, 16, 14.33333],
					"rotation": 90,
					"texture": "#1"
				}
			}
		},
		{
			"from": [4.5, 4.85, 4.2],
			"to": [5.5, 5.4, 4.6],
			"rotation": {
				"angle": -22.5,
				"axis": "x",
				"origin": [4.5, 5, 4.85]
			},
			"faces": {
				"north": {
					"uv": [13.41667, 14.91667, 16, 16],
					"texture": "#1"
				},
				"east": {
					"uv": [13.41667, 14.91667, 16, 16],
					"texture": "#1"
				},
				"south": {
					"uv": [13.41667, 14.91667, 16, 16],
					"texture": "#1"
				},
				"west": {
					"uv": [13.41667, 14.91667, 16, 16],
					"texture": "#1"
				},
				"up": {
					"uv": [13.5, 15.16667, 16, 16],
					"rotation": 270,
					"texture": "#1"
				},
				"down": {
					"uv": [13.5, 15.16667, 16, 16],
					"rotation": 90,
					"texture": "#1"
				}
			}
		},
		{
			"from": [4.5, 6.85, 3.35],
			"to": [5.5, 7.4, 3.75],
			"rotation": {
				"angle": -22.5,
				"axis": "x",
				"origin": [4.5, 7, 4]
			},
			"faces": {
				"north": {
					"uv": [13.41667, 14.91667, 16, 16],
					"texture": "#1"
				},
				"east": {
					"uv": [13.41667, 14.91667, 16, 16],
					"texture": "#1"
				},
				"south": {
					"uv": [13.41667, 14.91667, 16, 16],
					"texture": "#1"
				},
				"west": {
					"uv": [13.41667, 14.91667, 16, 16],
					"texture": "#1"
				},
				"up": {
					"uv": [13.5, 15.16667, 16, 16],
					"rotation": 270,
					"texture": "#1"
				},
				"down": {
					"uv": [13.5, 15.16667, 16, 16],
					"rotation": 90,
					"texture": "#1"
				}
			}
		}
	]
}