{
	"textures": {
		"1": "animated_java:blueprint/deerhead_model/deerhead",
		"particle": "minecraft:item/pufferfish"
	},
	"display": {
		"head": {
			"rotation": [0, 180, 0]
		}
	},
	"elements": [
		{
			"from": [4.8369, 8, 6.81384],
			"to": [11.1631, 14.32619, 11.1631],
			"rotation": {
				"angle": 0,
				"axis": "y",
				"origin": [8, 9.58155, 8]
			},
			"faces": {
				"north": {
					"uv": [13.66667, 0, 16, 2.08333],
					"texture": "#1"
				},
				"east": {
					"uv": [13.66667, 0, 16, 2.08333],
					"texture": "#1"
				},
				"south": {
					"uv": [13.66667, 0, 16, 2.08333],
					"texture": "#1"
				},
				"west": {
					"uv": [13.5, 0.08333, 16, 2],
					"texture": "#1"
				},
				"up": {
					"uv": [13.66667, 0, 16, 2.08333],
					"texture": "#1"
				},
				"down": {
					"uv": [13.66667, 0, 16, 2.08333],
					"texture": "#1"
				}
			}
		},
		{
			"from": [6.81384, 13.85173, 3.98682],
			"to": [9.18616, 14.6425, 6.12191],
			"rotation": {
				"angle": -22.5,
				"axis": "x",
				"origin": [8.79077, 16.22405, 7.24876]
			},
			"faces": {
				"north": {
					"uv": [13.5, 0.08333, 16, 2],
					"rotation": 90,
					"texture": "#1"
				},
				"east": {
					"uv": [13.66667, 0, 16, 2.08333],
					"rotation": 180,
					"texture": "#1"
				},
				"south": {
					"uv": [13.66667, 0, 16, 2.08333],
					"rotation": 270,
					"texture": "#1"
				},
				"west": {
					"uv": [13.66667, 0, 16, 2.08333],
					"texture": "#1"
				},
				"up": {
					"uv": [13.66667, 0, 16, 2.08333],
					"rotation": 270,
					"texture": "#1"
				},
				"down": {
					"uv": [13.66667, 0, 16, 2.08333],
					"rotation": 270,
					"texture": "#1"
				}
			}
		},
		{
			"from": [9.18616, 13.8715, 4.18451],
			"to": [10.37232, 14.66227, 5.37068],
			"rotation": {
				"angle": -45,
				"axis": "x",
				"origin": [11.1631, 16.24382, 6.49753]
			},
			"faces": {
				"north": {
					"uv": [13.5, 0.08333, 16, 2],
					"rotation": 90,
					"texture": "#1"
				},
				"east": {
					"uv": [13.66667, 0, 16, 2.08333],
					"rotation": 180,
					"texture": "#1"
				},
				"south": {
					"uv": [13.66667, 0, 16, 2.08333],
					"rotation": 270,
					"texture": "#1"
				},
				"west": {
					"uv": [13.66667, 0, 16, 2.08333],
					"texture": "#1"
				},
				"up": {
					"uv": [13.66667, 0, 16, 2.08333],
					"rotation": 270,
					"texture": "#1"
				},
				"down": {
					"uv": [13.66667, 0, 16, 2.08333],
					"rotation": 270,
					"texture": "#1"
				}
			}
		},
		{
			"from": [5.62768, 13.8715, 4.18451],
			"to": [6.81384, 14.66227, 5.37068],
			"rotation": {
				"angle": -45,
				"axis": "x",
				"origin": [7.60461, 16.24382, 6.49753]
			},
			"faces": {
				"north": {
					"uv": [13.5, 0.08333, 16, 2],
					"rotation": 90,
					"texture": "#1"
				},
				"east": {
					"uv": [13.66667, 0, 16, 2.08333],
					"rotation": 180,
					"texture": "#1"
				},
				"south": {
					"uv": [13.66667, 0, 16, 2.08333],
					"rotation": 270,
					"texture": "#1"
				},
				"west": {
					"uv": [13.66667, 0, 16, 2.08333],
					"texture": "#1"
				},
				"up": {
					"uv": [13.66667, 0, 16, 2.08333],
					"rotation": 270,
					"texture": "#1"
				},
				"down": {
					"uv": [13.66667, 0, 16, 2.08333],
					"rotation": 270,
					"texture": "#1"
				}
			}
		},
		{
			"from": [6.81384, 8.79077, 4.8369],
			"to": [9.18616, 13.53542, 7.20923],
			"rotation": {
				"angle": 0,
				"axis": "y",
				"origin": [8, 9.58155, 3.25535]
			},
			"faces": {
				"north": {
					"uv": [13.66667, 0, 16, 2.08333],
					"texture": "#1"
				},
				"east": {
					"uv": [13.66667, 0, 16, 2.08333],
					"texture": "#1"
				},
				"south": {
					"uv": [13.66667, 0, 16, 2.08333],
					"texture": "#1"
				},
				"west": {
					"uv": [13.5, 0.08333, 16, 2],
					"texture": "#1"
				},
				"up": {
					"uv": [13.66667, 0, 16, 2.08333],
					"texture": "#1"
				},
				"down": {
					"uv": [13.66667, 0, 16, 2.08333],
					"texture": "#1"
				}
			}
		},
		{
			"from": [6.61614, 8.79077, 5.56837],
			"to": [8.19769, 13.53542, 8.33608],
			"rotation": {
				"angle": 45,
				"axis": "y",
				"origin": [7.80231, 9.58155, 3.98682]
			},
			"faces": {
				"north": {
					"uv": [13.66667, 0, 16, 2.08333],
					"texture": "#1"
				},
				"east": {
					"uv": [13.66667, 0, 16, 2.08333],
					"texture": "#1"
				},
				"south": {
					"uv": [13.66667, 0, 16, 2.08333],
					"texture": "#1"
				},
				"west": {
					"uv": [13.5, 0.08333, 16, 2],
					"texture": "#1"
				},
				"up": {
					"uv": [13.66667, 0, 16, 2.08333],
					"texture": "#1"
				},
				"down": {
					"uv": [13.66667, 0, 16, 2.08333],
					"texture": "#1"
				}
			}
		},
		{
			"from": [7.44646, 11.1631, 5.56837],
			"to": [8.23723, 12.54695, 7.14992],
			"rotation": {
				"angle": 45,
				"axis": "y",
				"origin": [7.84185, 9.58155, 3.98682]
			},
			"faces": {
				"north": {
					"uv": [13.66667, 0, 16, 2.08333],
					"texture": "#1"
				},
				"east": {
					"uv": [13.33334, 2.58333, 15.25, 3.83333],
					"texture": "#1"
				},
				"south": {
					"uv": [13.66667, 0, 16, 2.08333],
					"texture": "#1"
				},
				"west": {
					"uv": [13.5, 0.08333, 16, 2],
					"texture": "#1"
				},
				"up": {
					"uv": [13.66667, 0, 16, 2.08333],
					"texture": "#1"
				},
				"down": {
					"uv": [13.66667, 0, 16, 2.08333],
					"texture": "#1"
				}
			}
		},
		{
			"from": [7.76277, 11.1631, 5.58814],
			"to": [8.55354, 12.54695, 7.16969],
			"rotation": {
				"angle": -45,
				"axis": "y",
				"origin": [8.15815, 9.58155, 4.00659]
			},
			"faces": {
				"north": {
					"uv": [13.66667, 0, 16, 2.08333],
					"texture": "#1"
				},
				"east": {
					"uv": [13.66667, 0, 16, 2.08333],
					"texture": "#1"
				},
				"south": {
					"uv": [13.66667, 0, 16, 2.08333],
					"texture": "#1"
				},
				"west": {
					"uv": [15.33333, 2.66666, 13.41667, 3.83333],
					"texture": "#1"
				},
				"up": {
					"uv": [13.66667, 0, 16, 2.08333],
					"texture": "#1"
				},
				"down": {
					"uv": [13.66667, 0, 16, 2.08333],
					"texture": "#1"
				}
			}
		},
		{
			"from": [7.80231, 8.79077, 5.58814],
			"to": [9.38386, 13.53542, 8.35585],
			"rotation": {
				"angle": -45,
				"axis": "y",
				"origin": [8.19769, 9.58155, 4.00659]
			},
			"faces": {
				"north": {
					"uv": [13.66667, 0, 16, 2.08333],
					"texture": "#1"
				},
				"east": {
					"uv": [13.66667, 0, 16, 2.08333],
					"texture": "#1"
				},
				"south": {
					"uv": [13.66667, 0, 16, 2.08333],
					"texture": "#1"
				},
				"west": {
					"uv": [13.5, 0.08333, 16, 2],
					"texture": "#1"
				},
				"up": {
					"uv": [13.66667, 0, 16, 2.08333],
					"texture": "#1"
				},
				"down": {
					"uv": [13.66667, 0, 16, 2.08333],
					"texture": "#1"
				}
			}
		},
		{
			"from": [11.1631, 13.93081, 7.20923],
			"to": [14.32619, 14.72158, 8.79077],
			"rotation": {
				"angle": 0,
				"axis": "y",
				"origin": [14.32619, 15.51236, 7.20923]
			},
			"faces": {
				"north": {
					"uv": [13.66667, 8.33333, 16, 10.41666],
					"texture": "#1"
				},
				"east": {
					"uv": [13.66667, 8.33333, 16, 10.41666],
					"texture": "#1"
				},
				"south": {
					"uv": [13.66667, 8.33333, 16, 10.41666],
					"texture": "#1"
				},
				"west": {
					"uv": [13.5, 8.41666, 16, 10.33333],
					"texture": "#1"
				},
				"up": {
					"uv": [13.66667, 8.33333, 16, 10.41666],
					"texture": "#1"
				},
				"down": {
					"uv": [13.66667, 8.33333, 16, 10.41666],
					"texture": "#1"
				}
			}
		},
		{
			"from": [13.1598, 13.93081, 9.40362],
			"to": [15.37397, 14.72158, 10.9061],
			"rotation": {
				"angle": -45,
				"axis": "y",
				"origin": [15.33443, 15.51236, 9.00824]
			},
			"faces": {
				"north": {
					"uv": [13.66667, 8.33333, 16, 10.41666],
					"texture": "#1"
				},
				"east": {
					"uv": [13.66667, 8.33333, 16, 10.41666],
					"texture": "#1"
				},
				"south": {
					"uv": [13.66667, 8.33333, 16, 10.41666],
					"texture": "#1"
				},
				"west": {
					"uv": [13.5, 8.41666, 16, 10.33333],
					"texture": "#1"
				},
				"up": {
					"uv": [13.66667, 8.33333, 16, 10.41666],
					"texture": "#1"
				},
				"down": {
					"uv": [13.66667, 8.33333, 16, 10.41666],
					"texture": "#1"
				}
			}
		},
		{
			"from": [10.78748, 13.93081, 5.76606],
			"to": [15.37397, 14.72158, 6.47776],
			"rotation": {
				"angle": 45,
				"axis": "y",
				"origin": [12.96211, 15.51236, 5.37068]
			},
			"faces": {
				"north": {
					"uv": [13.66667, 8.33333, 16, 10.41666],
					"texture": "#1"
				},
				"east": {
					"uv": [13.66667, 8.33333, 16, 10.41666],
					"texture": "#1"
				},
				"south": {
					"uv": [13.66667, 8.33333, 16, 10.41666],
					"texture": "#1"
				},
				"west": {
					"uv": [13.5, 8.41666, 16, 10.33333],
					"texture": "#1"
				},
				"up": {
					"uv": [13.66667, 8.33333, 16, 10.41666],
					"texture": "#1"
				},
				"down": {
					"uv": [13.66667, 8.33333, 16, 10.41666],
					"texture": "#1"
				}
			}
		},
		{
			"from": [13.47611, 15.03789, 5.62768],
			"to": [15.05766, 15.8682, 10.37232],
			"rotation": {
				"angle": 22.5,
				"axis": "z",
				"origin": [16.63921, 16.61944, 7.20923]
			},
			"faces": {
				"north": {
					"uv": [13.66667, 8.33333, 16, 10.41666],
					"texture": "#1"
				},
				"east": {
					"uv": [13.66667, 8.33333, 16, 10.41666],
					"texture": "#1"
				},
				"south": {
					"uv": [13.66667, 8.33333, 16, 10.41666],
					"texture": "#1"
				},
				"west": {
					"uv": [13.5, 8.41666, 16, 10.33333],
					"texture": "#1"
				},
				"up": {
					"uv": [13.66667, 8.33333, 16, 10.41666],
					"texture": "#1"
				},
				"down": {
					"uv": [13.66667, 8.33333, 16, 10.41666],
					"texture": "#1"
				}
			}
		},
		{
			"from": [13.73311, 16.34267, 5.62768],
			"to": [16.10544, 17.17298, 10.37232],
			"rotation": {
				"angle": 45,
				"axis": "z",
				"origin": [16.89621, 17.92422, 7.20923]
			},
			"faces": {
				"north": {
					"uv": [13.66667, 8.33333, 16, 10.41666],
					"texture": "#1"
				},
				"east": {
					"uv": [13.66667, 8.33333, 16, 10.41666],
					"texture": "#1"
				},
				"south": {
					"uv": [13.66667, 8.33333, 16, 10.41666],
					"texture": "#1"
				},
				"west": {
					"uv": [13.5, 8.41666, 16, 10.33333],
					"texture": "#1"
				},
				"up": {
					"uv": [13.66667, 8.33333, 16, 10.41666],
					"texture": "#1"
				},
				"down": {
					"uv": [13.66667, 8.33333, 16, 10.41666],
					"texture": "#1"
				}
			}
		},
		{
			"from": [14.91928, 16.34267, 10.37232],
			"to": [16.10544, 17.17298, 11.55848],
			"rotation": {
				"angle": 45,
				"axis": "z",
				"origin": [16.89621, 17.92422, 8]
			},
			"faces": {
				"north": {
					"uv": [13.66667, 8.33333, 16, 10.41666],
					"texture": "#1"
				},
				"east": {
					"uv": [13.66667, 8.33333, 16, 10.41666],
					"texture": "#1"
				},
				"south": {
					"uv": [13.66667, 8.33333, 16, 10.41666],
					"texture": "#1"
				},
				"west": {
					"uv": [13.5, 8.41666, 16, 10.33333],
					"texture": "#1"
				},
				"up": {
					"uv": [13.66667, 8.33333, 16, 10.41666],
					"texture": "#1"
				},
				"down": {
					"uv": [13.66667, 8.33333, 16, 10.41666],
					"texture": "#1"
				}
			}
		},
		{
			"from": [14.72158, 15.55189, 10.37232],
			"to": [15.23558, 16.38221, 11.1631],
			"rotation": {
				"angle": 45,
				"axis": "z",
				"origin": [16.10544, 17.13344, 8]
			},
			"faces": {
				"north": {
					"uv": [13.66667, 8.33333, 16, 10.41666],
					"texture": "#1"
				},
				"east": {
					"uv": [13.66667, 8.33333, 16, 10.41666],
					"texture": "#1"
				},
				"south": {
					"uv": [13.66667, 8.33333, 16, 10.41666],
					"texture": "#1"
				},
				"west": {
					"uv": [13.5, 8.41666, 16, 10.33333],
					"texture": "#1"
				},
				"up": {
					"uv": [13.66667, 8.33333, 16, 10.41666],
					"texture": "#1"
				},
				"down": {
					"uv": [13.66667, 8.33333, 16, 10.41666],
					"texture": "#1"
				}
			}
		},
		{
			"from": [17.96376, 16.61944, 7.20923],
			"to": [18.79407, 18.99176, 11.95387],
			"rotation": {
				"angle": -22.5,
				"axis": "z",
				"origin": [17.21252, 19.78254, 8.79077]
			},
			"faces": {
				"north": {
					"uv": [13.66667, 8.33333, 16, 10.41666],
					"rotation": 90,
					"texture": "#1"
				},
				"east": {
					"uv": [13.66667, 8.33333, 16, 10.41666],
					"rotation": 270,
					"texture": "#1"
				},
				"south": {
					"uv": [13.66667, 8.33333, 16, 10.41666],
					"rotation": 270,
					"texture": "#1"
				},
				"west": {
					"uv": [13.66667, 8.33333, 16, 10.41666],
					"rotation": 270,
					"texture": "#1"
				},
				"up": {
					"uv": [13.66667, 8.33333, 16, 10.41666],
					"rotation": 270,
					"texture": "#1"
				},
				"down": {
					"uv": [13.5, 8.41666, 16, 10.33333],
					"rotation": 270,
					"texture": "#1"
				}
			}
		},
		{
			"from": [17.96376, 17.41021, 11.95387],
			"to": [18.79407, 18.99176, 12.34926],
			"rotation": {
				"angle": -22.5,
				"axis": "z",
				"origin": [17.21252, 19.78254, 13.53542]
			},
			"faces": {
				"north": {
					"uv": [13.66667, 8.33333, 16, 10.41666],
					"rotation": 90,
					"texture": "#1"
				},
				"east": {
					"uv": [13.66667, 8.33333, 16, 10.41666],
					"rotation": 270,
					"texture": "#1"
				},
				"south": {
					"uv": [13.66667, 8.33333, 16, 10.41666],
					"rotation": 270,
					"texture": "#1"
				},
				"west": {
					"uv": [13.66667, 8.33333, 16, 10.41666],
					"rotation": 270,
					"texture": "#1"
				},
				"up": {
					"uv": [13.66667, 8.33333, 16, 10.41666],
					"rotation": 270,
					"texture": "#1"
				},
				"down": {
					"uv": [13.5, 8.41666, 16, 10.33333],
					"rotation": 270,
					"texture": "#1"
				}
			}
		},
		{
			"from": [18.87315, 18.79407, 8.79077],
			"to": [19.70346, 19.58484, 12.74465],
			"rotation": {
				"angle": -22.5,
				"axis": "z",
				"origin": [18.12191, 21.95717, 10.37232]
			},
			"faces": {
				"north": {
					"uv": [13.66667, 8.33333, 16, 10.41666],
					"rotation": 90,
					"texture": "#1"
				},
				"east": {
					"uv": [13.66667, 8.33333, 16, 10.41666],
					"rotation": 270,
					"texture": "#1"
				},
				"south": {
					"uv": [13.66667, 8.33333, 16, 10.41666],
					"rotation": 270,
					"texture": "#1"
				},
				"west": {
					"uv": [13.66667, 8.33333, 16, 10.41666],
					"rotation": 270,
					"texture": "#1"
				},
				"up": {
					"uv": [13.66667, 8.33333, 16, 10.41666],
					"rotation": 270,
					"texture": "#1"
				},
				"down": {
					"uv": [13.5, 8.41666, 16, 10.33333],
					"rotation": 270,
					"texture": "#1"
				}
			}
		},
		{
			"from": [18.91269, 18.79407, 7.20923],
			"to": [19.70346, 21.16639, 8],
			"rotation": {
				"angle": -22.5,
				"axis": "z",
				"origin": [18.12191, 21.95717, 8.79077]
			},
			"faces": {
				"north": {
					"uv": [13.66667, 8.33333, 16, 10.41666],
					"rotation": 90,
					"texture": "#1"
				},
				"east": {
					"uv": [13.66667, 8.33333, 16, 10.41666],
					"rotation": 270,
					"texture": "#1"
				},
				"south": {
					"uv": [13.66667, 8.33333, 16, 10.41666],
					"rotation": 270,
					"texture": "#1"
				},
				"west": {
					"uv": [13.66667, 8.33333, 16, 10.41666],
					"rotation": 270,
					"texture": "#1"
				},
				"up": {
					"uv": [13.66667, 8.33333, 16, 10.41666],
					"rotation": 270,
					"texture": "#1"
				},
				"down": {
					"uv": [13.5, 8.41666, 16, 10.33333],
					"rotation": 270,
					"texture": "#1"
				}
			}
		},
		{
			"from": [19.20923, 19.50577, 8.79077],
			"to": [20, 21.87809, 9.58155],
			"rotation": {
				"angle": -22.5,
				"axis": "z",
				"origin": [18.41845, 22.66886, 10.37232]
			},
			"faces": {
				"north": {
					"uv": [13.66667, 8.33333, 16, 10.41666],
					"rotation": 90,
					"texture": "#1"
				},
				"east": {
					"uv": [13.66667, 8.33333, 16, 10.41666],
					"rotation": 270,
					"texture": "#1"
				},
				"south": {
					"uv": [13.66667, 8.33333, 16, 10.41666],
					"rotation": 270,
					"texture": "#1"
				},
				"west": {
					"uv": [13.66667, 8.33333, 16, 10.41666],
					"rotation": 270,
					"texture": "#1"
				},
				"up": {
					"uv": [13.66667, 8.33333, 16, 10.41666],
					"rotation": 270,
					"texture": "#1"
				},
				"down": {
					"uv": [13.5, 8.41666, 16, 10.33333],
					"rotation": 270,
					"texture": "#1"
				}
			}
		},
		{
			"from": [19.20923, 19.50577, 11.95387],
			"to": [20, 22.27348, 12.74465],
			"rotation": {
				"angle": -22.5,
				"axis": "z",
				"origin": [18.41845, 22.66886, 13.53542]
			},
			"faces": {
				"north": {
					"uv": [13.66667, 8.33333, 16, 10.41666],
					"rotation": 90,
					"texture": "#1"
				},
				"east": {
					"uv": [13.66667, 8.33333, 16, 10.41666],
					"rotation": 270,
					"texture": "#1"
				},
				"south": {
					"uv": [13.66667, 8.33333, 16, 10.41666],
					"rotation": 270,
					"texture": "#1"
				},
				"west": {
					"uv": [13.66667, 8.33333, 16, 10.41666],
					"rotation": 270,
					"texture": "#1"
				},
				"up": {
					"uv": [13.66667, 8.33333, 16, 10.41666],
					"rotation": 270,
					"texture": "#1"
				},
				"down": {
					"uv": [13.5, 8.41666, 16, 10.33333],
					"rotation": 270,
					"texture": "#1"
				}
			}
		},
		{
			"from": [19.20923, 19.50577, 10.76771],
			"to": [20, 21.4827, 11.55848],
			"rotation": {
				"angle": -22.5,
				"axis": "z",
				"origin": [18.41845, 22.66886, 12.34926]
			},
			"faces": {
				"north": {
					"uv": [13.66667, 8.33333, 16, 10.41666],
					"rotation": 90,
					"texture": "#1"
				},
				"east": {
					"uv": [13.66667, 8.33333, 16, 10.41666],
					"rotation": 270,
					"texture": "#1"
				},
				"south": {
					"uv": [13.66667, 8.33333, 16, 10.41666],
					"rotation": 270,
					"texture": "#1"
				},
				"west": {
					"uv": [13.66667, 8.33333, 16, 10.41666],
					"rotation": 270,
					"texture": "#1"
				},
				"up": {
					"uv": [13.66667, 8.33333, 16, 10.41666],
					"rotation": 270,
					"texture": "#1"
				},
				"down": {
					"uv": [13.5, 8.41666, 16, 10.33333],
					"rotation": 270,
					"texture": "#1"
				}
			}
		},
		{
			"from": [15.41351, 18.04283, 5.62768],
			"to": [17.78583, 18.83361, 6.41845],
			"rotation": {
				"angle": 45,
				"axis": "z",
				"origin": [18.57661, 19.62438, 7.20923]
			},
			"faces": {
				"north": {
					"uv": [13.66667, 8.33333, 16, 10.41666],
					"texture": "#1"
				},
				"east": {
					"uv": [13.66667, 8.33333, 16, 10.41666],
					"texture": "#1"
				},
				"south": {
					"uv": [13.66667, 8.33333, 16, 10.41666],
					"texture": "#1"
				},
				"west": {
					"uv": [13.5, 8.41666, 16, 10.33333],
					"texture": "#1"
				},
				"up": {
					"uv": [13.66667, 8.33333, 16, 10.41666],
					"texture": "#1"
				},
				"down": {
					"uv": [13.66667, 8.33333, 16, 10.41666],
					"texture": "#1"
				}
			}
		},
		{
			"from": [13.47611, 15.82867, 3.88797],
			"to": [15.84843, 16.61944, 4.67875],
			"rotation": {
				"angle": 45,
				"axis": "z",
				"origin": [16.63921, 17.41021, 1.51565]
			},
			"faces": {
				"north": {
					"uv": [13.66667, 8.33333, 16, 10.41666],
					"texture": "#1"
				},
				"east": {
					"uv": [13.66667, 8.33333, 16, 10.41666],
					"texture": "#1"
				},
				"south": {
					"uv": [13.66667, 8.33333, 16, 10.41666],
					"texture": "#1"
				},
				"west": {
					"uv": [13.5, 8.41666, 16, 10.33333],
					"texture": "#1"
				},
				"up": {
					"uv": [13.66667, 8.33333, 16, 10.41666],
					"texture": "#1"
				},
				"down": {
					"uv": [13.66667, 8.33333, 16, 10.41666],
					"texture": "#1"
				}
			}
		},
		{
			"from": [10.29325, 13.97035, 10.37232],
			"to": [12.66557, 15.55189, 11.1631],
			"rotation": {
				"angle": 22.5,
				"axis": "z",
				"origin": [13.45634, 15.55189, 8]
			},
			"faces": {
				"north": {
					"uv": [13.66667, 0, 16, 2.08333],
					"texture": "#1"
				},
				"east": {
					"uv": [13.66667, 0, 16, 2.08333],
					"texture": "#1"
				},
				"south": {
					"uv": [13.66667, 0, 16, 2.08333],
					"texture": "#1"
				},
				"west": {
					"uv": [13.5, 0.08333, 16, 2],
					"texture": "#1"
				},
				"up": {
					"uv": [13.66667, 0, 16, 2.08333],
					"texture": "#1"
				},
				"down": {
					"uv": [13.66667, 0, 16, 2.08333],
					"texture": "#1"
				}
			}
		},
		{
			"from": [12.45837, 13.86052, 10.37232],
			"to": [13.56545, 14.9676, 11.1631],
			"rotation": {
				"angle": -22.5,
				"axis": "z",
				"origin": [13.27842, 14.42504, 8]
			},
			"faces": {
				"north": {
					"uv": [13.66667, 0, 16, 2.08333],
					"texture": "#1"
				},
				"east": {
					"uv": [13.66667, 0, 16, 2.08333],
					"texture": "#1"
				},
				"south": {
					"uv": [13.66667, 0, 16, 2.08333],
					"texture": "#1"
				},
				"west": {
					"uv": [13.5, 0.08333, 16, 2],
					"texture": "#1"
				},
				"up": {
					"uv": [13.66667, 0, 16, 2.08333],
					"texture": "#1"
				},
				"down": {
					"uv": [13.66667, 0, 16, 2.08333],
					"texture": "#1"
				}
			}
		},
		{
			"from": [2.39577, 14.03844, 10.37232],
			"to": [3.50285, 15.14552, 11.1631],
			"rotation": {
				"angle": 22.5,
				"axis": "z",
				"origin": [3.21582, 14.60297, 8]
			},
			"faces": {
				"north": {
					"uv": [13.66667, 0, 16, 2.08333],
					"texture": "#1"
				},
				"east": {
					"uv": [13.66667, 0, 16, 2.08333],
					"texture": "#1"
				},
				"south": {
					"uv": [13.66667, 0, 16, 2.08333],
					"texture": "#1"
				},
				"west": {
					"uv": [13.5, 0.08333, 16, 2],
					"texture": "#1"
				},
				"up": {
					"uv": [13.66667, 0, 16, 2.08333],
					"texture": "#1"
				},
				"down": {
					"uv": [13.66667, 0, 16, 2.08333],
					"texture": "#1"
				}
			}
		},
		{
			"from": [3.03789, 12.42834, 10.37232],
			"to": [5.41021, 14.00988, 11.1631],
			"rotation": {
				"angle": -22.5,
				"axis": "z",
				"origin": [6.20099, 14.00988, 8]
			},
			"faces": {
				"north": {
					"uv": [13.66667, 0, 16, 2.08333],
					"texture": "#1"
				},
				"east": {
					"uv": [13.66667, 0, 16, 2.08333],
					"texture": "#1"
				},
				"south": {
					"uv": [13.66667, 0, 16, 2.08333],
					"texture": "#1"
				},
				"west": {
					"uv": [13.5, 0.08333, 16, 2],
					"texture": "#1"
				},
				"up": {
					"uv": [13.66667, 0, 16, 2.08333],
					"texture": "#1"
				},
				"down": {
					"uv": [13.66667, 0, 16, 2.08333],
					"texture": "#1"
				}
			}
		},
		{
			"from": [6.81384, 8.79077, 2.62273],
			"to": [9.18616, 11.1631, 4.8369],
			"rotation": {
				"angle": 0,
				"axis": "y",
				"origin": [8, 10.37232, 1.67381]
			},
			"faces": {
				"north": {
					"uv": [13.66667, 0, 16, 2.08333],
					"texture": "#1"
				},
				"east": {
					"uv": [13.66667, 0, 16, 2.08333],
					"texture": "#1"
				},
				"south": {
					"uv": [13.66667, 0, 16, 2.08333],
					"texture": "#1"
				},
				"west": {
					"uv": [13.5, 0.08333, 16, 2],
					"texture": "#1"
				},
				"up": {
					"uv": [13.66667, 0, 16, 2.08333],
					"texture": "#1"
				},
				"down": {
					"uv": [13.66667, 0, 16, 2.08333],
					"texture": "#1"
				}
			}
		},
		{
			"from": [6.81384, 9.97694, 2.02965],
			"to": [9.18616, 11.1631, 2.62273],
			"rotation": {
				"angle": 0,
				"axis": "y",
				"origin": [8, 10.37232, 0.88303]
			},
			"faces": {
				"north": {
					"uv": [13.66667, 6.91667, 16, 7.75],
					"texture": "#1"
				},
				"east": {
					"uv": [13.66667, 6.91667, 16, 7.75],
					"texture": "#1"
				},
				"south": {
					"uv": [13.66667, 6.91667, 16, 7.75],
					"texture": "#1"
				},
				"west": {
					"uv": [13.5, 7, 16, 7.66667],
					"texture": "#1"
				},
				"up": {
					"uv": [13.66667, 6.91667, 16, 7.75],
					"texture": "#1"
				},
				"down": {
					"uv": [13.66667, 6.91667, 16, 7.75],
					"texture": "#1"
				}
			}
		},
		{
			"from": [9.18616, 10.37232, 1.95058],
			"to": [9.20593, 10.76771, 2.54366],
			"rotation": {
				"angle": 0,
				"axis": "y",
				"origin": [7.82208, 10.37232, 0.80395]
			},
			"faces": {
				"north": {
					"uv": [13.66667, 5.5, 16, 6.33333],
					"texture": "#1"
				},
				"east": {
					"uv": [13.66667, 5.5, 16, 6.33333],
					"texture": "#1"
				},
				"south": {
					"uv": [13.66667, 5.5, 16, 6.33333],
					"texture": "#1"
				},
				"west": {
					"uv": [13.5, 5.58333, 16, 6.25],
					"texture": "#1"
				},
				"up": {
					"uv": [13.66667, 5.5, 16, 6.33333],
					"texture": "#1"
				},
				"down": {
					"uv": [13.66667, 5.5, 16, 6.33333],
					"texture": "#1"
				}
			}
		},
		{
			"from": [6.79407, 10.37232, 1.95058],
			"to": [6.81384, 10.76771, 2.54366],
			"rotation": {
				"angle": 0,
				"axis": "y",
				"origin": [5.42998, 10.37232, 0.80395]
			},
			"faces": {
				"north": {
					"uv": [13.66667, 5.5, 16, 6.33333],
					"texture": "#1"
				},
				"east": {
					"uv": [13.66667, 5.5, 16, 6.33333],
					"texture": "#1"
				},
				"south": {
					"uv": [13.66667, 5.5, 16, 6.33333],
					"texture": "#1"
				},
				"west": {
					"uv": [13.5, 5.58333, 16, 6.25],
					"texture": "#1"
				},
				"up": {
					"uv": [13.66667, 5.5, 16, 6.33333],
					"texture": "#1"
				},
				"down": {
					"uv": [13.66667, 5.5, 16, 6.33333],
					"texture": "#1"
				}
			}
		},
		{
			"from": [6.81384, 8.79077, 2.02965],
			"to": [9.18616, 9.97694, 2.62273],
			"rotation": {
				"angle": 0,
				"axis": "y",
				"origin": [8, 9.18616, 0.88303]
			},
			"faces": {
				"north": {
					"uv": [13.66667, 0.41667, 16, 1.25],
					"texture": "#1"
				},
				"east": {
					"uv": [13.66667, 0.41667, 16, 1.25],
					"texture": "#1"
				},
				"south": {
					"uv": [13.66667, 0.41667, 16, 1.25],
					"texture": "#1"
				},
				"west": {
					"uv": [13.5, 0.5, 16, 1.16667],
					"texture": "#1"
				},
				"up": {
					"uv": [13.66667, 0.41667, 16, 1.25],
					"texture": "#1"
				},
				"down": {
					"uv": [13.66667, 0.41667, 16, 1.25],
					"texture": "#1"
				}
			}
		},
		{
			"from": [9.18616, 10.76771, 2.85997],
			"to": [9.77924, 10.9654, 3.05766],
			"rotation": {
				"angle": 0,
				"axis": "y",
				"origin": [8.59308, 10.37232, 2.46458]
			},
			"faces": {
				"north": {
					"uv": [16, 0, 13.66667, 2.08333],
					"texture": "#1"
				},
				"east": {
					"uv": [16, 0.08333, 13.5, 2],
					"texture": "#1"
				},
				"south": {
					"uv": [16, 0, 13.66667, 2.08333],
					"texture": "#1"
				},
				"west": {
					"uv": [16, 0, 13.66667, 2.08333],
					"texture": "#1"
				},
				"up": {
					"uv": [16, 0, 13.66667, 2.08333],
					"texture": "#1"
				},
				"down": {
					"uv": [16, 0, 13.66667, 2.08333],
					"texture": "#1"
				}
			}
		},
		{
			"from": [9.18616, 10.76771, 3.45305],
			"to": [9.77924, 10.9654, 3.65074],
			"rotation": {
				"angle": 0,
				"axis": "y",
				"origin": [10.37232, 10.37232, 3.05766]
			},
			"faces": {
				"north": {
					"uv": [13.66667, 0, 16, 2.08333],
					"texture": "#1"
				},
				"east": {
					"uv": [13.66667, 0, 16, 2.08333],
					"texture": "#1"
				},
				"south": {
					"uv": [13.66667, 0, 16, 2.08333],
					"texture": "#1"
				},
				"west": {
					"uv": [13.5, 0.08333, 16, 2],
					"texture": "#1"
				},
				"up": {
					"uv": [13.66667, 0, 16, 2.08333],
					"texture": "#1"
				},
				"down": {
					"uv": [13.66667, 0, 16, 2.08333],
					"texture": "#1"
				}
			}
		},
		{
			"from": [6.22076, 10.76771, 3.45305],
			"to": [6.81384, 10.9654, 3.65074],
			"rotation": {
				"angle": 0,
				"axis": "y",
				"origin": [5.62768, 10.37232, 3.05766]
			},
			"faces": {
				"north": {
					"uv": [16, 0, 13.66667, 2.08333],
					"texture": "#1"
				},
				"east": {
					"uv": [16, 0.08333, 13.5, 2],
					"texture": "#1"
				},
				"south": {
					"uv": [16, 0, 13.66667, 2.08333],
					"texture": "#1"
				},
				"west": {
					"uv": [16, 0, 13.66667, 2.08333],
					"texture": "#1"
				},
				"up": {
					"uv": [16, 0, 13.66667, 2.08333],
					"texture": "#1"
				},
				"down": {
					"uv": [16, 0, 13.66667, 2.08333],
					"texture": "#1"
				}
			}
		},
		{
			"from": [6.22076, 10.76771, 2.85997],
			"to": [6.81384, 10.9654, 3.05766],
			"rotation": {
				"angle": 0,
				"axis": "y",
				"origin": [7.40692, 10.37232, 2.46458]
			},
			"faces": {
				"north": {
					"uv": [13.66667, 0, 16, 2.08333],
					"texture": "#1"
				},
				"east": {
					"uv": [13.66667, 0, 16, 2.08333],
					"texture": "#1"
				},
				"south": {
					"uv": [13.66667, 0, 16, 2.08333],
					"texture": "#1"
				},
				"west": {
					"uv": [13.5, 0.08333, 16, 2],
					"texture": "#1"
				},
				"up": {
					"uv": [13.66667, 0, 16, 2.08333],
					"texture": "#1"
				},
				"down": {
					"uv": [13.66667, 0, 16, 2.08333],
					"texture": "#1"
				}
			}
		},
		{
			"from": [6.81384, 9.97694, 1.67381],
			"to": [9.18616, 10.76771, 2.06919],
			"rotation": {
				"angle": 0,
				"axis": "y",
				"origin": [8, 10.37232, -1.0939]
			},
			"faces": {
				"north": {
					"uv": [13.58334, 6.91667, 16, 7.83333],
					"texture": "#1"
				},
				"east": {
					"uv": [13.58334, 6.91667, 16, 7.83333],
					"texture": "#1"
				},
				"south": {
					"uv": [13.58334, 6.91667, 16, 7.83333],
					"texture": "#1"
				},
				"west": {
					"uv": [13.41667, 7, 16, 7.75],
					"texture": "#1"
				},
				"up": {
					"uv": [13.58334, 6.91667, 16, 7.83333],
					"texture": "#1"
				},
				"down": {
					"uv": [13.58334, 6.91667, 16, 7.83333],
					"texture": "#1"
				}
			}
		},
		{
			"from": [6.81384, 9.18616, 1.67381],
			"to": [9.18616, 9.97694, 2.06919],
			"rotation": {
				"angle": 0,
				"axis": "y",
				"origin": [8, 9.58155, -1.0939]
			},
			"faces": {
				"north": {
					"uv": [13.66667, 0, 16, 2.08333],
					"texture": "#1"
				},
				"east": {
					"uv": [13.66667, 0, 16, 2.08333],
					"texture": "#1"
				},
				"south": {
					"uv": [13.66667, 0, 16, 2.08333],
					"texture": "#1"
				},
				"west": {
					"uv": [13.5, 0.08333, 16, 2],
					"texture": "#1"
				},
				"up": {
					"uv": [13.66667, 0, 16, 2.08333],
					"texture": "#1"
				},
				"down": {
					"uv": [13.66667, 0, 16, 2.08333],
					"texture": "#1"
				}
			}
		},
		{
			"from": [6.81384, 12.36903, 3.33443],
			"to": [9.18616, 12.93048, 3.72982],
			"rotation": {
				"angle": 45,
				"axis": "x",
				"origin": [8, 13.57496, 0.56672]
			},
			"faces": {
				"north": {
					"uv": [13.58334, 6.91667, 16, 7.83333],
					"texture": "#1"
				},
				"east": {
					"uv": [13.58334, 6.91667, 16, 7.83333],
					"texture": "#1"
				},
				"south": {
					"uv": [13.58334, 6.91667, 16, 7.83333],
					"texture": "#1"
				},
				"west": {
					"uv": [13.41667, 7, 16, 7.75],
					"texture": "#1"
				},
				"up": {
					"uv": [13.58334, 6.91667, 16, 7.83333],
					"texture": "#1"
				},
				"down": {
					"uv": [13.58334, 6.91667, 16, 7.83333],
					"texture": "#1"
				}
			}
		},
		{
			"from": [6.81384, 7.40692, 3.55189],
			"to": [9.18616, 7.80231, 4.11334],
			"rotation": {
				"angle": 45,
				"axis": "x",
				"origin": [8, 10.57002, 4.75783]
			},
			"faces": {
				"north": {
					"uv": [13.66667, 0, 16, 2.08333],
					"rotation": 180,
					"texture": "#1"
				},
				"east": {
					"uv": [13.66667, 0, 16, 2.08333],
					"rotation": 270,
					"texture": "#1"
				},
				"south": {
					"uv": [13.66667, 0, 16, 2.08333],
					"texture": "#1"
				},
				"west": {
					"uv": [13.5, 0.08333, 16, 2],
					"rotation": 90,
					"texture": "#1"
				},
				"up": {
					"uv": [13.66667, 0, 16, 2.08333],
					"rotation": 180,
					"texture": "#1"
				},
				"down": {
					"uv": [13.66667, 0, 16, 2.08333],
					"texture": "#1"
				}
			}
		},
		{
			"from": [6.81384, 8.98847, 2.93904],
			"to": [9.18616, 11.36079, 5.31137],
			"rotation": {
				"angle": -22.5,
				"axis": "x",
				"origin": [8, 10.57002, 3.33443]
			},
			"faces": {
				"north": {
					"uv": [13.58334, 0, 15.91667, 2.08333],
					"texture": "#1"
				},
				"east": {
					"uv": [13.58334, 0, 15.91667, 2.08333],
					"texture": "#1"
				},
				"south": {
					"uv": [13.58334, 0, 15.91667, 2.08333],
					"texture": "#1"
				},
				"west": {
					"uv": [13.41667, 0.08333, 15.91667, 2],
					"texture": "#1"
				},
				"up": {
					"uv": [13.58334, 0, 15.91667, 2.08333],
					"texture": "#1"
				},
				"down": {
					"uv": [13.58334, 0, 15.91667, 2.08333],
					"texture": "#1"
				}
			}
		},
		{
			"from": [1.67381, 13.93081, 7.20923],
			"to": [4.8369, 14.72158, 8.79077],
			"rotation": {
				"angle": 0,
				"axis": "y",
				"origin": [1.67381, 15.51236, 7.20923]
			},
			"faces": {
				"north": {
					"uv": [16, 8.33333, 13.66667, 10.41666],
					"texture": "#1"
				},
				"east": {
					"uv": [16, 8.41666, 13.5, 10.33333],
					"texture": "#1"
				},
				"south": {
					"uv": [16, 8.33333, 13.66667, 10.41666],
					"texture": "#1"
				},
				"west": {
					"uv": [16, 8.33333, 13.66667, 10.41666],
					"texture": "#1"
				},
				"up": {
					"uv": [16, 8.33333, 13.66667, 10.41666],
					"texture": "#1"
				},
				"down": {
					"uv": [16, 8.33333, 13.66667, 10.41666],
					"texture": "#1"
				}
			}
		},
		{
			"from": [0.62603, 13.93081, 5.76606],
			"to": [5.21252, 14.72158, 6.47776],
			"rotation": {
				"angle": -45,
				"axis": "y",
				"origin": [3.03789, 15.51236, 5.37068]
			},
			"faces": {
				"north": {
					"uv": [16, 8.33333, 13.66667, 10.41666],
					"texture": "#1"
				},
				"east": {
					"uv": [16, 8.41666, 13.5, 10.33333],
					"texture": "#1"
				},
				"south": {
					"uv": [16, 8.33333, 13.66667, 10.41666],
					"texture": "#1"
				},
				"west": {
					"uv": [16, 8.33333, 13.66667, 10.41666],
					"texture": "#1"
				},
				"up": {
					"uv": [16, 8.33333, 13.66667, 10.41666],
					"texture": "#1"
				},
				"down": {
					"uv": [16, 8.33333, 13.66667, 10.41666],
					"texture": "#1"
				}
			}
		},
		{
			"from": [0.15157, 15.82867, 3.88797],
			"to": [2.52389, 16.61944, 4.67875],
			"rotation": {
				"angle": -45,
				"axis": "z",
				"origin": [-0.63921, 17.41021, 1.51565]
			},
			"faces": {
				"north": {
					"uv": [16, 8.33333, 13.66667, 10.41666],
					"texture": "#1"
				},
				"east": {
					"uv": [16, 8.41666, 13.5, 10.33333],
					"texture": "#1"
				},
				"south": {
					"uv": [16, 8.33333, 13.66667, 10.41666],
					"texture": "#1"
				},
				"west": {
					"uv": [16, 8.33333, 13.66667, 10.41666],
					"texture": "#1"
				},
				"up": {
					"uv": [16, 8.33333, 13.66667, 10.41666],
					"texture": "#1"
				},
				"down": {
					"uv": [16, 8.33333, 13.66667, 10.41666],
					"texture": "#1"
				}
			}
		},
		{
			"from": [0.62603, 13.93081, 9.40362],
			"to": [2.8402, 14.72158, 10.9061],
			"rotation": {
				"angle": 45,
				"axis": "y",
				"origin": [0.66557, 15.51236, 9.00824]
			},
			"faces": {
				"north": {
					"uv": [16, 8.33333, 13.66667, 10.41666],
					"texture": "#1"
				},
				"east": {
					"uv": [16, 8.41666, 13.5, 10.33333],
					"texture": "#1"
				},
				"south": {
					"uv": [16, 8.33333, 13.66667, 10.41666],
					"texture": "#1"
				},
				"west": {
					"uv": [16, 8.33333, 13.66667, 10.41666],
					"texture": "#1"
				},
				"up": {
					"uv": [16, 8.33333, 13.66667, 10.41666],
					"texture": "#1"
				},
				"down": {
					"uv": [16, 8.33333, 13.66667, 10.41666],
					"texture": "#1"
				}
			}
		},
		{
			"from": [-1.78583, 18.04283, 5.62768],
			"to": [0.58649, 18.83361, 6.41845],
			"rotation": {
				"angle": -45,
				"axis": "z",
				"origin": [-2.57661, 19.62438, 7.20923]
			},
			"faces": {
				"north": {
					"uv": [16, 8.33333, 13.66667, 10.41666],
					"texture": "#1"
				},
				"east": {
					"uv": [16, 8.41666, 13.5, 10.33333],
					"texture": "#1"
				},
				"south": {
					"uv": [16, 8.33333, 13.66667, 10.41666],
					"texture": "#1"
				},
				"west": {
					"uv": [16, 8.33333, 13.66667, 10.41666],
					"texture": "#1"
				},
				"up": {
					"uv": [16, 8.33333, 13.66667, 10.41666],
					"texture": "#1"
				},
				"down": {
					"uv": [16, 8.33333, 13.66667, 10.41666],
					"texture": "#1"
				}
			}
		},
		{
			"from": [-4, 19.50577, 10.76771],
			"to": [-3.20923, 21.4827, 11.55848],
			"rotation": {
				"angle": 22.5,
				"axis": "z",
				"origin": [-2.41845, 22.66886, 12.34926]
			},
			"faces": {
				"north": {
					"uv": [13.66667, 10.41666, 16, 8.33333],
					"rotation": 90,
					"texture": "#1"
				},
				"east": {
					"uv": [13.66667, 10.41666, 16, 8.33333],
					"rotation": 270,
					"texture": "#1"
				},
				"south": {
					"uv": [13.66667, 10.41666, 16, 8.33333],
					"rotation": 270,
					"texture": "#1"
				},
				"west": {
					"uv": [13.66667, 10.41666, 16, 8.33333],
					"rotation": 270,
					"texture": "#1"
				},
				"up": {
					"uv": [13.66667, 10.41666, 16, 8.33333],
					"rotation": 270,
					"texture": "#1"
				},
				"down": {
					"uv": [13.5, 10.33333, 16, 8.41666],
					"rotation": 270,
					"texture": "#1"
				}
			}
		},
		{
			"from": [0.94234, 15.03789, 5.62768],
			"to": [2.52389, 15.8682, 10.37232],
			"rotation": {
				"angle": -22.5,
				"axis": "z",
				"origin": [-0.63921, 16.61944, 7.20923]
			},
			"faces": {
				"north": {
					"uv": [16, 8.33333, 13.66667, 10.41666],
					"texture": "#1"
				},
				"east": {
					"uv": [16, 8.41666, 13.5, 10.33333],
					"texture": "#1"
				},
				"south": {
					"uv": [16, 8.33333, 13.66667, 10.41666],
					"texture": "#1"
				},
				"west": {
					"uv": [16, 8.33333, 13.66667, 10.41666],
					"texture": "#1"
				},
				"up": {
					"uv": [16, 8.33333, 13.66667, 10.41666],
					"texture": "#1"
				},
				"down": {
					"uv": [16, 8.33333, 13.66667, 10.41666],
					"texture": "#1"
				}
			}
		},
		{
			"from": [0.76442, 15.55189, 10.37232],
			"to": [1.27842, 16.38221, 11.1631],
			"rotation": {
				"angle": -45,
				"axis": "z",
				"origin": [-0.10544, 17.13344, 8]
			},
			"faces": {
				"north": {
					"uv": [16, 8.33333, 13.66667, 10.41666],
					"texture": "#1"
				},
				"east": {
					"uv": [16, 8.41666, 13.5, 10.33333],
					"texture": "#1"
				},
				"south": {
					"uv": [16, 8.33333, 13.66667, 10.41666],
					"texture": "#1"
				},
				"west": {
					"uv": [16, 8.33333, 13.66667, 10.41666],
					"texture": "#1"
				},
				"up": {
					"uv": [16, 8.33333, 13.66667, 10.41666],
					"texture": "#1"
				},
				"down": {
					"uv": [16, 8.33333, 13.66667, 10.41666],
					"texture": "#1"
				}
			}
		},
		{
			"from": [-3.70346, 18.79407, 8.79077],
			"to": [-2.87315, 19.58484, 12.74465],
			"rotation": {
				"angle": 22.5,
				"axis": "z",
				"origin": [-2.12191, 21.95717, 10.37232]
			},
			"faces": {
				"north": {
					"uv": [13.66667, 10.41666, 16, 8.33333],
					"rotation": 90,
					"texture": "#1"
				},
				"east": {
					"uv": [13.66667, 10.41666, 16, 8.33333],
					"rotation": 270,
					"texture": "#1"
				},
				"south": {
					"uv": [13.66667, 10.41666, 16, 8.33333],
					"rotation": 270,
					"texture": "#1"
				},
				"west": {
					"uv": [13.66667, 10.41666, 16, 8.33333],
					"rotation": 270,
					"texture": "#1"
				},
				"up": {
					"uv": [13.66667, 10.41666, 16, 8.33333],
					"rotation": 270,
					"texture": "#1"
				},
				"down": {
					"uv": [13.5, 10.33333, 16, 8.41666],
					"rotation": 270,
					"texture": "#1"
				}
			}
		},
		{
			"from": [-2.79407, 17.41021, 11.95387],
			"to": [-1.96376, 18.99176, 12.34926],
			"rotation": {
				"angle": 22.5,
				"axis": "z",
				"origin": [-1.21252, 19.78254, 13.53542]
			},
			"faces": {
				"north": {
					"uv": [13.66667, 10.41666, 16, 8.33333],
					"rotation": 90,
					"texture": "#1"
				},
				"east": {
					"uv": [13.66667, 10.41666, 16, 8.33333],
					"rotation": 270,
					"texture": "#1"
				},
				"south": {
					"uv": [13.66667, 10.41666, 16, 8.33333],
					"rotation": 270,
					"texture": "#1"
				},
				"west": {
					"uv": [13.66667, 10.41666, 16, 8.33333],
					"rotation": 270,
					"texture": "#1"
				},
				"up": {
					"uv": [13.66667, 10.41666, 16, 8.33333],
					"rotation": 270,
					"texture": "#1"
				},
				"down": {
					"uv": [13.5, 10.33333, 16, 8.41666],
					"rotation": 270,
					"texture": "#1"
				}
			}
		},
		{
			"from": [-3.70346, 18.79407, 7.20923],
			"to": [-2.91269, 21.16639, 8],
			"rotation": {
				"angle": 22.5,
				"axis": "z",
				"origin": [-2.12191, 21.95717, 8.79077]
			},
			"faces": {
				"north": {
					"uv": [13.66667, 10.41666, 16, 8.33333],
					"rotation": 90,
					"texture": "#1"
				},
				"east": {
					"uv": [13.66667, 10.41666, 16, 8.33333],
					"rotation": 270,
					"texture": "#1"
				},
				"south": {
					"uv": [13.66667, 10.41666, 16, 8.33333],
					"rotation": 270,
					"texture": "#1"
				},
				"west": {
					"uv": [13.66667, 10.41666, 16, 8.33333],
					"rotation": 270,
					"texture": "#1"
				},
				"up": {
					"uv": [13.66667, 10.41666, 16, 8.33333],
					"rotation": 270,
					"texture": "#1"
				},
				"down": {
					"uv": [13.5, 10.33333, 16, 8.41666],
					"rotation": 270,
					"texture": "#1"
				}
			}
		},
		{
			"from": [-4, 19.50577, 8.79077],
			"to": [-3.20923, 21.87809, 9.58155],
			"rotation": {
				"angle": 22.5,
				"axis": "z",
				"origin": [-2.41845, 22.66886, 10.37232]
			},
			"faces": {
				"north": {
					"uv": [13.66667, 10.41666, 16, 8.33333],
					"rotation": 90,
					"texture": "#1"
				},
				"east": {
					"uv": [13.66667, 10.41666, 16, 8.33333],
					"rotation": 270,
					"texture": "#1"
				},
				"south": {
					"uv": [13.66667, 10.41666, 16, 8.33333],
					"rotation": 270,
					"texture": "#1"
				},
				"west": {
					"uv": [13.66667, 10.41666, 16, 8.33333],
					"rotation": 270,
					"texture": "#1"
				},
				"up": {
					"uv": [13.66667, 10.41666, 16, 8.33333],
					"rotation": 270,
					"texture": "#1"
				},
				"down": {
					"uv": [13.5, 10.33333, 16, 8.41666],
					"rotation": 270,
					"texture": "#1"
				}
			}
		},
		{
			"from": [-4, 19.50577, 11.95387],
			"to": [-3.20923, 22.27348, 12.74465],
			"rotation": {
				"angle": 22.5,
				"axis": "z",
				"origin": [-2.41845, 22.66886, 13.53542]
			},
			"faces": {
				"north": {
					"uv": [13.66667, 10.41666, 16, 8.33333],
					"rotation": 90,
					"texture": "#1"
				},
				"east": {
					"uv": [13.66667, 10.41666, 16, 8.33333],
					"rotation": 270,
					"texture": "#1"
				},
				"south": {
					"uv": [13.66667, 10.41666, 16, 8.33333],
					"rotation": 270,
					"texture": "#1"
				},
				"west": {
					"uv": [13.66667, 10.41666, 16, 8.33333],
					"rotation": 270,
					"texture": "#1"
				},
				"up": {
					"uv": [13.66667, 10.41666, 16, 8.33333],
					"rotation": 270,
					"texture": "#1"
				},
				"down": {
					"uv": [13.5, 10.33333, 16, 8.41666],
					"rotation": 270,
					"texture": "#1"
				}
			}
		},
		{
			"from": [-0.10544, 16.34267, 5.62768],
			"to": [2.26689, 17.17298, 10.37232],
			"rotation": {
				"angle": -45,
				"axis": "z",
				"origin": [-0.89621, 17.92422, 7.20923]
			},
			"faces": {
				"north": {
					"uv": [16, 8.33333, 13.66667, 10.41666],
					"texture": "#1"
				},
				"east": {
					"uv": [16, 8.41666, 13.5, 10.33333],
					"texture": "#1"
				},
				"south": {
					"uv": [16, 8.33333, 13.66667, 10.41666],
					"texture": "#1"
				},
				"west": {
					"uv": [16, 8.33333, 13.66667, 10.41666],
					"texture": "#1"
				},
				"up": {
					"uv": [16, 8.33333, 13.66667, 10.41666],
					"texture": "#1"
				},
				"down": {
					"uv": [16, 8.33333, 13.66667, 10.41666],
					"texture": "#1"
				}
			}
		},
		{
			"from": [-0.10544, 16.34267, 10.37232],
			"to": [1.08072, 17.17298, 11.55848],
			"rotation": {
				"angle": -45,
				"axis": "z",
				"origin": [-0.89621, 17.92422, 8]
			},
			"faces": {
				"north": {
					"uv": [16, 8.33333, 13.66667, 10.41666],
					"texture": "#1"
				},
				"east": {
					"uv": [16, 8.41666, 13.5, 10.33333],
					"texture": "#1"
				},
				"south": {
					"uv": [16, 8.33333, 13.66667, 10.41666],
					"texture": "#1"
				},
				"west": {
					"uv": [16, 8.33333, 13.66667, 10.41666],
					"texture": "#1"
				},
				"up": {
					"uv": [16, 8.33333, 13.66667, 10.41666],
					"texture": "#1"
				},
				"down": {
					"uv": [16, 8.33333, 13.66667, 10.41666],
					"texture": "#1"
				}
			}
		},
		{
			"from": [-2.79407, 16.61944, 7.20923],
			"to": [-1.96376, 18.99176, 11.95387],
			"rotation": {
				"angle": 22.5,
				"axis": "z",
				"origin": [-1.21252, 19.78254, 8.79077]
			},
			"faces": {
				"north": {
					"uv": [13.66667, 10.41666, 16, 8.33333],
					"rotation": 90,
					"texture": "#1"
				},
				"east": {
					"uv": [13.66667, 10.41666, 16, 8.33333],
					"rotation": 270,
					"texture": "#1"
				},
				"south": {
					"uv": [13.66667, 10.41666, 16, 8.33333],
					"rotation": 270,
					"texture": "#1"
				},
				"west": {
					"uv": [13.66667, 10.41666, 16, 8.33333],
					"rotation": 270,
					"texture": "#1"
				},
				"up": {
					"uv": [13.66667, 10.41666, 16, 8.33333],
					"rotation": 270,
					"texture": "#1"
				},
				"down": {
					"uv": [13.5, 10.33333, 16, 8.41666],
					"rotation": 270,
					"texture": "#1"
				}
			}
		},
		{
			"from": [10.58979, 12.42834, 10.37232],
			"to": [12.96211, 14.00988, 11.1631],
			"rotation": {
				"angle": 22.5,
				"axis": "z",
				"origin": [9.79901, 14.00988, 8]
			},
			"faces": {
				"north": {
					"uv": [16, 0, 13.66667, 2.08333],
					"texture": "#1"
				},
				"east": {
					"uv": [16, 0.08333, 13.5, 2],
					"texture": "#1"
				},
				"south": {
					"uv": [16, 0, 13.66667, 2.08333],
					"texture": "#1"
				},
				"west": {
					"uv": [16, 0, 13.66667, 2.08333],
					"texture": "#1"
				},
				"up": {
					"uv": [16, 0, 13.66667, 2.08333],
					"texture": "#1"
				},
				"down": {
					"uv": [16, 0, 13.66667, 2.08333],
					"texture": "#1"
				}
			}
		},
		{
			"from": [12.49715, 14.03844, 10.37232],
			"to": [13.60423, 15.14552, 11.1631],
			"rotation": {
				"angle": -22.5,
				"axis": "z",
				"origin": [12.78418, 14.60297, 8]
			},
			"faces": {
				"north": {
					"uv": [16, 0, 13.66667, 2.08333],
					"texture": "#1"
				},
				"east": {
					"uv": [16, 0.08333, 13.5, 2],
					"texture": "#1"
				},
				"south": {
					"uv": [16, 0, 13.66667, 2.08333],
					"texture": "#1"
				},
				"west": {
					"uv": [16, 0, 13.66667, 2.08333],
					"texture": "#1"
				},
				"up": {
					"uv": [16, 0, 13.66667, 2.08333],
					"texture": "#1"
				},
				"down": {
					"uv": [16, 0, 13.66667, 2.08333],
					"texture": "#1"
				}
			}
		},
		{
			"from": [3.33443, 13.97035, 10.37232],
			"to": [5.70675, 15.55189, 11.1631],
			"rotation": {
				"angle": -22.5,
				"axis": "z",
				"origin": [2.54366, 15.55189, 8]
			},
			"faces": {
				"north": {
					"uv": [16, 0, 13.66667, 2.08333],
					"texture": "#1"
				},
				"east": {
					"uv": [16, 0.08333, 13.5, 2],
					"texture": "#1"
				},
				"south": {
					"uv": [16, 0, 13.66667, 2.08333],
					"texture": "#1"
				},
				"west": {
					"uv": [16, 0, 13.66667, 2.08333],
					"texture": "#1"
				},
				"up": {
					"uv": [16, 0, 13.66667, 2.08333],
					"texture": "#1"
				},
				"down": {
					"uv": [16, 0, 13.66667, 2.08333],
					"texture": "#1"
				}
			}
		},
		{
			"from": [2.43455, 13.86052, 10.37232],
			"to": [3.54163, 14.9676, 11.1631],
			"rotation": {
				"angle": 22.5,
				"axis": "z",
				"origin": [2.72158, 14.42504, 8]
			},
			"faces": {
				"north": {
					"uv": [16, 0, 13.66667, 2.08333],
					"texture": "#1"
				},
				"east": {
					"uv": [16, 0.08333, 13.5, 2],
					"texture": "#1"
				},
				"south": {
					"uv": [16, 0, 13.66667, 2.08333],
					"texture": "#1"
				},
				"west": {
					"uv": [16, 0, 13.66667, 2.08333],
					"texture": "#1"
				},
				"up": {
					"uv": [16, 0, 13.66667, 2.08333],
					"texture": "#1"
				},
				"down": {
					"uv": [16, 0, 13.66667, 2.08333],
					"texture": "#1"
				}
			}
		}
	]
}