{
	"textures": {
		"1": "animated_java:blueprint/deerhead_model/deerhead",
		"particle": "minecraft:item/pufferfish"
	},
	"display": {
		"head": {
			"rotation": [0, 180, 0]
		}
	},
	"elements": [
		{
			"from": [5.5, 1, 5.5],
			"to": [10.5, 8, 10.5],
			"rotation": {
				"angle": 0,
				"axis": "y",
				"origin": [9.5, -1, 8.5]
			},
			"faces": {
				"north": {
					"uv": [6.91667, 3.5, 12.75, 6.33333],
					"texture": "#1"
				},
				"east": {
					"uv": [6.91667, 3.5, 12.75, 6.33333],
					"texture": "#1"
				},
				"south": {
					"uv": [8.16667, 3.41667, 10.41667, 6.08333],
					"texture": "#1"
				},
				"west": {
					"uv": [6.91667, 3.5, 12.75, 6.33333],
					"texture": "#1"
				},
				"up": {
					"uv": [6.91667, 3.5, 12.75, 6.33333],
					"texture": "#1"
				},
				"down": {
					"uv": [6.91667, 3.5, 12.75, 6.33333],
					"texture": "#1"
				}
			}
		}
	]
}