{
	"textures": {
		"1": "animated_java:blueprint/deerhead_model/deerhead",
		"particle": "minecraft:item/pufferfish"
	},
	"display": {
		"head": {
			"rotation": [0, 180, 0]
		}
	},
	"elements": [
		{
			"from": [5.75, 5, 2.75],
			"to": [10.25, 6.5, 10.25],
			"rotation": {
				"angle": 0,
				"axis": "y",
				"origin": [9, 5, 8]
			},
			"faces": {
				"north": {
					"uv": [3.33333, 13.74999, 4.41666, 15.58333],
					"texture": "#1"
				},
				"east": {
					"uv": [3.41667, 14.41667, 4.83333, 15.33333],
					"texture": "#1"
				},
				"south": {
					"uv": [3.33333, 13.74999, 4.41666, 15.58333],
					"texture": "#1"
				},
				"west": {
					"uv": [3.41667, 14.41667, 4.83333, 15.33333],
					"texture": "#1"
				},
				"up": {
					"uv": [3, 13.66667, 5, 16],
					"texture": "#1"
				},
				"down": {
					"uv": [3, 13.66667, 5, 16],
					"texture": "#1"
				}
			}
		},
		{
			"from": [5.75, 6.5, 5.75],
			"to": [10.25, 8, 10.25],
			"rotation": {
				"angle": 0,
				"axis": "y",
				"origin": [9, 6.5, 8]
			},
			"faces": {
				"north": {
					"uv": [5.66666, 13.58333, 7.41666, 15.41667],
					"texture": "#1"
				},
				"east": {
					"uv": [5.66666, 13.58333, 7.41666, 15.41667],
					"texture": "#1"
				},
				"south": {
					"uv": [5.66666, 13.58333, 7.41666, 15.41667],
					"texture": "#1"
				},
				"west": {
					"uv": [5.66666, 13.58333, 7.41666, 15.41667],
					"texture": "#1"
				},
				"up": {
					"uv": [5.5, 13.5, 7.66666, 16],
					"texture": "#1"
				},
				"down": {
					"uv": [5.5, 13.5, 7.66666, 16],
					"texture": "#1"
				}
			}
		},
		{
			"from": [5.775, 7.25, 2.95],
			"to": [10.175, 8.5, 6.45],
			"rotation": {
				"angle": -22.5,
				"axis": "x",
				"origin": [9, 7, 7.95]
			},
			"faces": {
				"north": {
					"uv": [5.66666, 13.58333, 7.31666, 15.16667],
					"texture": "#1"
				},
				"east": {
					"uv": [5.75, 13.66667, 7.33333, 15.75],
					"texture": "#1"
				},
				"south": {
					"uv": [5.66666, 13.58333, 7.31666, 15.16667],
					"texture": "#1"
				},
				"west": {
					"uv": [5.75, 13.66667, 7.33333, 15.75],
					"texture": "#1"
				},
				"up": {
					"uv": [5.83333, 13.58333, 7.31666, 15.83334],
					"texture": "#1"
				},
				"down": {
					"uv": [5.83333, 13.58333, 7.31666, 15.83334],
					"texture": "#1"
				}
			}
		}
	]
}