{
	"textures": {
		"1": "animated_java:blueprint/deerhead_model/deerhead",
		"particle": "minecraft:item/pufferfish"
	},
	"display": {
		"head": {
			"rotation": [0, 180, 0]
		}
	},
	"elements": [
		{
			"from": [13.5, 6, -0.25],
			"to": [14.25, 8.5, 9.25],
			"rotation": {
				"angle": 0,
				"axis": "y",
				"origin": [19, 6, 7]
			},
			"faces": {
				"north": {
					"uv": [13.38889, 13.08333, 15.98611, 11.35417],
					"texture": "#1"
				},
				"east": {
					"uv": [13.38889, 11.17361, 16, 13.08333],
					"texture": "#1"
				},
				"south": {
					"uv": [13.38889, 13.08333, 15.98611, 11.35417],
					"texture": "#1"
				},
				"west": {
					"uv": [13.38889, 11.17361, 16, 13.08333],
					"texture": "#1"
				},
				"up": {
					"uv": [13.38889, 13.08333, 15.98611, 11.35417],
					"texture": "#1"
				},
				"down": {
					"uv": [13.38889, 13.08333, 15.98611, 11.35417],
					"texture": "#1"
				}
			}
		},
		{
			"from": [0.75, 6, -0.25],
			"to": [1.5, 8.5, 9.25],
			"rotation": {
				"angle": 0,
				"axis": "y",
				"origin": [6.25, 6, 7]
			},
			"faces": {
				"north": {
					"uv": [13.38889, 13.08333, 15.98611, 11.35417],
					"texture": "#1"
				},
				"east": {
					"uv": [13.38889, 11.17361, 16, 13.08333],
					"texture": "#1"
				},
				"south": {
					"uv": [13.38889, 13.08333, 15.98611, 11.35417],
					"texture": "#1"
				},
				"west": {
					"uv": [13.38889, 11.17361, 16, 13.08333],
					"texture": "#1"
				},
				"up": {
					"uv": [13.38889, 13.08333, 15.98611, 11.35417],
					"texture": "#1"
				},
				"down": {
					"uv": [13.38889, 13.08333, 15.98611, 11.35417],
					"texture": "#1"
				}
			}
		},
		{
			"from": [1, 8.5, 4.75],
			"to": [1.5, 9.75, 6.5],
			"rotation": {
				"angle": 0,
				"axis": "y",
				"origin": [6.25, 8.5, 7]
			},
			"faces": {
				"north": {
					"uv": [13.38889, 13.08333, 15.98611, 11.27778],
					"texture": "#1"
				},
				"east": {
					"uv": [13.38889, 13.08333, 15.98611, 11.27778],
					"texture": "#1"
				},
				"south": {
					"uv": [13.38889, 13.08333, 15.98611, 11.27778],
					"texture": "#1"
				},
				"west": {
					"uv": [13.38889, 13.08333, 15.98611, 11.27778],
					"texture": "#1"
				},
				"up": {
					"uv": [13.38889, 13.08333, 15.98611, 11.31944],
					"texture": "#1"
				},
				"down": {
					"uv": [13.38889, 13.08333, 15.98611, 11.31944],
					"texture": "#1"
				}
			}
		},
		{
			"from": [1, 8.675, 4.4],
			"to": [1.5, 9.675, 5.65],
			"rotation": {
				"angle": 45,
				"axis": "x",
				"origin": [6.25, 8.675, 6.15]
			},
			"faces": {
				"north": {
					"uv": [13.38889, 13.08333, 15.98611, 11.25694],
					"texture": "#1"
				},
				"east": {
					"uv": [13.38889, 13.08333, 15.98611, 11.25694],
					"texture": "#1"
				},
				"south": {
					"uv": [13.38889, 13.08333, 15.98611, 11.25694],
					"texture": "#1"
				},
				"west": {
					"uv": [13.38889, 13.08333, 15.98611, 11.25694],
					"texture": "#1"
				},
				"up": {
					"uv": [13.38889, 13.08333, 15.98611, 11.27778],
					"texture": "#1"
				},
				"down": {
					"uv": [13.38889, 13.08333, 15.98611, 11.27778],
					"texture": "#1"
				}
			}
		},
		{
			"from": [1, 10.25, 4.925],
			"to": [1.5, 11.25, 6.175],
			"rotation": {
				"angle": -45,
				"axis": "x",
				"origin": [6.25, 10.25, 6.675]
			},
			"faces": {
				"north": {
					"uv": [13.38889, 13.08333, 15.98611, 11.25694],
					"texture": "#1"
				},
				"east": {
					"uv": [13.38889, 13.08333, 15.98611, 11.25694],
					"texture": "#1"
				},
				"south": {
					"uv": [13.38889, 13.08333, 15.98611, 11.25694],
					"texture": "#1"
				},
				"west": {
					"uv": [13.38889, 13.08333, 15.98611, 11.25694],
					"texture": "#1"
				},
				"up": {
					"uv": [13.38889, 13.08333, 15.98611, 11.27778],
					"texture": "#1"
				},
				"down": {
					"uv": [13.38889, 13.08333, 15.98611, 11.27778],
					"texture": "#1"
				}
			}
		},
		{
			"from": [1, 8.675, 1.9],
			"to": [1.5, 9.675, 3.15],
			"rotation": {
				"angle": 45,
				"axis": "x",
				"origin": [6.25, 8.675, 3.65]
			},
			"faces": {
				"north": {
					"uv": [13.38889, 13.08333, 15.98611, 11.25694],
					"texture": "#1"
				},
				"east": {
					"uv": [13.38889, 13.08333, 15.98611, 11.25694],
					"texture": "#1"
				},
				"south": {
					"uv": [13.38889, 13.08333, 15.98611, 11.25694],
					"texture": "#1"
				},
				"west": {
					"uv": [13.38889, 13.08333, 15.98611, 11.25694],
					"texture": "#1"
				},
				"up": {
					"uv": [13.38889, 13.08333, 15.98611, 11.27778],
					"texture": "#1"
				},
				"down": {
					"uv": [13.38889, 13.08333, 15.98611, 11.27778],
					"texture": "#1"
				}
			}
		},
		{
			"from": [1, 10.25, 2.425],
			"to": [1.5, 11.25, 3.675],
			"rotation": {
				"angle": -45,
				"axis": "x",
				"origin": [6.25, 10.25, 4.175]
			},
			"faces": {
				"north": {
					"uv": [13.38889, 13.08333, 15.98611, 11.25694],
					"texture": "#1"
				},
				"east": {
					"uv": [13.38889, 13.08333, 15.98611, 11.25694],
					"texture": "#1"
				},
				"south": {
					"uv": [13.38889, 13.08333, 15.98611, 11.25694],
					"texture": "#1"
				},
				"west": {
					"uv": [13.38889, 13.08333, 15.98611, 11.25694],
					"texture": "#1"
				},
				"up": {
					"uv": [13.38889, 13.08333, 15.98611, 11.27778],
					"texture": "#1"
				},
				"down": {
					"uv": [13.38889, 13.08333, 15.98611, 11.27778],
					"texture": "#1"
				}
			}
		},
		{
			"from": [1, 8.5, 2.25],
			"to": [1.5, 9.75, 4],
			"rotation": {
				"angle": 0,
				"axis": "y",
				"origin": [6.25, 8.5, 4.5]
			},
			"faces": {
				"north": {
					"uv": [13.38889, 13.08333, 15.98611, 11.27778],
					"texture": "#1"
				},
				"east": {
					"uv": [13.38889, 13.08333, 15.98611, 11.27778],
					"texture": "#1"
				},
				"south": {
					"uv": [13.38889, 13.08333, 15.98611, 11.27778],
					"texture": "#1"
				},
				"west": {
					"uv": [13.38889, 13.08333, 15.98611, 11.27778],
					"texture": "#1"
				},
				"up": {
					"uv": [13.38889, 13.08333, 15.98611, 11.31944],
					"texture": "#1"
				},
				"down": {
					"uv": [13.38889, 13.08333, 15.98611, 11.31944],
					"texture": "#1"
				}
			}
		},
		{
			"from": [1, 8.675, -0.6],
			"to": [1.5, 9.675, 0.65],
			"rotation": {
				"angle": 45,
				"axis": "x",
				"origin": [6.25, 8.675, 1.15]
			},
			"faces": {
				"north": {
					"uv": [13.38889, 13.08333, 15.98611, 11.25694],
					"texture": "#1"
				},
				"east": {
					"uv": [13.38889, 13.08333, 15.98611, 11.25694],
					"texture": "#1"
				},
				"south": {
					"uv": [13.38889, 13.08333, 15.98611, 11.25694],
					"texture": "#1"
				},
				"west": {
					"uv": [13.38889, 13.08333, 15.98611, 11.25694],
					"texture": "#1"
				},
				"up": {
					"uv": [13.38889, 13.08333, 15.98611, 11.27778],
					"texture": "#1"
				},
				"down": {
					"uv": [13.38889, 13.08333, 15.98611, 11.27778],
					"texture": "#1"
				}
			}
		},
		{
			"from": [1, 10.25, -0.075],
			"to": [1.5, 11.25, 1.175],
			"rotation": {
				"angle": -45,
				"axis": "x",
				"origin": [6.25, 10.25, 1.675]
			},
			"faces": {
				"north": {
					"uv": [13.38889, 13.08333, 15.98611, 11.25694],
					"texture": "#1"
				},
				"east": {
					"uv": [13.38889, 13.08333, 15.98611, 11.25694],
					"texture": "#1"
				},
				"south": {
					"uv": [13.38889, 13.08333, 15.98611, 11.25694],
					"texture": "#1"
				},
				"west": {
					"uv": [13.38889, 13.08333, 15.98611, 11.25694],
					"texture": "#1"
				},
				"up": {
					"uv": [13.38889, 13.08333, 15.98611, 11.27778],
					"texture": "#1"
				},
				"down": {
					"uv": [13.38889, 13.08333, 15.98611, 11.27778],
					"texture": "#1"
				}
			}
		},
		{
			"from": [1, 8.5, -0.25],
			"to": [1.5, 9.75, 1.5],
			"rotation": {
				"angle": 0,
				"axis": "y",
				"origin": [6.25, 8.5, 2]
			},
			"faces": {
				"north": {
					"uv": [13.38889, 13.08333, 15.98611, 11.27778],
					"texture": "#1"
				},
				"east": {
					"uv": [13.38889, 13.08333, 15.98611, 11.27778],
					"texture": "#1"
				},
				"south": {
					"uv": [13.38889, 13.08333, 15.98611, 11.27778],
					"texture": "#1"
				},
				"west": {
					"uv": [13.38889, 13.08333, 15.98611, 11.27778],
					"texture": "#1"
				},
				"up": {
					"uv": [13.38889, 13.08333, 15.98611, 11.31944],
					"texture": "#1"
				},
				"down": {
					"uv": [13.38889, 13.08333, 15.98611, 11.31944],
					"texture": "#1"
				}
			}
		},
		{
			"from": [13.5, 8.675, -0.6],
			"to": [14, 9.675, 0.65],
			"rotation": {
				"angle": 45,
				"axis": "x",
				"origin": [18.75, 8.675, 1.15]
			},
			"faces": {
				"north": {
					"uv": [13.38889, 13.08333, 15.98611, 11.25694],
					"texture": "#1"
				},
				"east": {
					"uv": [13.38889, 13.08333, 15.98611, 11.25694],
					"texture": "#1"
				},
				"south": {
					"uv": [13.38889, 13.08333, 15.98611, 11.25694],
					"texture": "#1"
				},
				"west": {
					"uv": [13.38889, 13.08333, 15.98611, 11.25694],
					"texture": "#1"
				},
				"up": {
					"uv": [13.38889, 13.08333, 15.98611, 11.27778],
					"texture": "#1"
				},
				"down": {
					"uv": [13.38889, 13.08333, 15.98611, 11.27778],
					"texture": "#1"
				}
			}
		},
		{
			"from": [13.5, 10.25, -0.075],
			"to": [14, 11.25, 1.175],
			"rotation": {
				"angle": -45,
				"axis": "x",
				"origin": [18.75, 10.25, 1.675]
			},
			"faces": {
				"north": {
					"uv": [13.38889, 13.08333, 15.98611, 11.25694],
					"texture": "#1"
				},
				"east": {
					"uv": [13.38889, 13.08333, 15.98611, 11.25694],
					"texture": "#1"
				},
				"south": {
					"uv": [13.38889, 13.08333, 15.98611, 11.25694],
					"texture": "#1"
				},
				"west": {
					"uv": [13.38889, 13.08333, 15.98611, 11.25694],
					"texture": "#1"
				},
				"up": {
					"uv": [13.38889, 13.08333, 15.98611, 11.27778],
					"texture": "#1"
				},
				"down": {
					"uv": [13.38889, 13.08333, 15.98611, 11.27778],
					"texture": "#1"
				}
			}
		},
		{
			"from": [13.5, 8.5, -0.25],
			"to": [14, 9.75, 1.5],
			"rotation": {
				"angle": 0,
				"axis": "y",
				"origin": [18.75, 8.5, 2]
			},
			"faces": {
				"north": {
					"uv": [13.38889, 13.08333, 15.98611, 11.27778],
					"texture": "#1"
				},
				"east": {
					"uv": [13.38889, 13.08333, 15.98611, 11.27778],
					"texture": "#1"
				},
				"south": {
					"uv": [13.38889, 13.08333, 15.98611, 11.27778],
					"texture": "#1"
				},
				"west": {
					"uv": [13.38889, 13.08333, 15.98611, 11.27778],
					"texture": "#1"
				},
				"up": {
					"uv": [13.38889, 13.08333, 15.98611, 11.31944],
					"texture": "#1"
				},
				"down": {
					"uv": [13.38889, 13.08333, 15.98611, 11.31944],
					"texture": "#1"
				}
			}
		},
		{
			"from": [10.25, 8.5, -2.25],
			"to": [12, 9.75, -1.75],
			"rotation": {
				"angle": 0,
				"axis": "y",
				"origin": [12.5, 8.5, -7]
			},
			"faces": {
				"north": {
					"uv": [13.38889, 13.08333, 15.98611, 11.27778],
					"texture": "#1"
				},
				"east": {
					"uv": [13.38889, 13.08333, 15.98611, 11.27778],
					"texture": "#1"
				},
				"south": {
					"uv": [13.38889, 13.08333, 15.98611, 11.27778],
					"texture": "#1"
				},
				"west": {
					"uv": [13.38889, 13.08333, 15.98611, 11.27778],
					"texture": "#1"
				},
				"up": {
					"uv": [13.38889, 13.08333, 15.98611, 11.31944],
					"rotation": 270,
					"texture": "#1"
				},
				"down": {
					"uv": [13.38889, 13.08333, 15.98611, 11.31944],
					"rotation": 90,
					"texture": "#1"
				}
			}
		},
		{
			"from": [9.9, 8.675, -2.25],
			"to": [11.15, 9.675, -1.75],
			"rotation": {
				"angle": -45,
				"axis": "z",
				"origin": [11.65, 8.675, -7]
			},
			"faces": {
				"north": {
					"uv": [13.38889, 13.08333, 15.98611, 11.25694],
					"texture": "#1"
				},
				"east": {
					"uv": [13.38889, 13.08333, 15.98611, 11.25694],
					"texture": "#1"
				},
				"south": {
					"uv": [13.38889, 13.08333, 15.98611, 11.25694],
					"texture": "#1"
				},
				"west": {
					"uv": [13.38889, 13.08333, 15.98611, 11.25694],
					"texture": "#1"
				},
				"up": {
					"uv": [13.38889, 13.08333, 15.98611, 11.27778],
					"rotation": 270,
					"texture": "#1"
				},
				"down": {
					"uv": [13.38889, 13.08333, 15.98611, 11.27778],
					"rotation": 90,
					"texture": "#1"
				}
			}
		},
		{
			"from": [10.425, 10.25, -2.25],
			"to": [11.675, 11.25, -1.75],
			"rotation": {
				"angle": 45,
				"axis": "z",
				"origin": [12.175, 10.25, -7]
			},
			"faces": {
				"north": {
					"uv": [13.38889, 13.08333, 15.98611, 11.25694],
					"texture": "#1"
				},
				"east": {
					"uv": [13.38889, 13.08333, 15.98611, 11.25694],
					"texture": "#1"
				},
				"south": {
					"uv": [13.38889, 13.08333, 15.98611, 11.25694],
					"texture": "#1"
				},
				"west": {
					"uv": [13.38889, 13.08333, 15.98611, 11.25694],
					"texture": "#1"
				},
				"up": {
					"uv": [13.38889, 13.08333, 15.98611, 11.27778],
					"rotation": 270,
					"texture": "#1"
				},
				"down": {
					"uv": [13.38889, 13.08333, 15.98611, 11.27778],
					"rotation": 90,
					"texture": "#1"
				}
			}
		},
		{
			"from": [13.5, 8.5, 2.25],
			"to": [14, 9.75, 4],
			"rotation": {
				"angle": 0,
				"axis": "y",
				"origin": [18.75, 8.5, 4.5]
			},
			"faces": {
				"north": {
					"uv": [13.38889, 13.08333, 15.98611, 11.27778],
					"texture": "#1"
				},
				"east": {
					"uv": [13.38889, 13.08333, 15.98611, 11.27778],
					"texture": "#1"
				},
				"south": {
					"uv": [13.38889, 13.08333, 15.98611, 11.27778],
					"texture": "#1"
				},
				"west": {
					"uv": [13.38889, 13.08333, 15.98611, 11.27778],
					"texture": "#1"
				},
				"up": {
					"uv": [13.38889, 13.08333, 15.98611, 11.31944],
					"texture": "#1"
				},
				"down": {
					"uv": [13.38889, 13.08333, 15.98611, 11.31944],
					"texture": "#1"
				}
			}
		},
		{
			"from": [13.5, 10.25, 2.425],
			"to": [14, 11.25, 3.675],
			"rotation": {
				"angle": -45,
				"axis": "x",
				"origin": [18.75, 10.25, 4.175]
			},
			"faces": {
				"north": {
					"uv": [13.38889, 13.08333, 15.98611, 11.25694],
					"texture": "#1"
				},
				"east": {
					"uv": [13.38889, 13.08333, 15.98611, 11.25694],
					"texture": "#1"
				},
				"south": {
					"uv": [13.38889, 13.08333, 15.98611, 11.25694],
					"texture": "#1"
				},
				"west": {
					"uv": [13.38889, 13.08333, 15.98611, 11.25694],
					"texture": "#1"
				},
				"up": {
					"uv": [13.38889, 13.08333, 15.98611, 11.27778],
					"texture": "#1"
				},
				"down": {
					"uv": [13.38889, 13.08333, 15.98611, 11.27778],
					"texture": "#1"
				}
			}
		},
		{
			"from": [13.5, 8.675, 1.9],
			"to": [14, 9.675, 3.15],
			"rotation": {
				"angle": 45,
				"axis": "x",
				"origin": [18.75, 8.675, 3.65]
			},
			"faces": {
				"north": {
					"uv": [13.38889, 13.08333, 15.98611, 11.25694],
					"texture": "#1"
				},
				"east": {
					"uv": [13.38889, 13.08333, 15.98611, 11.25694],
					"texture": "#1"
				},
				"south": {
					"uv": [13.38889, 13.08333, 15.98611, 11.25694],
					"texture": "#1"
				},
				"west": {
					"uv": [13.38889, 13.08333, 15.98611, 11.25694],
					"texture": "#1"
				},
				"up": {
					"uv": [13.38889, 13.08333, 15.98611, 11.27778],
					"texture": "#1"
				},
				"down": {
					"uv": [13.38889, 13.08333, 15.98611, 11.27778],
					"texture": "#1"
				}
			}
		},
		{
			"from": [13.5, 8.675, 4.4],
			"to": [14, 9.675, 5.65],
			"rotation": {
				"angle": 45,
				"axis": "x",
				"origin": [18.75, 8.675, 6.15]
			},
			"faces": {
				"north": {
					"uv": [13.38889, 13.08333, 15.98611, 11.25694],
					"texture": "#1"
				},
				"east": {
					"uv": [13.38889, 13.08333, 15.98611, 11.25694],
					"texture": "#1"
				},
				"south": {
					"uv": [13.38889, 13.08333, 15.98611, 11.25694],
					"texture": "#1"
				},
				"west": {
					"uv": [13.38889, 13.08333, 15.98611, 11.25694],
					"texture": "#1"
				},
				"up": {
					"uv": [13.38889, 13.08333, 15.98611, 11.27778],
					"texture": "#1"
				},
				"down": {
					"uv": [13.38889, 13.08333, 15.98611, 11.27778],
					"texture": "#1"
				}
			}
		},
		{
			"from": [13.5, 10.25, 4.925],
			"to": [14, 11.25, 6.175],
			"rotation": {
				"angle": -45,
				"axis": "x",
				"origin": [18.75, 10.25, 6.675]
			},
			"faces": {
				"north": {
					"uv": [13.38889, 13.08333, 15.98611, 11.25694],
					"texture": "#1"
				},
				"east": {
					"uv": [13.38889, 13.08333, 15.98611, 11.25694],
					"texture": "#1"
				},
				"south": {
					"uv": [13.38889, 13.08333, 15.98611, 11.25694],
					"texture": "#1"
				},
				"west": {
					"uv": [13.38889, 13.08333, 15.98611, 11.25694],
					"texture": "#1"
				},
				"up": {
					"uv": [13.38889, 13.08333, 15.98611, 11.27778],
					"texture": "#1"
				},
				"down": {
					"uv": [13.38889, 13.08333, 15.98611, 11.27778],
					"texture": "#1"
				}
			}
		},
		{
			"from": [13.5, 8.5, 4.75],
			"to": [14, 9.75, 6.5],
			"rotation": {
				"angle": 0,
				"axis": "y",
				"origin": [18.75, 8.5, 7]
			},
			"faces": {
				"north": {
					"uv": [13.38889, 13.08333, 15.98611, 11.27778],
					"texture": "#1"
				},
				"east": {
					"uv": [13.38889, 13.08333, 15.98611, 11.27778],
					"texture": "#1"
				},
				"south": {
					"uv": [13.38889, 13.08333, 15.98611, 11.27778],
					"texture": "#1"
				},
				"west": {
					"uv": [13.38889, 13.08333, 15.98611, 11.27778],
					"texture": "#1"
				},
				"up": {
					"uv": [13.38889, 13.08333, 15.98611, 11.31944],
					"texture": "#1"
				},
				"down": {
					"uv": [13.38889, 13.08333, 15.98611, 11.31944],
					"texture": "#1"
				}
			}
		},
		{
			"from": [1.5, 6, -1],
			"to": [2.25, 8.5, -0.25],
			"rotation": {
				"angle": 0,
				"axis": "y",
				"origin": [7, 6, -2.5]
			},
			"faces": {
				"north": {
					"uv": [13.38889, 13.08333, 15.98611, 11.35417],
					"texture": "#1"
				},
				"east": {
					"uv": [13.38889, 13.08333, 15.98611, 11.35417],
					"texture": "#1"
				},
				"south": {
					"uv": [13.38889, 13.08333, 15.98611, 11.35417],
					"texture": "#1"
				},
				"west": {
					"uv": [13.38889, 13.08333, 15.98611, 11.35417],
					"texture": "#1"
				},
				"up": {
					"uv": [13.38889, 13.08333, 15.98611, 11.23611],
					"texture": "#1"
				},
				"down": {
					"uv": [13.38889, 13.08333, 15.98611, 11.23611],
					"texture": "#1"
				}
			}
		},
		{
			"from": [2.25, 6, -1.75],
			"to": [3, 8.5, -1],
			"rotation": {
				"angle": 0,
				"axis": "y",
				"origin": [7.75, 6, -3.25]
			},
			"faces": {
				"north": {
					"uv": [13.38889, 13.08333, 15.98611, 11.35417],
					"texture": "#1"
				},
				"east": {
					"uv": [13.38889, 13.08333, 15.98611, 11.35417],
					"texture": "#1"
				},
				"south": {
					"uv": [13.38889, 13.08333, 15.98611, 11.35417],
					"texture": "#1"
				},
				"west": {
					"uv": [13.38889, 13.08333, 15.98611, 11.35417],
					"texture": "#1"
				},
				"up": {
					"uv": [13.38889, 13.08333, 15.98611, 11.23611],
					"texture": "#1"
				},
				"down": {
					"uv": [13.38889, 13.08333, 15.98611, 11.23611],
					"texture": "#1"
				}
			}
		},
		{
			"from": [3, 6, -2.5],
			"to": [12, 8.5, -1.75],
			"rotation": {
				"angle": 0,
				"axis": "y",
				"origin": [16.5, 6, -4]
			},
			"faces": {
				"north": {
					"uv": [13.38889, 11.17361, 16, 13.08333],
					"texture": "#1"
				},
				"east": {
					"uv": [13.38889, 13.08333, 15.98611, 11.35417],
					"texture": "#1"
				},
				"south": {
					"uv": [13.38889, 11.17361, 16, 13.08333],
					"texture": "#1"
				},
				"west": {
					"uv": [13.38889, 13.08333, 15.98611, 11.35417],
					"texture": "#1"
				},
				"up": {
					"uv": [13.38889, 11.17361, 16, 13.08333],
					"texture": "#1"
				},
				"down": {
					"uv": [13.38889, 11.17361, 16, 13.08333],
					"texture": "#1"
				}
			}
		},
		{
			"from": [7.4, 8.675, -2.25],
			"to": [8.65, 9.675, -1.75],
			"rotation": {
				"angle": -45,
				"axis": "z",
				"origin": [9.15, 8.675, -7]
			},
			"faces": {
				"north": {
					"uv": [13.38889, 13.08333, 15.98611, 11.25694],
					"texture": "#1"
				},
				"east": {
					"uv": [13.38889, 13.08333, 15.98611, 11.25694],
					"texture": "#1"
				},
				"south": {
					"uv": [13.38889, 13.08333, 15.98611, 11.25694],
					"texture": "#1"
				},
				"west": {
					"uv": [13.38889, 13.08333, 15.98611, 11.25694],
					"texture": "#1"
				},
				"up": {
					"uv": [13.38889, 13.08333, 15.98611, 11.27778],
					"rotation": 270,
					"texture": "#1"
				},
				"down": {
					"uv": [13.38889, 13.08333, 15.98611, 11.27778],
					"rotation": 90,
					"texture": "#1"
				}
			}
		},
		{
			"from": [7.925, 10.25, -2.25],
			"to": [9.175, 11.25, -1.75],
			"rotation": {
				"angle": 45,
				"axis": "z",
				"origin": [9.675, 10.25, -7]
			},
			"faces": {
				"north": {
					"uv": [13.38889, 13.08333, 15.98611, 11.25694],
					"texture": "#1"
				},
				"east": {
					"uv": [13.38889, 13.08333, 15.98611, 11.25694],
					"texture": "#1"
				},
				"south": {
					"uv": [13.38889, 13.08333, 15.98611, 11.25694],
					"texture": "#1"
				},
				"west": {
					"uv": [13.38889, 13.08333, 15.98611, 11.25694],
					"texture": "#1"
				},
				"up": {
					"uv": [13.38889, 13.08333, 15.98611, 11.27778],
					"rotation": 270,
					"texture": "#1"
				},
				"down": {
					"uv": [13.38889, 13.08333, 15.98611, 11.27778],
					"rotation": 90,
					"texture": "#1"
				}
			}
		},
		{
			"from": [7.75, 8.5, -2.25],
			"to": [9.5, 9.75, -1.75],
			"rotation": {
				"angle": 0,
				"axis": "y",
				"origin": [10, 8.5, -7]
			},
			"faces": {
				"north": {
					"uv": [13.38889, 13.08333, 15.98611, 11.27778],
					"texture": "#1"
				},
				"east": {
					"uv": [13.38889, 13.08333, 15.98611, 11.27778],
					"texture": "#1"
				},
				"south": {
					"uv": [13.38889, 13.08333, 15.98611, 11.27778],
					"texture": "#1"
				},
				"west": {
					"uv": [13.38889, 13.08333, 15.98611, 11.27778],
					"texture": "#1"
				},
				"up": {
					"uv": [13.38889, 13.08333, 15.98611, 11.31944],
					"rotation": 270,
					"texture": "#1"
				},
				"down": {
					"uv": [13.38889, 13.08333, 15.98611, 11.31944],
					"rotation": 90,
					"texture": "#1"
				}
			}
		},
		{
			"from": [5.5, 8.5, -2.25],
			"to": [7.25, 9.75, -1.75],
			"rotation": {
				"angle": 0,
				"axis": "y",
				"origin": [7.75, 8.5, -7]
			},
			"faces": {
				"north": {
					"uv": [13.38889, 13.08333, 15.98611, 11.27778],
					"texture": "#1"
				},
				"east": {
					"uv": [13.38889, 13.08333, 15.98611, 11.27778],
					"texture": "#1"
				},
				"south": {
					"uv": [13.38889, 13.08333, 15.98611, 11.27778],
					"texture": "#1"
				},
				"west": {
					"uv": [13.38889, 13.08333, 15.98611, 11.27778],
					"texture": "#1"
				},
				"up": {
					"uv": [13.38889, 13.08333, 15.98611, 11.31944],
					"rotation": 270,
					"texture": "#1"
				},
				"down": {
					"uv": [13.38889, 13.08333, 15.98611, 11.31944],
					"rotation": 90,
					"texture": "#1"
				}
			}
		},
		{
			"from": [5.675, 10.25, -2.25],
			"to": [6.925, 11.25, -1.75],
			"rotation": {
				"angle": 45,
				"axis": "z",
				"origin": [7.425, 10.25, -7]
			},
			"faces": {
				"north": {
					"uv": [13.38889, 13.08333, 15.98611, 11.25694],
					"texture": "#1"
				},
				"east": {
					"uv": [13.38889, 13.08333, 15.98611, 11.25694],
					"texture": "#1"
				},
				"south": {
					"uv": [13.38889, 13.08333, 15.98611, 11.25694],
					"texture": "#1"
				},
				"west": {
					"uv": [13.38889, 13.08333, 15.98611, 11.25694],
					"texture": "#1"
				},
				"up": {
					"uv": [13.38889, 13.08333, 15.98611, 11.27778],
					"rotation": 270,
					"texture": "#1"
				},
				"down": {
					"uv": [13.38889, 13.08333, 15.98611, 11.27778],
					"rotation": 90,
					"texture": "#1"
				}
			}
		},
		{
			"from": [5.15, 8.675, -2.25],
			"to": [6.4, 9.675, -1.75],
			"rotation": {
				"angle": -45,
				"axis": "z",
				"origin": [6.9, 8.675, -7]
			},
			"faces": {
				"north": {
					"uv": [13.38889, 13.08333, 15.98611, 11.25694],
					"texture": "#1"
				},
				"east": {
					"uv": [13.38889, 13.08333, 15.98611, 11.25694],
					"texture": "#1"
				},
				"south": {
					"uv": [13.38889, 13.08333, 15.98611, 11.25694],
					"texture": "#1"
				},
				"west": {
					"uv": [13.38889, 13.08333, 15.98611, 11.25694],
					"texture": "#1"
				},
				"up": {
					"uv": [13.38889, 13.08333, 15.98611, 11.27778],
					"rotation": 270,
					"texture": "#1"
				},
				"down": {
					"uv": [13.38889, 13.08333, 15.98611, 11.27778],
					"rotation": 90,
					"texture": "#1"
				}
			}
		},
		{
			"from": [3, 8.5, -2.25],
			"to": [4.75, 9.75, -1.75],
			"rotation": {
				"angle": 0,
				"axis": "y",
				"origin": [5.25, 8.5, -7]
			},
			"faces": {
				"north": {
					"uv": [13.38889, 13.08333, 15.98611, 11.27778],
					"texture": "#1"
				},
				"east": {
					"uv": [13.38889, 13.08333, 15.98611, 11.27778],
					"texture": "#1"
				},
				"south": {
					"uv": [13.38889, 13.08333, 15.98611, 11.27778],
					"texture": "#1"
				},
				"west": {
					"uv": [13.38889, 13.08333, 15.98611, 11.27778],
					"texture": "#1"
				},
				"up": {
					"uv": [13.38889, 13.08333, 15.98611, 11.31944],
					"rotation": 270,
					"texture": "#1"
				},
				"down": {
					"uv": [13.38889, 13.08333, 15.98611, 11.31944],
					"rotation": 90,
					"texture": "#1"
				}
			}
		},
		{
			"from": [3.175, 10.25, -2.25],
			"to": [4.425, 11.25, -1.75],
			"rotation": {
				"angle": 45,
				"axis": "z",
				"origin": [4.925, 10.25, -7]
			},
			"faces": {
				"north": {
					"uv": [13.38889, 13.08333, 15.98611, 11.25694],
					"texture": "#1"
				},
				"east": {
					"uv": [13.38889, 13.08333, 15.98611, 11.25694],
					"texture": "#1"
				},
				"south": {
					"uv": [13.38889, 13.08333, 15.98611, 11.25694],
					"texture": "#1"
				},
				"west": {
					"uv": [13.38889, 13.08333, 15.98611, 11.25694],
					"texture": "#1"
				},
				"up": {
					"uv": [13.38889, 13.08333, 15.98611, 11.27778],
					"rotation": 270,
					"texture": "#1"
				},
				"down": {
					"uv": [13.38889, 13.08333, 15.98611, 11.27778],
					"rotation": 90,
					"texture": "#1"
				}
			}
		},
		{
			"from": [2.65, 8.675, -2.25],
			"to": [3.9, 9.675, -1.75],
			"rotation": {
				"angle": -45,
				"axis": "z",
				"origin": [4.4, 8.675, -7]
			},
			"faces": {
				"north": {
					"uv": [13.38889, 13.08333, 15.98611, 11.25694],
					"texture": "#1"
				},
				"east": {
					"uv": [13.38889, 13.08333, 15.98611, 11.25694],
					"texture": "#1"
				},
				"south": {
					"uv": [13.38889, 13.08333, 15.98611, 11.25694],
					"texture": "#1"
				},
				"west": {
					"uv": [13.38889, 13.08333, 15.98611, 11.25694],
					"texture": "#1"
				},
				"up": {
					"uv": [13.38889, 13.08333, 15.98611, 11.27778],
					"rotation": 270,
					"texture": "#1"
				},
				"down": {
					"uv": [13.38889, 13.08333, 15.98611, 11.27778],
					"rotation": 90,
					"texture": "#1"
				}
			}
		},
		{
			"from": [12, 6, -1.75],
			"to": [12.75, 8.5, -1],
			"rotation": {
				"angle": 0,
				"axis": "y",
				"origin": [17.5, 6, -3.25]
			},
			"faces": {
				"north": {
					"uv": [13.38889, 13.08333, 15.98611, 11.35417],
					"texture": "#1"
				},
				"east": {
					"uv": [13.38889, 13.08333, 15.98611, 11.35417],
					"texture": "#1"
				},
				"south": {
					"uv": [13.38889, 13.08333, 15.98611, 11.35417],
					"texture": "#1"
				},
				"west": {
					"uv": [13.38889, 13.08333, 15.98611, 11.35417],
					"texture": "#1"
				},
				"up": {
					"uv": [13.38889, 13.08333, 15.98611, 11.23611],
					"texture": "#1"
				},
				"down": {
					"uv": [13.38889, 13.08333, 15.98611, 11.23611],
					"texture": "#1"
				}
			}
		},
		{
			"from": [12.75, 6, -1],
			"to": [13.5, 8.5, -0.25],
			"rotation": {
				"angle": 0,
				"axis": "y",
				"origin": [18.25, 6, -2.5]
			},
			"faces": {
				"north": {
					"uv": [13.38889, 13.08333, 15.98611, 11.35417],
					"texture": "#1"
				},
				"east": {
					"uv": [13.38889, 13.08333, 15.98611, 11.35417],
					"texture": "#1"
				},
				"south": {
					"uv": [13.38889, 13.08333, 15.98611, 11.35417],
					"texture": "#1"
				},
				"west": {
					"uv": [13.38889, 13.08333, 15.98611, 11.35417],
					"texture": "#1"
				},
				"up": {
					"uv": [13.38889, 13.08333, 15.98611, 11.23611],
					"texture": "#1"
				},
				"down": {
					"uv": [13.38889, 13.08333, 15.98611, 11.23611],
					"texture": "#1"
				}
			}
		}
	]
}