{
	"textures": {
		"1": "animated_java:blueprint/deerhead_model/deerhead",
		"particle": "minecraft:item/pufferfish"
	},
	"display": {
		"head": {
			"rotation": [0, 180, 0]
		}
	},
	"elements": [
		{
			"from": [0.5, 8, 6.75],
			"to": [1, 10.5, 9.25],
			"rotation": {
				"angle": 0,
				"axis": "y",
				"origin": [6, 8, 7]
			},
			"faces": {
				"north": {
					"uv": [13.38889, 13.08333, 15.98611, 11.35417],
					"texture": "#1"
				},
				"east": {
					"uv": [13.38889, 13.08333, 15.98611, 11.35417],
					"texture": "#1"
				},
				"south": {
					"uv": [13.38889, 13.08333, 15.98611, 11.35417],
					"texture": "#1"
				},
				"west": {
					"uv": [13.38889, 13.08333, 15.98611, 11.35417],
					"texture": "#1"
				},
				"up": {
					"uv": [13.38889, 13.08333, 15.98611, 11.35417],
					"texture": "#1"
				},
				"down": {
					"uv": [13.38889, 13.08333, 15.98611, 11.35417],
					"texture": "#1"
				}
			}
		},
		{
			"from": [15, 8, 6.75],
			"to": [15.5, 10.5, 9.25],
			"rotation": {
				"angle": 0,
				"axis": "y",
				"origin": [20.5, 8, 7]
			},
			"faces": {
				"north": {
					"uv": [13.38889, 13.08333, 15.98611, 11.35417],
					"texture": "#1"
				},
				"east": {
					"uv": [13.38889, 13.08333, 15.98611, 11.35417],
					"texture": "#1"
				},
				"south": {
					"uv": [13.38889, 13.08333, 15.98611, 11.35417],
					"texture": "#1"
				},
				"west": {
					"uv": [13.38889, 13.08333, 15.98611, 11.35417],
					"texture": "#1"
				},
				"up": {
					"uv": [13.38889, 13.08333, 15.98611, 11.35417],
					"texture": "#1"
				},
				"down": {
					"uv": [13.38889, 13.08333, 15.98611, 11.35417],
					"texture": "#1"
				}
			}
		},
		{
			"from": [0, 8.75, 7.5],
			"to": [0.5, 9.75, 8.5],
			"rotation": {
				"angle": 0,
				"axis": "y",
				"origin": [5.5, 8, 7]
			},
			"faces": {
				"north": {
					"uv": [13.38889, 13.08333, 15.98611, 11.25694],
					"texture": "#1"
				},
				"east": {
					"uv": [13.38889, 13.08333, 15.98611, 11.25694],
					"texture": "#1"
				},
				"south": {
					"uv": [13.38889, 13.08333, 15.98611, 11.25694],
					"texture": "#1"
				},
				"west": {
					"uv": [13.38889, 13.08333, 15.98611, 11.25694],
					"texture": "#1"
				},
				"up": {
					"uv": [13.38889, 13.08333, 15.98611, 11.25694],
					"texture": "#1"
				},
				"down": {
					"uv": [13.38889, 13.08333, 15.98611, 11.25694],
					"texture": "#1"
				}
			}
		},
		{
			"from": [15.5, 8.75, 7.5],
			"to": [16, 9.75, 8.5],
			"rotation": {
				"angle": 0,
				"axis": "y",
				"origin": [21, 8, 7]
			},
			"faces": {
				"north": {
					"uv": [13.38889, 13.08333, 15.98611, 11.25694],
					"texture": "#1"
				},
				"east": {
					"uv": [13.38889, 13.08333, 15.98611, 11.25694],
					"texture": "#1"
				},
				"south": {
					"uv": [13.38889, 13.08333, 15.98611, 11.25694],
					"texture": "#1"
				},
				"west": {
					"uv": [13.38889, 13.08333, 15.98611, 11.25694],
					"texture": "#1"
				},
				"up": {
					"uv": [13.38889, 13.08333, 15.98611, 11.25694],
					"texture": "#1"
				},
				"down": {
					"uv": [13.38889, 13.08333, 15.98611, 11.25694],
					"texture": "#1"
				}
			}
		}
	]
}