{
	"textures": {
		"0": "minecraft:item/weapon_deerhead",
		"particle": "minecraft:item/pufferfish"
	},
	"display": {
		"head": {
			"rotation": [0, 180, 0]
		}
	},
	"elements": [
		{
			"from": [7.8, 9.55, 0.75],
			"to": [8.2, 9.65, 3.25],
			"rotation": {
				"angle": 0,
				"axis": "y",
				"origin": [6.75, 9.95, -0.1]
			},
			"faces": {
				"north": {
					"uv": [0, 0, 0.47917, 1.32083],
					"texture": "#0"
				},
				"east": {
					"uv": [0, 0, 0.65278, 1.32083],
					"texture": "#0"
				},
				"south": {
					"uv": [0, 0, 0.47917, 1.32083],
					"texture": "#0"
				},
				"west": {
					"uv": [0, 0, 0.65278, 1.32083],
					"texture": "#0"
				},
				"up": {
					"uv": [0, 0, 0.47917, 1.33333],
					"texture": "#0"
				},
				"down": {
					"uv": [0, 0, 0.47917, 1.33333],
					"texture": "#0"
				}
			}
		},
		{
			"from": [7.8, 9.45, -0.55],
			"to": [8.2, 9.55, 0.45],
			"rotation": {
				"angle": 0,
				"axis": "y",
				"origin": [6.75, 9.85, -3.9]
			},
			"faces": {
				"north": {
					"uv": [0, 0, 0.47917, 1.32083],
					"texture": "#0"
				},
				"east": {
					"uv": [0, 0, 0.52778, 1.32083],
					"texture": "#0"
				},
				"south": {
					"uv": [0, 0, 0.47917, 1.32083],
					"texture": "#0"
				},
				"west": {
					"uv": [0, 0, 0.52778, 1.32083],
					"texture": "#0"
				},
				"up": {
					"uv": [0, 0, 0.47917, 1.33333],
					"texture": "#0"
				},
				"down": {
					"uv": [0, 0, 0.47917, 1.33333],
					"texture": "#0"
				}
			}
		},
		{
			"from": [7.6, 9.45, 0.45],
			"to": [8.4, 9.55, 2.95],
			"rotation": {
				"angle": 0,
				"axis": "y",
				"origin": [6.75, 9.85, -0.4]
			},
			"faces": {
				"north": {
					"uv": [0, 0, 0.51111, 1.32083],
					"texture": "#0"
				},
				"east": {
					"uv": [0, 0, 0.65278, 1.32083],
					"texture": "#0"
				},
				"south": {
					"uv": [0, 0, 0.51111, 1.32083],
					"texture": "#0"
				},
				"west": {
					"uv": [0, 0, 0.65278, 1.32083],
					"texture": "#0"
				},
				"up": {
					"uv": [0, 0, 0.51111, 1.33333],
					"texture": "#0"
				},
				"down": {
					"uv": [0, 0, 0.51111, 1.33333],
					"texture": "#0"
				}
			}
		},
		{
			"from": [7.5, 9.25, -0.85],
			"to": [8.5, 9.45, 0.15],
			"rotation": {
				"angle": 0,
				"axis": "y",
				"origin": [6.75, 9.65, -4.2]
			},
			"faces": {
				"north": {
					"uv": [0, 0, 0.52778, 1.32917],
					"texture": "#0"
				},
				"east": {
					"uv": [0, 0, 0.52778, 1.32917],
					"texture": "#0"
				},
				"south": {
					"uv": [0, 0, 0.52778, 1.32917],
					"texture": "#0"
				},
				"west": {
					"uv": [0, 0, 0.52778, 1.32917],
					"texture": "#0"
				},
				"up": {
					"uv": [0, 0, 0.52778, 1.33333],
					"texture": "#0"
				},
				"down": {
					"uv": [0, 0, 0.52778, 1.33333],
					"texture": "#0"
				}
			}
		},
		{
			"from": [7.9, 9.25, -2.85],
			"to": [8.1, 9.45, -1.85],
			"rotation": {
				"angle": 0,
				"axis": "y",
				"origin": [6.75, 9.65, -6.2]
			},
			"faces": {
				"north": {
					"uv": [0, 0, 0.47917, 1.32917],
					"texture": "#0"
				},
				"east": {
					"uv": [0, 0, 0.52778, 1.32917],
					"texture": "#0"
				},
				"south": {
					"uv": [0, 0, 0.47917, 1.32917],
					"texture": "#0"
				},
				"west": {
					"uv": [0, 0, 0.52778, 1.32917],
					"texture": "#0"
				},
				"up": {
					"uv": [0, 0, 0.47917, 1.33333],
					"texture": "#0"
				},
				"down": {
					"uv": [0, 0, 0.47917, 1.33333],
					"texture": "#0"
				}
			}
		},
		{
			"from": [7.7, 9.25, -1.85],
			"to": [8.3, 9.45, -0.85],
			"rotation": {
				"angle": 0,
				"axis": "y",
				"origin": [6.75, 9.65, -5.2]
			},
			"faces": {
				"north": {
					"uv": [0, 0, 0.49444, 1.32917],
					"texture": "#0"
				},
				"east": {
					"uv": [0, 0, 0.52778, 1.32917],
					"texture": "#0"
				},
				"south": {
					"uv": [0, 0, 0.49444, 1.32917],
					"texture": "#0"
				},
				"west": {
					"uv": [0, 0, 0.52778, 1.32917],
					"texture": "#0"
				},
				"up": {
					"uv": [0, 0, 0.49444, 1.33333],
					"texture": "#0"
				},
				"down": {
					"uv": [0, 0, 0.49444, 1.33333],
					"texture": "#0"
				}
			}
		},
		{
			"from": [7.3, 9.25, 0.15],
			"to": [8.7, 9.45, 2.65],
			"rotation": {
				"angle": 0,
				"axis": "y",
				"origin": [6.75, 9.65, -0.7]
			},
			"faces": {
				"north": {
					"uv": [0, 0, 0.56111, 1.32917],
					"texture": "#0"
				},
				"east": {
					"uv": [0, 0, 0.65278, 1.32917],
					"texture": "#0"
				},
				"south": {
					"uv": [0, 0, 0.56111, 1.32917],
					"texture": "#0"
				},
				"west": {
					"uv": [0, 0, 0.65278, 1.32917],
					"texture": "#0"
				},
				"up": {
					"uv": [0, 0, 0.56111, 1.33333],
					"texture": "#0"
				},
				"down": {
					"uv": [0, 0, 0.56111, 1.33333],
					"texture": "#0"
				}
			}
		},
		{
			"from": [7.1, 9.05, -0.15],
			"to": [8.9, 9.25, 2.35],
			"rotation": {
				"angle": 0,
				"axis": "y",
				"origin": [6.75, 9.45, -1]
			},
			"faces": {
				"north": {
					"uv": [0, 0, 0.59444, 1.32917],
					"texture": "#0"
				},
				"east": {
					"uv": [0, 0, 0.65278, 1.32917],
					"texture": "#0"
				},
				"south": {
					"uv": [0, 0, 0.59444, 1.32917],
					"texture": "#0"
				},
				"west": {
					"uv": [0, 0, 0.65278, 1.32917],
					"texture": "#0"
				},
				"up": {
					"uv": [0, 0, 0.59444, 1.33333],
					"texture": "#0"
				},
				"down": {
					"uv": [0, 0, 0.59444, 1.33333],
					"texture": "#0"
				}
			}
		},
		{
			"from": [7.5, 9.05, -2.15],
			"to": [8.5, 9.25, -1.15],
			"rotation": {
				"angle": 0,
				"axis": "y",
				"origin": [6.75, 9.45, -5.5]
			},
			"faces": {
				"north": {
					"uv": [0, 0, 0.52778, 1.32917],
					"texture": "#0"
				},
				"east": {
					"uv": [0, 0, 0.52778, 1.32917],
					"texture": "#0"
				},
				"south": {
					"uv": [0, 0, 0.52778, 1.32917],
					"texture": "#0"
				},
				"west": {
					"uv": [0, 0, 0.52778, 1.32917],
					"texture": "#0"
				},
				"up": {
					"uv": [0, 0, 0.52778, 1.33333],
					"texture": "#0"
				},
				"down": {
					"uv": [0, 0, 0.52778, 1.33333],
					"texture": "#0"
				}
			}
		},
		{
			"from": [7.7, 9.05, -3.15],
			"to": [8.3, 9.25, -2.15],
			"rotation": {
				"angle": 0,
				"axis": "y",
				"origin": [6.75, 9.45, -6.5]
			},
			"faces": {
				"north": {
					"uv": [0, 0, 0.49444, 1.32917],
					"texture": "#0"
				},
				"east": {
					"uv": [0, 0, 0.52778, 1.32917],
					"texture": "#0"
				},
				"south": {
					"uv": [0, 0, 0.49444, 1.32917],
					"texture": "#0"
				},
				"west": {
					"uv": [0, 0, 0.52778, 1.32917],
					"texture": "#0"
				},
				"up": {
					"uv": [0, 0, 0.49444, 1.33333],
					"texture": "#0"
				},
				"down": {
					"uv": [0, 0, 0.49444, 1.33333],
					"texture": "#0"
				}
			}
		},
		{
			"from": [7.3, 9.05, -1.15],
			"to": [8.7, 9.25, -0.15],
			"rotation": {
				"angle": 0,
				"axis": "y",
				"origin": [6.75, 9.45, -4.5]
			},
			"faces": {
				"north": {
					"uv": [0, 0, 0.56111, 1.32917],
					"texture": "#0"
				},
				"east": {
					"uv": [0, 0, 0.52778, 1.32917],
					"texture": "#0"
				},
				"south": {
					"uv": [0, 0, 0.56111, 1.32917],
					"texture": "#0"
				},
				"west": {
					"uv": [0, 0, 0.52778, 1.32917],
					"texture": "#0"
				},
				"up": {
					"uv": [0, 0, 0.56111, 1.33333],
					"texture": "#0"
				},
				"down": {
					"uv": [0, 0, 0.56111, 1.33333],
					"texture": "#0"
				}
			}
		},
		{
			"from": [7.9, 9.05, -4.325],
			"to": [8.1, 9.25, -3.15],
			"rotation": {
				"angle": 0,
				"axis": "y",
				"origin": [6.75, 9.45, -7.5]
			},
			"faces": {
				"north": {
					"uv": [0, 0, 0.47917, 1.32917],
					"texture": "#0"
				},
				"east": {
					"uv": [0, 0, 0.54236, 1.32917],
					"texture": "#0"
				},
				"south": {
					"uv": [0, 0, 0.47917, 1.32917],
					"texture": "#0"
				},
				"west": {
					"uv": [0, 0, 0.54236, 1.32917],
					"texture": "#0"
				},
				"up": {
					"uv": [0, 0, 0.47917, 1.33333],
					"texture": "#0"
				},
				"down": {
					"uv": [0, 0, 0.47917, 1.33333],
					"texture": "#0"
				}
			}
		},
		{
			"from": [7, 8.75, -0.55],
			"to": [9, 9.05, 1.95],
			"rotation": {
				"angle": 0,
				"axis": "y",
				"origin": [6.75, 9.15, -1.4]
			},
			"faces": {
				"north": {
					"uv": [0, 0, 0.61111, 1.33333],
					"texture": "#0"
				},
				"east": {
					"uv": [0, 0, 0.65278, 1.33333],
					"texture": "#0"
				},
				"south": {
					"uv": [0, 0, 0.61111, 1.33333],
					"texture": "#0"
				},
				"west": {
					"uv": [0, 0, 0.65278, 1.33333],
					"texture": "#0"
				},
				"up": {
					"uv": [0, 0, 0.61111, 1.33333],
					"texture": "#0"
				},
				"down": {
					"uv": [0, 0, 0.61111, 1.33333],
					"texture": "#0"
				}
			}
		},
		{
			"from": [7.4, 8.75, -2.55],
			"to": [8.6, 9.05, -1.55],
			"rotation": {
				"angle": 0,
				"axis": "y",
				"origin": [6.75, 9.15, -5.9]
			},
			"faces": {
				"north": {
					"uv": [0, 0, 0.54444, 1.33333],
					"texture": "#0"
				},
				"east": {
					"uv": [0, 0, 0.52778, 1.33333],
					"texture": "#0"
				},
				"south": {
					"uv": [0, 0, 0.54444, 1.33333],
					"texture": "#0"
				},
				"west": {
					"uv": [0, 0, 0.52778, 1.33333],
					"texture": "#0"
				},
				"up": {
					"uv": [0, 0, 0.54444, 1.33333],
					"texture": "#0"
				},
				"down": {
					"uv": [0, 0, 0.54444, 1.33333],
					"texture": "#0"
				}
			}
		},
		{
			"from": [7.6, 8.75, -3.55],
			"to": [8.4, 9.05, -2.55],
			"rotation": {
				"angle": 0,
				"axis": "y",
				"origin": [6.75, 9.15, -6.9]
			},
			"faces": {
				"north": {
					"uv": [0, 0, 0.51111, 1.33333],
					"texture": "#0"
				},
				"east": {
					"uv": [0, 0, 0.52778, 1.33333],
					"texture": "#0"
				},
				"south": {
					"uv": [0, 0, 0.51111, 1.33333],
					"texture": "#0"
				},
				"west": {
					"uv": [0, 0, 0.52778, 1.33333],
					"texture": "#0"
				},
				"up": {
					"uv": [0, 0, 0.51111, 1.33333],
					"texture": "#0"
				},
				"down": {
					"uv": [0, 0, 0.51111, 1.33333],
					"texture": "#0"
				}
			}
		},
		{
			"from": [7.2, 8.75, -1.55],
			"to": [8.8, 9.05, -0.55],
			"rotation": {
				"angle": 0,
				"axis": "y",
				"origin": [6.75, 9.15, -4.9]
			},
			"faces": {
				"north": {
					"uv": [0, 0, 0.57778, 1.33333],
					"texture": "#0"
				},
				"east": {
					"uv": [0, 0, 0.52778, 1.33333],
					"texture": "#0"
				},
				"south": {
					"uv": [0, 0, 0.57778, 1.33333],
					"texture": "#0"
				},
				"west": {
					"uv": [0, 0, 0.52778, 1.33333],
					"texture": "#0"
				},
				"up": {
					"uv": [0, 0, 0.57778, 1.33333],
					"texture": "#0"
				},
				"down": {
					"uv": [0, 0, 0.57778, 1.33333],
					"texture": "#0"
				}
			}
		},
		{
			"from": [7.8, 8.75, -4.55],
			"to": [8.2, 9.05, -3.55],
			"rotation": {
				"angle": 0,
				"axis": "y",
				"origin": [6.75, 9.15, -7.9]
			},
			"faces": {
				"north": {
					"uv": [0, 0, 0.47917, 1.33333],
					"texture": "#0"
				},
				"east": {
					"uv": [0, 0, 0.52778, 1.33333],
					"texture": "#0"
				},
				"south": {
					"uv": [0, 0, 0.47917, 1.33333],
					"texture": "#0"
				},
				"west": {
					"uv": [0, 0, 0.52778, 1.33333],
					"texture": "#0"
				},
				"up": {
					"uv": [0, 0, 0.47917, 1.33333],
					"texture": "#0"
				},
				"down": {
					"uv": [0, 0, 0.47917, 1.33333],
					"texture": "#0"
				}
			}
		},
		{
			"from": [7.7, 8.45, -4.85],
			"to": [8.3, 8.75, -3.85],
			"rotation": {
				"angle": 0,
				"axis": "y",
				"origin": [6.75, 8.85, -8.2]
			},
			"faces": {
				"north": {
					"uv": [0, 0, 0.49444, 1.33333],
					"texture": "#0"
				},
				"east": {
					"uv": [0, 0, 0.52778, 1.33333],
					"texture": "#0"
				},
				"south": {
					"uv": [0, 0, 0.49444, 1.33333],
					"texture": "#0"
				},
				"west": {
					"uv": [0, 0, 0.52778, 1.33333],
					"texture": "#0"
				},
				"up": {
					"uv": [0, 0, 0.49444, 1.33333],
					"texture": "#0"
				},
				"down": {
					"uv": [0, 0, 0.49444, 1.33333],
					"texture": "#0"
				}
			}
		},
		{
			"from": [7.5, 8.45, -3.85],
			"to": [8.5, 8.75, -2.85],
			"rotation": {
				"angle": 0,
				"axis": "y",
				"origin": [6.75, 8.85, -7.2]
			},
			"faces": {
				"north": {
					"uv": [0, 0, 0.52778, 1.33333],
					"texture": "#0"
				},
				"east": {
					"uv": [0, 0, 0.52778, 1.33333],
					"texture": "#0"
				},
				"south": {
					"uv": [0, 0, 0.52778, 1.33333],
					"texture": "#0"
				},
				"west": {
					"uv": [0, 0, 0.52778, 1.33333],
					"texture": "#0"
				},
				"up": {
					"uv": [0, 0, 0.52778, 1.33333],
					"texture": "#0"
				},
				"down": {
					"uv": [0, 0, 0.52778, 1.33333],
					"texture": "#0"
				}
			}
		},
		{
			"from": [7.3, 8.45, -2.85],
			"to": [8.7, 8.75, -1.85],
			"rotation": {
				"angle": 0,
				"axis": "y",
				"origin": [6.75, 8.85, -6.2]
			},
			"faces": {
				"north": {
					"uv": [0, 0, 0.56111, 1.33333],
					"texture": "#0"
				},
				"east": {
					"uv": [0, 0, 0.52778, 1.33333],
					"texture": "#0"
				},
				"south": {
					"uv": [0, 0, 0.56111, 1.33333],
					"texture": "#0"
				},
				"west": {
					"uv": [0, 0, 0.52778, 1.33333],
					"texture": "#0"
				},
				"up": {
					"uv": [0, 0, 0.56111, 1.33333],
					"texture": "#0"
				},
				"down": {
					"uv": [0, 0, 0.56111, 1.33333],
					"texture": "#0"
				}
			}
		},
		{
			"from": [7.1, 8.45, -1.85],
			"to": [8.9, 8.75, -0.85],
			"rotation": {
				"angle": 0,
				"axis": "y",
				"origin": [6.75, 8.85, -5.2]
			},
			"faces": {
				"north": {
					"uv": [0, 0, 0.59444, 1.33333],
					"texture": "#0"
				},
				"east": {
					"uv": [0, 0, 0.52778, 1.33333],
					"texture": "#0"
				},
				"south": {
					"uv": [0, 0, 0.59444, 1.33333],
					"texture": "#0"
				},
				"west": {
					"uv": [0, 0, 0.52778, 1.33333],
					"texture": "#0"
				},
				"up": {
					"uv": [0, 0, 0.59444, 1.33333],
					"texture": "#0"
				},
				"down": {
					"uv": [0, 0, 0.59444, 1.33333],
					"texture": "#0"
				}
			}
		},
		{
			"from": [6.9, 8.45, -0.85],
			"to": [9.1, 8.75, 1.65],
			"rotation": {
				"angle": 0,
				"axis": "y",
				"origin": [6.75, 8.85, -1.7]
			},
			"faces": {
				"north": {
					"uv": [0, 0, 0.62778, 1.33333],
					"texture": "#0"
				},
				"east": {
					"uv": [0, 0, 0.65278, 1.33333],
					"texture": "#0"
				},
				"south": {
					"uv": [0, 0, 0.62778, 1.33333],
					"texture": "#0"
				},
				"west": {
					"uv": [0, 0, 0.65278, 1.33333],
					"texture": "#0"
				},
				"up": {
					"uv": [0, 0, 0.62778, 1.33333],
					"texture": "#0"
				},
				"down": {
					"uv": [0, 0, 0.62778, 1.33333],
					"texture": "#0"
				}
			}
		},
		{
			"from": [6.875, 8.15, -0.55],
			"to": [6.9, 8.65, 0.35],
			"rotation": {
				"angle": 0,
				"axis": "y",
				"origin": [6.65, 8.35, -1.9]
			},
			"faces": {
				"north": {
					"uv": [1.11111, 0.10417, 1.1875, 0.17917],
					"texture": "#0"
				},
				"east": {
					"uv": [1.11111, 0.10417, 1.23611, 0.17917],
					"texture": "#0"
				},
				"south": {
					"uv": [1.11111, 0.10417, 1.1875, 0.17917],
					"texture": "#0"
				},
				"west": {
					"uv": [1.11111, 0.10417, 1.23611, 0.17917],
					"texture": "#0"
				},
				"up": {
					"uv": [1.11111, 0.10417, 1.1875, 0.1875],
					"texture": "#0"
				},
				"down": {
					"uv": [1.11111, 0.10417, 1.1875, 0.1875],
					"texture": "#0"
				}
			}
		},
		{
			"from": [6.875, 7.95, -0.35],
			"to": [6.9, 8.85, 0.15],
			"rotation": {
				"angle": 0,
				"axis": "y",
				"origin": [6.65, 8.35, -1.9]
			},
			"faces": {
				"north": {
					"uv": [1.11111, 0.10417, 1.1875, 0.17917],
					"texture": "#0"
				},
				"east": {
					"uv": [1.11111, 0.10417, 1.23611, 0.17917],
					"texture": "#0"
				},
				"south": {
					"uv": [1.11111, 0.10417, 1.1875, 0.17917],
					"texture": "#0"
				},
				"west": {
					"uv": [1.11111, 0.10417, 1.23611, 0.17917],
					"texture": "#0"
				},
				"up": {
					"uv": [1.11111, 0.10417, 1.1875, 0.1875],
					"texture": "#0"
				},
				"down": {
					"uv": [1.11111, 0.10417, 1.1875, 0.1875],
					"texture": "#0"
				}
			}
		},
		{
			"from": [9.1, 8.15, -0.55],
			"to": [9.125, 8.65, 0.35],
			"rotation": {
				"angle": 0,
				"axis": "y",
				"origin": [8.875, 8.35, -1.9]
			},
			"faces": {
				"north": {
					"uv": [12.02778, 0.85417, 15.27083, 3.17917],
					"texture": "#0"
				},
				"east": {
					"uv": [12.02778, 0.85417, 15.31944, 3.17917],
					"texture": "#0"
				},
				"south": {
					"uv": [12.02778, 0.85417, 15.27083, 3.17917],
					"texture": "#0"
				},
				"west": {
					"uv": [12.02778, 0.85417, 15.31944, 3.17917],
					"texture": "#0"
				},
				"up": {
					"uv": [12.02778, 0.85417, 15.27083, 3.1875],
					"texture": "#0"
				},
				"down": {
					"uv": [12.02778, 0.85417, 15.27083, 3.1875],
					"texture": "#0"
				}
			}
		},
		{
			"from": [9.1, 7.95, -0.35],
			"to": [9.125, 8.85, 0.15],
			"rotation": {
				"angle": 0,
				"axis": "y",
				"origin": [8.875, 8.35, -1.9]
			},
			"faces": {
				"north": {
					"uv": [12.02778, 0.85417, 15.27083, 3.17917],
					"texture": "#0"
				},
				"east": {
					"uv": [12.02778, 0.85417, 15.31944, 3.17917],
					"texture": "#0"
				},
				"south": {
					"uv": [12.02778, 0.85417, 15.27083, 3.17917],
					"texture": "#0"
				},
				"west": {
					"uv": [12.02778, 0.85417, 15.31944, 3.17917],
					"texture": "#0"
				},
				"up": {
					"uv": [12.02778, 0.85417, 15.27083, 3.1875],
					"texture": "#0"
				},
				"down": {
					"uv": [12.02778, 0.85417, 15.27083, 3.1875],
					"texture": "#0"
				}
			}
		},
		{
			"from": [6.9, 8.15, -1.05],
			"to": [9.1, 8.45, 1.45],
			"rotation": {
				"angle": 0,
				"axis": "y",
				"origin": [6.75, 8.55, -1.9]
			},
			"faces": {
				"north": {
					"uv": [0, 0, 0.62778, 1.33333],
					"texture": "#0"
				},
				"east": {
					"uv": [0, 0, 0.65278, 1.33333],
					"texture": "#0"
				},
				"south": {
					"uv": [0, 0, 0.62778, 1.33333],
					"texture": "#0"
				},
				"west": {
					"uv": [0, 0, 0.65278, 1.33333],
					"texture": "#0"
				},
				"up": {
					"uv": [0, 0, 0.62778, 1.33333],
					"texture": "#0"
				},
				"down": {
					"uv": [0, 0, 0.62778, 1.33333],
					"texture": "#0"
				}
			}
		},
		{
			"from": [7.1, 8.15, -2.05],
			"to": [8.9, 8.45, -1.05],
			"rotation": {
				"angle": 0,
				"axis": "y",
				"origin": [6.75, 8.55, -5.4]
			},
			"faces": {
				"north": {
					"uv": [0, 0, 0.59444, 1.33333],
					"texture": "#0"
				},
				"east": {
					"uv": [0, 0, 0.52778, 1.33333],
					"texture": "#0"
				},
				"south": {
					"uv": [0, 0, 0.59444, 1.33333],
					"texture": "#0"
				},
				"west": {
					"uv": [0, 0, 0.52778, 1.33333],
					"texture": "#0"
				},
				"up": {
					"uv": [0, 0, 0.59444, 1.33333],
					"texture": "#0"
				},
				"down": {
					"uv": [0, 0, 0.59444, 1.33333],
					"texture": "#0"
				}
			}
		},
		{
			"from": [7.3, 8.15, -3.05],
			"to": [8.7, 8.45, -2.05],
			"rotation": {
				"angle": 0,
				"axis": "y",
				"origin": [6.75, 8.55, -6.4]
			},
			"faces": {
				"north": {
					"uv": [0, 0, 0.56111, 1.33333],
					"texture": "#0"
				},
				"east": {
					"uv": [0, 0, 0.52778, 1.33333],
					"texture": "#0"
				},
				"south": {
					"uv": [0, 0, 0.56111, 1.33333],
					"texture": "#0"
				},
				"west": {
					"uv": [0, 0, 0.52778, 1.33333],
					"texture": "#0"
				},
				"up": {
					"uv": [0, 0, 0.56111, 1.33333],
					"texture": "#0"
				},
				"down": {
					"uv": [0, 0, 0.56111, 1.33333],
					"texture": "#0"
				}
			}
		},
		{
			"from": [7.5, 8.15, -4.05],
			"to": [8.5, 8.45, -3.05],
			"rotation": {
				"angle": 0,
				"axis": "y",
				"origin": [6.75, 8.55, -7.4]
			},
			"faces": {
				"north": {
					"uv": [0, 0, 0.52778, 1.33333],
					"texture": "#0"
				},
				"east": {
					"uv": [0, 0, 0.52778, 1.33333],
					"texture": "#0"
				},
				"south": {
					"uv": [0, 0, 0.52778, 1.33333],
					"texture": "#0"
				},
				"west": {
					"uv": [0, 0, 0.52778, 1.33333],
					"texture": "#0"
				},
				"up": {
					"uv": [0, 0, 0.52778, 1.33333],
					"texture": "#0"
				},
				"down": {
					"uv": [0, 0, 0.52778, 1.33333],
					"texture": "#0"
				}
			}
		},
		{
			"from": [7.7, 8.15, -5.05],
			"to": [8.3, 8.45, -4.05],
			"rotation": {
				"angle": 0,
				"axis": "y",
				"origin": [6.75, 8.55, -8.4]
			},
			"faces": {
				"north": {
					"uv": [0, 0, 0.49444, 1.33333],
					"texture": "#0"
				},
				"east": {
					"uv": [0, 0, 0.52778, 1.33333],
					"texture": "#0"
				},
				"south": {
					"uv": [0, 0, 0.49444, 1.33333],
					"texture": "#0"
				},
				"west": {
					"uv": [0, 0, 0.52778, 1.33333],
					"texture": "#0"
				},
				"up": {
					"uv": [0, 0, 0.49444, 1.33333],
					"texture": "#0"
				},
				"down": {
					"uv": [0, 0, 0.49444, 1.33333],
					"texture": "#0"
				}
			}
		},
		{
			"from": [7.9, 6.075, -3.925],
			"to": [8.1, 6.45, -3.2],
			"rotation": {
				"angle": -45,
				"axis": "x",
				"origin": [6.75, 6.475, -7.175]
			},
			"faces": {
				"north": {
					"uv": [0, 0, 0.47917, 1.33333],
					"texture": "#0"
				},
				"east": {
					"uv": [0, 0, 0.50486, 1.33333],
					"texture": "#0"
				},
				"south": {
					"uv": [0, 0, 0.47917, 1.33333],
					"texture": "#0"
				},
				"west": {
					"uv": [0, 0, 0.50486, 1.33333],
					"texture": "#0"
				},
				"up": {
					"uv": [0, 0, 0.47917, 1.33333],
					"texture": "#0"
				},
				"down": {
					"uv": [0, 0, 0.47917, 1.33333],
					"texture": "#0"
				}
			}
		},
		{
			"from": [7.7, 5.45, -4.525],
			"to": [8.3, 5.775, -3.725],
			"rotation": {
				"angle": -45,
				"axis": "x",
				"origin": [6.75, 5.85, -7.775]
			},
			"faces": {
				"north": {
					"uv": [0, 0, 0.49444, 1.33333],
					"texture": "#0"
				},
				"east": {
					"uv": [0, 0, 0.51111, 1.33333],
					"texture": "#0"
				},
				"south": {
					"uv": [0, 0, 0.49444, 1.33333],
					"texture": "#0"
				},
				"west": {
					"uv": [0, 0, 0.51111, 1.33333],
					"texture": "#0"
				},
				"up": {
					"uv": [0, 0, 0.49444, 1.33333],
					"texture": "#0"
				},
				"down": {
					"uv": [0, 0, 0.49444, 1.33333],
					"texture": "#0"
				}
			}
		},
		{
			"from": [7.7, 7.85, -5.15],
			"to": [8.3, 8.15, -4.15],
			"rotation": {
				"angle": 0,
				"axis": "y",
				"origin": [6.75, 8.25, -8.4]
			},
			"faces": {
				"north": {
					"uv": [0, 0, 0.49444, 1.33333],
					"texture": "#0"
				},
				"east": {
					"uv": [0, 0, 0.52778, 1.33333],
					"texture": "#0"
				},
				"south": {
					"uv": [0, 0, 0.49444, 1.33333],
					"texture": "#0"
				},
				"west": {
					"uv": [0, 0, 0.52778, 1.33333],
					"texture": "#0"
				},
				"up": {
					"uv": [0, 0, 0.49444, 1.33333],
					"texture": "#0"
				},
				"down": {
					"uv": [0, 0, 0.49444, 1.33333],
					"texture": "#0"
				}
			}
		},
		{
			"from": [7.5, 5.7, -3.45],
			"to": [7.75, 6.025, -2.4],
			"rotation": {
				"angle": -45,
				"axis": "x",
				"origin": [6, 6.125, -6.7]
			},
			"faces": {
				"north": {
					"uv": [0, 0, 0.52778, 1.33333],
					"texture": "#0"
				},
				"east": {
					"uv": [0, 0, 0.52778, 1.33333],
					"texture": "#0"
				},
				"south": {
					"uv": [0, 0, 0.52778, 1.33333],
					"texture": "#0"
				},
				"west": {
					"uv": [0, 0, 0.52778, 1.33333],
					"texture": "#0"
				},
				"up": {
					"uv": [0, 0, 0.52778, 1.33333],
					"texture": "#0"
				},
				"down": {
					"uv": [0, 0, 0.52778, 1.33333],
					"texture": "#0"
				}
			}
		},
		{
			"from": [8.25, 5.7, -3.45],
			"to": [8.5, 6.025, -2.4],
			"rotation": {
				"angle": -45,
				"axis": "x",
				"origin": [6.75, 6.125, -6.7]
			},
			"faces": {
				"north": {
					"uv": [0, 0, 0.52778, 1.33333],
					"texture": "#0"
				},
				"east": {
					"uv": [0, 0, 0.52778, 1.33333],
					"texture": "#0"
				},
				"south": {
					"uv": [0, 0, 0.52778, 1.33333],
					"texture": "#0"
				},
				"west": {
					"uv": [0, 0, 0.52778, 1.33333],
					"texture": "#0"
				},
				"up": {
					"uv": [0, 0, 0.52778, 1.33333],
					"texture": "#0"
				},
				"down": {
					"uv": [0, 0, 0.52778, 1.33333],
					"texture": "#0"
				}
			}
		},
		{
			"from": [7.5, 7.85, -4.15],
			"to": [8.5, 8.15, -3.15],
			"rotation": {
				"angle": 0,
				"axis": "y",
				"origin": [6.75, 8.25, -7.4]
			},
			"faces": {
				"north": {
					"uv": [0, 0, 0.52778, 1.33333],
					"texture": "#0"
				},
				"east": {
					"uv": [0, 0, 0.52778, 1.33333],
					"texture": "#0"
				},
				"south": {
					"uv": [0, 0, 0.52778, 1.33333],
					"texture": "#0"
				},
				"west": {
					"uv": [0, 0, 0.52778, 1.33333],
					"texture": "#0"
				},
				"up": {
					"uv": [0, 0, 0.52778, 1.33333],
					"texture": "#0"
				},
				"down": {
					"uv": [0, 0, 0.52778, 1.33333],
					"texture": "#0"
				}
			}
		},
		{
			"from": [7.3, 7.85, -3.15],
			"to": [8.7, 8.15, -2.15],
			"rotation": {
				"angle": 0,
				"axis": "y",
				"origin": [6.75, 8.25, -6.4]
			},
			"faces": {
				"north": {
					"uv": [0, 0, 0.56111, 1.33333],
					"texture": "#0"
				},
				"east": {
					"uv": [0, 0, 0.52778, 1.33333],
					"texture": "#0"
				},
				"south": {
					"uv": [0, 0, 0.56111, 1.33333],
					"texture": "#0"
				},
				"west": {
					"uv": [0, 0, 0.52778, 1.33333],
					"texture": "#0"
				},
				"up": {
					"uv": [0, 0, 0.56111, 1.33333],
					"texture": "#0"
				},
				"down": {
					"uv": [0, 0, 0.56111, 1.33333],
					"texture": "#0"
				}
			}
		},
		{
			"from": [7.1, 7.85, -2.15],
			"to": [8.9, 8.15, -1.15],
			"rotation": {
				"angle": 0,
				"axis": "y",
				"origin": [6.75, 8.25, -5.4]
			},
			"faces": {
				"north": {
					"uv": [0, 0, 0.59444, 1.33333],
					"texture": "#0"
				},
				"east": {
					"uv": [0, 0, 0.52778, 1.33333],
					"texture": "#0"
				},
				"south": {
					"uv": [0, 0, 0.59444, 1.33333],
					"texture": "#0"
				},
				"west": {
					"uv": [0, 0, 0.52778, 1.33333],
					"texture": "#0"
				},
				"up": {
					"uv": [0, 0, 0.59444, 1.33333],
					"texture": "#0"
				},
				"down": {
					"uv": [0, 0, 0.59444, 1.33333],
					"texture": "#0"
				}
			}
		},
		{
			"from": [6.9, 7.85, -1.15],
			"to": [9.1, 8.15, 1.35],
			"rotation": {
				"angle": 0,
				"axis": "y",
				"origin": [6.75, 8.25, -1.9]
			},
			"faces": {
				"north": {
					"uv": [0, 0, 0.62778, 1.33333],
					"texture": "#0"
				},
				"east": {
					"uv": [0, 0, 0.65278, 1.33333],
					"texture": "#0"
				},
				"south": {
					"uv": [0, 0, 0.62778, 1.33333],
					"texture": "#0"
				},
				"west": {
					"uv": [0, 0, 0.65278, 1.33333],
					"texture": "#0"
				},
				"up": {
					"uv": [0, 0, 0.62778, 1.33333],
					"texture": "#0"
				},
				"down": {
					"uv": [0, 0, 0.62778, 1.33333],
					"texture": "#0"
				}
			}
		},
		{
			"from": [7.4, 5.8, 0.35],
			"to": [8.6, 5.9, 2.75],
			"rotation": {
				"angle": 0,
				"axis": "y",
				"origin": [6.75, 6, -0.4]
			},
			"faces": {
				"north": {
					"uv": [0, 0, 0.54444, 1.32083],
					"texture": "#0"
				},
				"east": {
					"uv": [0, 0, 0.64444, 1.32083],
					"texture": "#0"
				},
				"south": {
					"uv": [0, 0, 0.54444, 1.32083],
					"texture": "#0"
				},
				"west": {
					"uv": [0, 0, 0.64444, 1.32083],
					"texture": "#0"
				},
				"up": {
					"uv": [0, 0, 0.54444, 1.33333],
					"texture": "#0"
				},
				"down": {
					"uv": [0, 0, 0.54444, 1.33333],
					"texture": "#0"
				}
			}
		},
		{
			"from": [7.8, 5.8, -1.65],
			"to": [8.2, 5.9, -0.65],
			"rotation": {
				"angle": 0,
				"axis": "y",
				"origin": [6.75, 6, -4.9]
			},
			"faces": {
				"north": {
					"uv": [0, 0, 0.47917, 1.32083],
					"texture": "#0"
				},
				"east": {
					"uv": [0, 0, 0.52778, 1.32083],
					"texture": "#0"
				},
				"south": {
					"uv": [0, 0, 0.47917, 1.32083],
					"texture": "#0"
				},
				"west": {
					"uv": [0, 0, 0.52778, 1.32083],
					"texture": "#0"
				},
				"up": {
					"uv": [0, 0, 0.47917, 1.33333],
					"texture": "#0"
				},
				"down": {
					"uv": [0, 0, 0.47917, 1.33333],
					"texture": "#0"
				}
			}
		},
		{
			"from": [7.6, 5.8, -0.65],
			"to": [8.4, 5.9, 0.35],
			"rotation": {
				"angle": 0,
				"axis": "y",
				"origin": [6.75, 6, -3.9]
			},
			"faces": {
				"north": {
					"uv": [0, 0, 0.51111, 1.32083],
					"texture": "#0"
				},
				"east": {
					"uv": [0, 0, 0.52778, 1.32083],
					"texture": "#0"
				},
				"south": {
					"uv": [0, 0, 0.51111, 1.32083],
					"texture": "#0"
				},
				"west": {
					"uv": [0, 0, 0.52778, 1.32083],
					"texture": "#0"
				},
				"up": {
					"uv": [0, 0, 0.51111, 1.33333],
					"texture": "#0"
				},
				"down": {
					"uv": [0, 0, 0.51111, 1.33333],
					"texture": "#0"
				}
			}
		},
		{
			"from": [7.2, 5.9, -0.25],
			"to": [8.8, 6.1, 2.15],
			"rotation": {
				"angle": 0,
				"axis": "y",
				"origin": [6.75, 6.2, -1]
			},
			"faces": {
				"north": {
					"uv": [0, 0, 0.57778, 1.32917],
					"texture": "#0"
				},
				"east": {
					"uv": [0, 0, 0.64444, 1.32917],
					"texture": "#0"
				},
				"south": {
					"uv": [0, 0, 0.57778, 1.32917],
					"texture": "#0"
				},
				"west": {
					"uv": [0, 0, 0.64444, 1.32917],
					"texture": "#0"
				},
				"up": {
					"uv": [0, 0, 0.57778, 1.33333],
					"texture": "#0"
				},
				"down": {
					"uv": [0, 0, 0.57778, 1.33333],
					"texture": "#0"
				}
			}
		},
		{
			"from": [7.8, 5.9, -3.25],
			"to": [8.2, 6.1, -2.25],
			"rotation": {
				"angle": 0,
				"axis": "y",
				"origin": [6.75, 6.2, -6.5]
			},
			"faces": {
				"north": {
					"uv": [0, 0, 0.47917, 1.32917],
					"texture": "#0"
				},
				"east": {
					"uv": [0, 0, 0.52778, 1.32917],
					"texture": "#0"
				},
				"south": {
					"uv": [0, 0, 0.47917, 1.32917],
					"texture": "#0"
				},
				"west": {
					"uv": [0, 0, 0.52778, 1.32917],
					"texture": "#0"
				},
				"up": {
					"uv": [0, 0, 0.47917, 1.33333],
					"texture": "#0"
				},
				"down": {
					"uv": [0, 0, 0.47917, 1.33333],
					"texture": "#0"
				}
			}
		},
		{
			"from": [7.6, 5.9, -2.25],
			"to": [8.4, 6.1, -1.25],
			"rotation": {
				"angle": 0,
				"axis": "y",
				"origin": [6.75, 6.2, -5.5]
			},
			"faces": {
				"north": {
					"uv": [0, 0, 0.51111, 1.32917],
					"texture": "#0"
				},
				"east": {
					"uv": [0, 0, 0.52778, 1.32917],
					"texture": "#0"
				},
				"south": {
					"uv": [0, 0, 0.51111, 1.32917],
					"texture": "#0"
				},
				"west": {
					"uv": [0, 0, 0.52778, 1.32917],
					"texture": "#0"
				},
				"up": {
					"uv": [0, 0, 0.51111, 1.33333],
					"texture": "#0"
				},
				"down": {
					"uv": [0, 0, 0.51111, 1.33333],
					"texture": "#0"
				}
			}
		},
		{
			"from": [7.4, 5.9, -1.25],
			"to": [8.6, 6.1, -0.25],
			"rotation": {
				"angle": 0,
				"axis": "y",
				"origin": [6.75, 6.2, -4.5]
			},
			"faces": {
				"north": {
					"uv": [0, 0, 0.54444, 1.32917],
					"texture": "#0"
				},
				"east": {
					"uv": [0, 0, 0.52778, 1.32917],
					"texture": "#0"
				},
				"south": {
					"uv": [0, 0, 0.54444, 1.32917],
					"texture": "#0"
				},
				"west": {
					"uv": [0, 0, 0.52778, 1.32917],
					"texture": "#0"
				},
				"up": {
					"uv": [0, 0, 0.54444, 1.33333],
					"texture": "#0"
				},
				"down": {
					"uv": [0, 0, 0.54444, 1.33333],
					"texture": "#0"
				}
			}
		},
		{
			"from": [7.9, 6.1, -4.65],
			"to": [8.1, 6.3, -3.65],
			"rotation": {
				"angle": 0,
				"axis": "y",
				"origin": [6.75, 6.4, -7.9]
			},
			"faces": {
				"north": {
					"uv": [0, 0, 0.47917, 1.32917],
					"texture": "#0"
				},
				"east": {
					"uv": [0, 0, 0.52778, 1.32917],
					"texture": "#0"
				},
				"south": {
					"uv": [0, 0, 0.47917, 1.32917],
					"texture": "#0"
				},
				"west": {
					"uv": [0, 0, 0.52778, 1.32917],
					"texture": "#0"
				},
				"up": {
					"uv": [0, 0, 0.47917, 1.33333],
					"texture": "#0"
				},
				"down": {
					"uv": [0, 0, 0.47917, 1.33333],
					"texture": "#0"
				}
			}
		},
		{
			"from": [7.7, 6.1, -3.65],
			"to": [8.3, 6.3, -2.65],
			"rotation": {
				"angle": 0,
				"axis": "y",
				"origin": [6.75, 6.4, -6.9]
			},
			"faces": {
				"north": {
					"uv": [0, 0, 0.49444, 1.32917],
					"texture": "#0"
				},
				"east": {
					"uv": [0, 0, 0.52778, 1.32917],
					"texture": "#0"
				},
				"south": {
					"uv": [0, 0, 0.49444, 1.32917],
					"texture": "#0"
				},
				"west": {
					"uv": [0, 0, 0.52778, 1.32917],
					"texture": "#0"
				},
				"up": {
					"uv": [0, 0, 0.49444, 1.33333],
					"texture": "#0"
				},
				"down": {
					"uv": [0, 0, 0.49444, 1.33333],
					"texture": "#0"
				}
			}
		},
		{
			"from": [7.5, 6.1, -2.65],
			"to": [8.5, 6.3, -1.65],
			"rotation": {
				"angle": 0,
				"axis": "y",
				"origin": [6.75, 6.4, -5.9]
			},
			"faces": {
				"north": {
					"uv": [0, 0, 0.52778, 1.32917],
					"texture": "#0"
				},
				"east": {
					"uv": [0, 0, 0.52778, 1.32917],
					"texture": "#0"
				},
				"south": {
					"uv": [0, 0, 0.52778, 1.32917],
					"texture": "#0"
				},
				"west": {
					"uv": [0, 0, 0.52778, 1.32917],
					"texture": "#0"
				},
				"up": {
					"uv": [0, 0, 0.52778, 1.33333],
					"texture": "#0"
				},
				"down": {
					"uv": [0, 0, 0.52778, 1.33333],
					"texture": "#0"
				}
			}
		},
		{
			"from": [7.3, 6.1, -1.65],
			"to": [8.7, 6.3, -0.65],
			"rotation": {
				"angle": 0,
				"axis": "y",
				"origin": [6.75, 6.4, -4.9]
			},
			"faces": {
				"north": {
					"uv": [0, 0, 0.56111, 1.32917],
					"texture": "#0"
				},
				"east": {
					"uv": [0, 0, 0.52778, 1.32917],
					"texture": "#0"
				},
				"south": {
					"uv": [0, 0, 0.56111, 1.32917],
					"texture": "#0"
				},
				"west": {
					"uv": [0, 0, 0.52778, 1.32917],
					"texture": "#0"
				},
				"up": {
					"uv": [0, 0, 0.56111, 1.33333],
					"texture": "#0"
				},
				"down": {
					"uv": [0, 0, 0.56111, 1.33333],
					"texture": "#0"
				}
			}
		},
		{
			"from": [7.1, 6.1, -0.65],
			"to": [8.9, 6.3, 1.75],
			"rotation": {
				"angle": 0,
				"axis": "y",
				"origin": [6.75, 6.4, -1.4]
			},
			"faces": {
				"north": {
					"uv": [0, 0, 0.59444, 1.32917],
					"texture": "#0"
				},
				"east": {
					"uv": [0, 0, 0.64444, 1.32917],
					"texture": "#0"
				},
				"south": {
					"uv": [0, 0, 0.59444, 1.32917],
					"texture": "#0"
				},
				"west": {
					"uv": [0, 0, 0.64444, 1.32917],
					"texture": "#0"
				},
				"up": {
					"uv": [0, 0, 0.59444, 1.33333],
					"texture": "#0"
				},
				"down": {
					"uv": [0, 0, 0.59444, 1.33333],
					"texture": "#0"
				}
			}
		},
		{
			"from": [7.8, 6.3, -4.95],
			"to": [8.2, 6.6, -3.95],
			"rotation": {
				"angle": 0,
				"axis": "y",
				"origin": [6.75, 6.7, -8.2]
			},
			"faces": {
				"north": {
					"uv": [0, 0, 0.47917, 1.33333],
					"texture": "#0"
				},
				"east": {
					"uv": [0, 0, 0.52778, 1.33333],
					"texture": "#0"
				},
				"south": {
					"uv": [0, 0, 0.47917, 1.33333],
					"texture": "#0"
				},
				"west": {
					"uv": [0, 0, 0.52778, 1.33333],
					"texture": "#0"
				},
				"up": {
					"uv": [0, 0, 0.47917, 1.33333],
					"texture": "#0"
				},
				"down": {
					"uv": [0, 0, 0.47917, 1.33333],
					"texture": "#0"
				}
			}
		},
		{
			"from": [7.6, 6.3, -3.95],
			"to": [8.4, 6.6, -2.95],
			"rotation": {
				"angle": 0,
				"axis": "y",
				"origin": [6.75, 6.7, -7.2]
			},
			"faces": {
				"north": {
					"uv": [0, 0, 0.51111, 1.33333],
					"texture": "#0"
				},
				"east": {
					"uv": [0, 0, 0.52778, 1.33333],
					"texture": "#0"
				},
				"south": {
					"uv": [0, 0, 0.51111, 1.33333],
					"texture": "#0"
				},
				"west": {
					"uv": [0, 0, 0.52778, 1.33333],
					"texture": "#0"
				},
				"up": {
					"uv": [0, 0, 0.51111, 1.33333],
					"texture": "#0"
				},
				"down": {
					"uv": [0, 0, 0.51111, 1.33333],
					"texture": "#0"
				}
			}
		},
		{
			"from": [7.4, 6.3, -2.95],
			"to": [8.6, 6.6, -1.95],
			"rotation": {
				"angle": 0,
				"axis": "y",
				"origin": [6.75, 6.7, -6.2]
			},
			"faces": {
				"north": {
					"uv": [0, 0, 0.54444, 1.33333],
					"texture": "#0"
				},
				"east": {
					"uv": [0, 0, 0.52778, 1.33333],
					"texture": "#0"
				},
				"south": {
					"uv": [0, 0, 0.54444, 1.33333],
					"texture": "#0"
				},
				"west": {
					"uv": [0, 0, 0.52778, 1.33333],
					"texture": "#0"
				},
				"up": {
					"uv": [0, 0, 0.54444, 1.33333],
					"texture": "#0"
				},
				"down": {
					"uv": [0, 0, 0.54444, 1.33333],
					"texture": "#0"
				}
			}
		},
		{
			"from": [7.2, 6.3, -1.95],
			"to": [8.8, 6.6, -0.95],
			"rotation": {
				"angle": 0,
				"axis": "y",
				"origin": [6.75, 6.7, -5.2]
			},
			"faces": {
				"north": {
					"uv": [0, 0, 0.57778, 1.33333],
					"texture": "#0"
				},
				"east": {
					"uv": [0, 0, 0.52778, 1.33333],
					"texture": "#0"
				},
				"south": {
					"uv": [0, 0, 0.57778, 1.33333],
					"texture": "#0"
				},
				"west": {
					"uv": [0, 0, 0.52778, 1.33333],
					"texture": "#0"
				},
				"up": {
					"uv": [0, 0, 0.57778, 1.33333],
					"texture": "#0"
				},
				"down": {
					"uv": [0, 0, 0.57778, 1.33333],
					"texture": "#0"
				}
			}
		},
		{
			"from": [7, 6.3, -0.95],
			"to": [9, 6.6, 1.45],
			"rotation": {
				"angle": 0,
				"axis": "y",
				"origin": [6.75, 6.7, -1.7]
			},
			"faces": {
				"north": {
					"uv": [0, 0, 0.61111, 1.33333],
					"texture": "#0"
				},
				"east": {
					"uv": [0, 0, 0.64444, 1.33333],
					"texture": "#0"
				},
				"south": {
					"uv": [0, 0, 0.61111, 1.33333],
					"texture": "#0"
				},
				"west": {
					"uv": [0, 0, 0.64444, 1.33333],
					"texture": "#0"
				},
				"up": {
					"uv": [0, 0, 0.61111, 1.33333],
					"texture": "#0"
				},
				"down": {
					"uv": [0, 0, 0.61111, 1.33333],
					"texture": "#0"
				}
			}
		},
		{
			"from": [7.7, 6.6, -5.15],
			"to": [8.3, 6.9, -4.15],
			"rotation": {
				"angle": 0,
				"axis": "y",
				"origin": [6.75, 7, -8.4]
			},
			"faces": {
				"north": {
					"uv": [0, 0, 0.49444, 1.33333],
					"texture": "#0"
				},
				"east": {
					"uv": [0, 0, 0.52778, 1.33333],
					"texture": "#0"
				},
				"south": {
					"uv": [0, 0, 0.49444, 1.33333],
					"texture": "#0"
				},
				"west": {
					"uv": [0, 0, 0.52778, 1.33333],
					"texture": "#0"
				},
				"up": {
					"uv": [0, 0, 0.49444, 1.33333],
					"texture": "#0"
				},
				"down": {
					"uv": [0, 0, 0.49444, 1.33333],
					"texture": "#0"
				}
			}
		},
		{
			"from": [7.5, 6.6, -4.15],
			"to": [8.5, 6.9, -3.15],
			"rotation": {
				"angle": 0,
				"axis": "y",
				"origin": [6.75, 7, -7.4]
			},
			"faces": {
				"north": {
					"uv": [0, 0, 0.52778, 1.33333],
					"texture": "#0"
				},
				"east": {
					"uv": [0, 0, 0.52778, 1.33333],
					"texture": "#0"
				},
				"south": {
					"uv": [0, 0, 0.52778, 1.33333],
					"texture": "#0"
				},
				"west": {
					"uv": [0, 0, 0.52778, 1.33333],
					"texture": "#0"
				},
				"up": {
					"uv": [0, 0, 0.52778, 1.33333],
					"texture": "#0"
				},
				"down": {
					"uv": [0, 0, 0.52778, 1.33333],
					"texture": "#0"
				}
			}
		},
		{
			"from": [7.3, 6.6, -3.15],
			"to": [8.7, 6.9, -2.15],
			"rotation": {
				"angle": 0,
				"axis": "y",
				"origin": [6.75, 7, -6.4]
			},
			"faces": {
				"north": {
					"uv": [0, 0, 0.56111, 1.33333],
					"texture": "#0"
				},
				"east": {
					"uv": [0, 0, 0.52778, 1.33333],
					"texture": "#0"
				},
				"south": {
					"uv": [0, 0, 0.56111, 1.33333],
					"texture": "#0"
				},
				"west": {
					"uv": [0, 0, 0.52778, 1.33333],
					"texture": "#0"
				},
				"up": {
					"uv": [0, 0, 0.56111, 1.33333],
					"texture": "#0"
				},
				"down": {
					"uv": [0, 0, 0.56111, 1.33333],
					"texture": "#0"
				}
			}
		},
		{
			"from": [7.1, 6.6, -2.15],
			"to": [8.9, 6.9, -1.15],
			"rotation": {
				"angle": 0,
				"axis": "y",
				"origin": [6.75, 7, -5.4]
			},
			"faces": {
				"north": {
					"uv": [0, 0, 0.59444, 1.33333],
					"texture": "#0"
				},
				"east": {
					"uv": [0, 0, 0.52778, 1.33333],
					"texture": "#0"
				},
				"south": {
					"uv": [0, 0, 0.59444, 1.33333],
					"texture": "#0"
				},
				"west": {
					"uv": [0, 0, 0.52778, 1.33333],
					"texture": "#0"
				},
				"up": {
					"uv": [0, 0, 0.59444, 1.33333],
					"texture": "#0"
				},
				"down": {
					"uv": [0, 0, 0.59444, 1.33333],
					"texture": "#0"
				}
			}
		},
		{
			"from": [6.9, 6.6, -1.15],
			"to": [9.1, 6.9, 1.25],
			"rotation": {
				"angle": 0,
				"axis": "y",
				"origin": [6.75, 7, -1.9]
			},
			"faces": {
				"north": {
					"uv": [0, 0, 0.62778, 1.33333],
					"texture": "#0"
				},
				"east": {
					"uv": [0, 0, 0.64444, 1.33333],
					"texture": "#0"
				},
				"south": {
					"uv": [0, 0, 0.62778, 1.33333],
					"texture": "#0"
				},
				"west": {
					"uv": [0, 0, 0.64444, 1.33333],
					"texture": "#0"
				},
				"up": {
					"uv": [0, 0, 0.62778, 1.33333],
					"texture": "#0"
				},
				"down": {
					"uv": [0, 0, 0.62778, 1.33333],
					"texture": "#0"
				}
			}
		},
		{
			"from": [7.35, 7.15, -0.75],
			"to": [7.65, 7.4, -0.25],
			"rotation": {
				"angle": 0,
				"axis": "y",
				"origin": [7.75, 6.9, 0]
			},
			"faces": {
				"north": {
					"uv": [11.85417, 0.92361, 15.09722, 3.19444],
					"rotation": 180,
					"texture": "#0"
				},
				"east": {
					"uv": [11.85417, 0.92361, 15.10417, 3.19444],
					"rotation": 180,
					"texture": "#0"
				},
				"south": {
					"uv": [11.85417, 0.92361, 15.09722, 3.19444],
					"rotation": 180,
					"texture": "#0"
				},
				"west": {
					"uv": [11.85417, 0.92361, 15.10417, 3.19444],
					"rotation": 180,
					"texture": "#0"
				},
				"up": {
					"uv": [11.85417, 0.92361, 15.09722, 3.21528],
					"texture": "#0"
				},
				"down": {
					"uv": [11.85417, 0.92361, 15.09722, 3.21528],
					"texture": "#0"
				}
			}
		},
		{
			"from": [7.25, 6.9, -1],
			"to": [7.75, 7.15, 0],
			"rotation": {
				"angle": 0,
				"axis": "y",
				"origin": [7.75, 6.9, 0]
			},
			"faces": {
				"north": {
					"uv": [11.85417, 0.92361, 15.10417, 3.19444],
					"rotation": 180,
					"texture": "#0"
				},
				"east": {
					"uv": [11.85417, 0.92361, 15.14583, 3.19444],
					"rotation": 180,
					"texture": "#0"
				},
				"south": {
					"uv": [11.85417, 0.92361, 15.10417, 3.19444],
					"rotation": 180,
					"texture": "#0"
				},
				"west": {
					"uv": [11.85417, 0.92361, 15.14583, 3.19444],
					"rotation": 180,
					"texture": "#0"
				},
				"up": {
					"uv": [11.85417, 0.92361, 15.10417, 3.25694],
					"texture": "#0"
				},
				"down": {
					"uv": [11.85417, 0.92361, 15.10417, 3.25694],
					"texture": "#0"
				}
			}
		},
		{
			"from": [8.35, 7.15, -0.75],
			"to": [8.65, 7.4, -0.25],
			"rotation": {
				"angle": 0,
				"axis": "y",
				"origin": [7.75, 6.9, 0]
			},
			"faces": {
				"north": {
					"uv": [11.85417, 0.92361, 15.09722, 3.19444],
					"rotation": 180,
					"texture": "#0"
				},
				"east": {
					"uv": [11.85417, 0.92361, 15.10417, 3.19444],
					"rotation": 180,
					"texture": "#0"
				},
				"south": {
					"uv": [11.85417, 0.92361, 15.09722, 3.19444],
					"rotation": 180,
					"texture": "#0"
				},
				"west": {
					"uv": [11.85417, 0.92361, 15.10417, 3.19444],
					"rotation": 180,
					"texture": "#0"
				},
				"up": {
					"uv": [11.85417, 0.92361, 15.09722, 3.21528],
					"texture": "#0"
				},
				"down": {
					"uv": [11.85417, 0.92361, 15.09722, 3.21528],
					"texture": "#0"
				}
			}
		},
		{
			"from": [8.25, 6.9, -1],
			"to": [8.75, 7.15, 0],
			"rotation": {
				"angle": 0,
				"axis": "y",
				"origin": [7.75, 6.9, 0]
			},
			"faces": {
				"north": {
					"uv": [11.85417, 0.92361, 15.10417, 3.19444],
					"rotation": 180,
					"texture": "#0"
				},
				"east": {
					"uv": [11.85417, 0.92361, 15.14583, 3.19444],
					"rotation": 180,
					"texture": "#0"
				},
				"south": {
					"uv": [11.85417, 0.92361, 15.10417, 3.19444],
					"rotation": 180,
					"texture": "#0"
				},
				"west": {
					"uv": [11.85417, 0.92361, 15.14583, 3.19444],
					"rotation": 180,
					"texture": "#0"
				},
				"up": {
					"uv": [11.85417, 0.92361, 15.10417, 3.25694],
					"texture": "#0"
				},
				"down": {
					"uv": [11.85417, 0.92361, 15.10417, 3.25694],
					"texture": "#0"
				}
			}
		},
		{
			"from": [7.35, 7.15, -2.85],
			"to": [7.65, 7.4, -2.35],
			"rotation": {
				"angle": 0,
				"axis": "y",
				"origin": [7.75, 6.9, -2.1]
			},
			"faces": {
				"north": {
					"uv": [11.85417, 0.92361, 15.09722, 3.19444],
					"rotation": 180,
					"texture": "#0"
				},
				"east": {
					"uv": [11.85417, 0.92361, 15.10417, 3.19444],
					"rotation": 180,
					"texture": "#0"
				},
				"south": {
					"uv": [11.85417, 0.92361, 15.09722, 3.19444],
					"rotation": 180,
					"texture": "#0"
				},
				"west": {
					"uv": [11.85417, 0.92361, 15.10417, 3.19444],
					"rotation": 180,
					"texture": "#0"
				},
				"up": {
					"uv": [11.85417, 0.92361, 15.09722, 3.21528],
					"texture": "#0"
				},
				"down": {
					"uv": [11.85417, 0.92361, 15.09722, 3.21528],
					"texture": "#0"
				}
			}
		},
		{
			"from": [7.25, 6.9, -3.1],
			"to": [7.75, 7.15, -2.1],
			"rotation": {
				"angle": 0,
				"axis": "y",
				"origin": [7.75, 6.9, -2.1]
			},
			"faces": {
				"north": {
					"uv": [11.85417, 0.92361, 15.10417, 3.19444],
					"rotation": 180,
					"texture": "#0"
				},
				"east": {
					"uv": [11.85417, 0.92361, 15.14583, 3.19444],
					"rotation": 180,
					"texture": "#0"
				},
				"south": {
					"uv": [11.85417, 0.92361, 15.10417, 3.19444],
					"rotation": 180,
					"texture": "#0"
				},
				"west": {
					"uv": [11.85417, 0.92361, 15.14583, 3.19444],
					"rotation": 180,
					"texture": "#0"
				},
				"up": {
					"uv": [11.85417, 0.92361, 15.10417, 3.25694],
					"texture": "#0"
				},
				"down": {
					"uv": [11.85417, 0.92361, 15.10417, 3.25694],
					"texture": "#0"
				}
			}
		},
		{
			"from": [8.35, 7.15, -2.85],
			"to": [8.65, 7.4, -2.35],
			"rotation": {
				"angle": 0,
				"axis": "y",
				"origin": [7.75, 6.9, -2.1]
			},
			"faces": {
				"north": {
					"uv": [11.85417, 0.92361, 15.09722, 3.19444],
					"rotation": 180,
					"texture": "#0"
				},
				"east": {
					"uv": [11.85417, 0.92361, 15.10417, 3.19444],
					"rotation": 180,
					"texture": "#0"
				},
				"south": {
					"uv": [11.85417, 0.92361, 15.09722, 3.19444],
					"rotation": 180,
					"texture": "#0"
				},
				"west": {
					"uv": [11.85417, 0.92361, 15.10417, 3.19444],
					"rotation": 180,
					"texture": "#0"
				},
				"up": {
					"uv": [11.85417, 0.92361, 15.09722, 3.21528],
					"texture": "#0"
				},
				"down": {
					"uv": [11.85417, 0.92361, 15.09722, 3.21528],
					"texture": "#0"
				}
			}
		},
		{
			"from": [8.25, 6.9, -3.1],
			"to": [8.75, 7.15, -2.1],
			"rotation": {
				"angle": 0,
				"axis": "y",
				"origin": [7.75, 6.9, -2.1]
			},
			"faces": {
				"north": {
					"uv": [11.85417, 0.92361, 15.10417, 3.19444],
					"rotation": 180,
					"texture": "#0"
				},
				"east": {
					"uv": [11.85417, 0.92361, 15.14583, 3.19444],
					"rotation": 180,
					"texture": "#0"
				},
				"south": {
					"uv": [11.85417, 0.92361, 15.10417, 3.19444],
					"rotation": 180,
					"texture": "#0"
				},
				"west": {
					"uv": [11.85417, 0.92361, 15.14583, 3.19444],
					"rotation": 180,
					"texture": "#0"
				},
				"up": {
					"uv": [11.85417, 0.92361, 15.10417, 3.25694],
					"texture": "#0"
				},
				"down": {
					"uv": [11.85417, 0.92361, 15.10417, 3.25694],
					"texture": "#0"
				}
			}
		},
		{
			"from": [8.2, 7.35, -3.65],
			"to": [8.3, 7.6, -3.35],
			"rotation": {
				"angle": 0,
				"axis": "y",
				"origin": [7.5, 5.6, -4]
			},
			"faces": {
				"north": {
					"uv": [11.85417, 0.92361, 15.09722, 3.19444],
					"texture": "#0"
				},
				"east": {
					"uv": [11.85417, 0.92361, 15.09722, 3.19444],
					"texture": "#0"
				},
				"south": {
					"uv": [11.85417, 0.92361, 15.09722, 3.19444],
					"texture": "#0"
				},
				"west": {
					"uv": [11.85417, 0.92361, 15.09722, 3.19444],
					"texture": "#0"
				},
				"up": {
					"uv": [11.85417, 0.92361, 15.09722, 3.19861],
					"texture": "#0"
				},
				"down": {
					"uv": [11.85417, 0.92361, 15.09722, 3.19861],
					"texture": "#0"
				}
			}
		},
		{
			"from": [8.1, 7.6, -3.9],
			"to": [8.4, 7.85, -3.1],
			"rotation": {
				"angle": 0,
				"axis": "y",
				"origin": [7.5, 5.85, -4]
			},
			"faces": {
				"north": {
					"uv": [11.85417, 0.92361, 15.09722, 3.19444],
					"texture": "#0"
				},
				"east": {
					"uv": [11.85417, 0.92361, 15.12917, 3.19444],
					"texture": "#0"
				},
				"south": {
					"uv": [11.85417, 0.92361, 15.09722, 3.19444],
					"texture": "#0"
				},
				"west": {
					"uv": [11.85417, 0.92361, 15.12917, 3.19444],
					"texture": "#0"
				},
				"up": {
					"uv": [11.85417, 0.92361, 15.09722, 3.24028],
					"texture": "#0"
				},
				"down": {
					"uv": [11.85417, 0.92361, 15.09722, 3.24028],
					"texture": "#0"
				}
			}
		},
		{
			"from": [7.7, 7.35, -3.65],
			"to": [7.8, 7.6, -3.35],
			"rotation": {
				"angle": 0,
				"axis": "y",
				"origin": [7, 5.6, -4]
			},
			"faces": {
				"north": {
					"uv": [11.85417, 0.92361, 15.09722, 3.19444],
					"texture": "#0"
				},
				"east": {
					"uv": [11.85417, 0.92361, 15.09722, 3.19444],
					"texture": "#0"
				},
				"south": {
					"uv": [11.85417, 0.92361, 15.09722, 3.19444],
					"texture": "#0"
				},
				"west": {
					"uv": [11.85417, 0.92361, 15.09722, 3.19444],
					"texture": "#0"
				},
				"up": {
					"uv": [11.85417, 0.92361, 15.09722, 3.19861],
					"texture": "#0"
				},
				"down": {
					"uv": [11.85417, 0.92361, 15.09722, 3.19861],
					"texture": "#0"
				}
			}
		},
		{
			"from": [7.6, 7.6, -3.9],
			"to": [7.9, 7.85, -3.1],
			"rotation": {
				"angle": 0,
				"axis": "y",
				"origin": [7, 5.85, -4]
			},
			"faces": {
				"north": {
					"uv": [11.85417, 0.92361, 15.09722, 3.19444],
					"texture": "#0"
				},
				"east": {
					"uv": [11.85417, 0.92361, 15.12917, 3.19444],
					"texture": "#0"
				},
				"south": {
					"uv": [11.85417, 0.92361, 15.09722, 3.19444],
					"texture": "#0"
				},
				"west": {
					"uv": [11.85417, 0.92361, 15.12917, 3.19444],
					"texture": "#0"
				},
				"up": {
					"uv": [11.85417, 0.92361, 15.09722, 3.24028],
					"texture": "#0"
				},
				"down": {
					"uv": [11.85417, 0.92361, 15.09722, 3.24028],
					"texture": "#0"
				}
			}
		},
		{
			"from": [8.35, 7.35, -1.75],
			"to": [8.65, 7.6, -1.25],
			"rotation": {
				"angle": 0,
				"axis": "y",
				"origin": [7.75, 5.6, -2]
			},
			"faces": {
				"north": {
					"uv": [11.85417, 0.92361, 15.09722, 3.19444],
					"texture": "#0"
				},
				"east": {
					"uv": [11.85417, 0.92361, 15.10417, 3.19444],
					"texture": "#0"
				},
				"south": {
					"uv": [11.85417, 0.92361, 15.09722, 3.19444],
					"texture": "#0"
				},
				"west": {
					"uv": [11.85417, 0.92361, 15.10417, 3.19444],
					"texture": "#0"
				},
				"up": {
					"uv": [11.85417, 0.92361, 15.09722, 3.21528],
					"texture": "#0"
				},
				"down": {
					"uv": [11.85417, 0.92361, 15.09722, 3.21528],
					"texture": "#0"
				}
			}
		},
		{
			"from": [8.25, 7.6, -2],
			"to": [8.75, 7.85, -1],
			"rotation": {
				"angle": 0,
				"axis": "y",
				"origin": [7.75, 5.85, -2]
			},
			"faces": {
				"north": {
					"uv": [11.85417, 0.92361, 15.10417, 3.19444],
					"texture": "#0"
				},
				"east": {
					"uv": [11.85417, 0.92361, 15.14583, 3.19444],
					"texture": "#0"
				},
				"south": {
					"uv": [11.85417, 0.92361, 15.10417, 3.19444],
					"texture": "#0"
				},
				"west": {
					"uv": [11.85417, 0.92361, 15.14583, 3.19444],
					"texture": "#0"
				},
				"up": {
					"uv": [11.85417, 0.92361, 15.10417, 3.25694],
					"texture": "#0"
				},
				"down": {
					"uv": [11.85417, 0.92361, 15.10417, 3.25694],
					"texture": "#0"
				}
			}
		},
		{
			"from": [7.35, 7.35, -1.75],
			"to": [7.65, 7.6, -1.25],
			"rotation": {
				"angle": 0,
				"axis": "y",
				"origin": [6.75, 5.6, -2]
			},
			"faces": {
				"north": {
					"uv": [11.85417, 0.92361, 15.09722, 3.19444],
					"texture": "#0"
				},
				"east": {
					"uv": [11.85417, 0.92361, 15.10417, 3.19444],
					"texture": "#0"
				},
				"south": {
					"uv": [11.85417, 0.92361, 15.09722, 3.19444],
					"texture": "#0"
				},
				"west": {
					"uv": [11.85417, 0.92361, 15.10417, 3.19444],
					"texture": "#0"
				},
				"up": {
					"uv": [11.85417, 0.92361, 15.09722, 3.21528],
					"texture": "#0"
				},
				"down": {
					"uv": [11.85417, 0.92361, 15.09722, 3.21528],
					"texture": "#0"
				}
			}
		},
		{
			"from": [7.25, 7.6, -2],
			"to": [7.75, 7.85, -1],
			"rotation": {
				"angle": 0,
				"axis": "y",
				"origin": [6.75, 5.85, -2]
			},
			"faces": {
				"north": {
					"uv": [11.85417, 0.92361, 15.10417, 3.19444],
					"texture": "#0"
				},
				"east": {
					"uv": [11.85417, 0.92361, 15.14583, 3.19444],
					"texture": "#0"
				},
				"south": {
					"uv": [11.85417, 0.92361, 15.10417, 3.19444],
					"texture": "#0"
				},
				"west": {
					"uv": [11.85417, 0.92361, 15.14583, 3.19444],
					"texture": "#0"
				},
				"up": {
					"uv": [11.85417, 0.92361, 15.10417, 3.25694],
					"texture": "#0"
				},
				"down": {
					"uv": [11.85417, 0.92361, 15.10417, 3.25694],
					"texture": "#0"
				}
			}
		},
		{
			"from": [7.25, 7, 2],
			"to": [8.75, 8.5, 10.25],
			"rotation": {
				"angle": 0,
				"axis": "y",
				"origin": [6.75, 7, 7]
			},
			"faces": {
				"north": {
					"uv": [0, 0, 0.56944, 1.33333],
					"texture": "#0"
				},
				"east": {
					"uv": [0, 0, 0.65278, 1.33333],
					"texture": "#0"
				},
				"south": {
					"uv": [0, 0, 0.56944, 1.33333],
					"texture": "#0"
				},
				"west": {
					"uv": [0, 0, 0.65278, 1.33333],
					"texture": "#0"
				},
				"up": {
					"uv": [0, 0, 0.56944, 1.33333],
					"texture": "#0"
				},
				"down": {
					"uv": [0, 0, 0.56944, 1.33333],
					"texture": "#0"
				}
			}
		},
		{
			"from": [7.15, 6.9, 7.1],
			"to": [8.85, 8.6, 7.75],
			"rotation": {
				"angle": 0,
				"axis": "y",
				"origin": [6.75, 7, 7]
			},
			"faces": {
				"north": {
					"uv": [10.05556, 9.94444, 15.07222, 14.91944],
					"texture": "#0"
				},
				"east": {
					"uv": [10.05556, 9.94444, 14.98472, 14.91944],
					"texture": "#0"
				},
				"south": {
					"uv": [10.05556, 9.94444, 15.07222, 14.91944],
					"texture": "#0"
				},
				"west": {
					"uv": [10.05556, 9.94444, 14.98472, 14.91944],
					"texture": "#0"
				},
				"up": {
					"uv": [10.05556, 9.94444, 15.07222, 14.83194],
					"texture": "#0"
				},
				"down": {
					"uv": [10.05556, 9.94444, 15.07222, 14.83194],
					"texture": "#0"
				}
			}
		},
		{
			"from": [7.15, 6.6, 0.6],
			"to": [8.85, 8.9, 3.1],
			"rotation": {
				"angle": 0,
				"axis": "y",
				"origin": [6.75, 7, -0.15]
			},
			"faces": {
				"north": {
					"uv": [0, 0, 0.58611, 1.33333],
					"texture": "#0"
				},
				"east": {
					"uv": [0, 0, 0.65278, 1.33333],
					"texture": "#0"
				},
				"south": {
					"uv": [0, 0, 0.58611, 1.33333],
					"texture": "#0"
				},
				"west": {
					"uv": [0, 0, 0.65278, 1.33333],
					"texture": "#0"
				},
				"up": {
					"uv": [0, 0, 0.58611, 1.33333],
					"texture": "#0"
				},
				"down": {
					"uv": [0, 0, 0.58611, 1.33333],
					"texture": "#0"
				}
			}
		},
		{
			"from": [6.9, 6.85, 0.35],
			"to": [9.1, 7.15, 1.1],
			"rotation": {
				"angle": 0,
				"axis": "y",
				"origin": [6.75, 7.25, -1.9]
			},
			"faces": {
				"north": {
					"uv": [0, 0, 0.62778, 1.33333],
					"texture": "#0"
				},
				"east": {
					"uv": [0, 0, 0.50694, 1.33333],
					"texture": "#0"
				},
				"south": {
					"uv": [0, 0, 0.62778, 1.33333],
					"texture": "#0"
				},
				"west": {
					"uv": [0, 0, 0.50694, 1.33333],
					"texture": "#0"
				},
				"up": {
					"uv": [0, 0, 0.62778, 1.33333],
					"texture": "#0"
				},
				"down": {
					"uv": [0, 0, 0.62778, 1.33333],
					"texture": "#0"
				}
			}
		},
		{
			"from": [7, 6.75, 3.5],
			"to": [9, 8.75, 4.5],
			"rotation": {
				"angle": 0,
				"axis": "y",
				"origin": [6.75, 7, 7.5]
			},
			"faces": {
				"north": {
					"uv": [0, 0, 0.61111, 1.33333],
					"texture": "#0"
				},
				"east": {
					"uv": [0, 0, 0.52778, 1.33333],
					"texture": "#0"
				},
				"south": {
					"uv": [0, 0, 0.61111, 1.33333],
					"texture": "#0"
				},
				"west": {
					"uv": [0, 0, 0.52778, 1.33333],
					"texture": "#0"
				},
				"up": {
					"uv": [0, 0, 0.61111, 1.33333],
					"texture": "#0"
				},
				"down": {
					"uv": [0, 0, 0.61111, 1.33333],
					"texture": "#0"
				}
			}
		},
		{
			"from": [7.75, 8.5, 3.5],
			"to": [8.25, 9.25, 5],
			"rotation": {
				"angle": 0,
				"axis": "y",
				"origin": [6.75, 9, 7.5]
			},
			"faces": {
				"north": {
					"uv": [0, 0, 0.48611, 1.33333],
					"texture": "#0"
				},
				"east": {
					"uv": [0, 0, 0.56944, 1.33333],
					"texture": "#0"
				},
				"south": {
					"uv": [0, 0, 0.48611, 1.33333],
					"texture": "#0"
				},
				"west": {
					"uv": [0, 0, 0.56944, 1.33333],
					"texture": "#0"
				},
				"up": {
					"uv": [0, 0, 0.48611, 1.33333],
					"texture": "#0"
				},
				"down": {
					"uv": [0, 0, 0.48611, 1.33333],
					"texture": "#0"
				}
			}
		},
		{
			"from": [7.75, 9.25, 4.25],
			"to": [8.25, 10.225, 5],
			"rotation": {
				"angle": 0,
				"axis": "y",
				"origin": [6.75, 9.75, 7.5]
			},
			"faces": {
				"north": {
					"uv": [0, 0, 0.48611, 1.33333],
					"texture": "#0"
				},
				"east": {
					"uv": [0, 0, 0.50694, 1.33333],
					"texture": "#0"
				},
				"south": {
					"uv": [0, 0, 0.48611, 1.33333],
					"texture": "#0"
				},
				"west": {
					"uv": [0, 0, 0.50694, 1.33333],
					"texture": "#0"
				},
				"up": {
					"uv": [0, 0, 0.48611, 1.33333],
					"texture": "#0"
				},
				"down": {
					"uv": [0, 0, 0.48611, 1.33333],
					"texture": "#0"
				}
			}
		},
		{
			"from": [7.75, 8.85, 5.025],
			"to": [8.25, 9.85, 5.775],
			"rotation": {
				"angle": 22.5,
				"axis": "x",
				"origin": [6.75, 12.85, 5.275]
			},
			"faces": {
				"north": {
					"uv": [0, 0, 0.48611, 1.33333],
					"rotation": 180,
					"texture": "#0"
				},
				"east": {
					"uv": [0, 0, 0.52778, 1.33333],
					"rotation": 90,
					"texture": "#0"
				},
				"south": {
					"uv": [0, 0, 0.48611, 1.33333],
					"texture": "#0"
				},
				"west": {
					"uv": [0, 0, 0.52778, 1.33333],
					"rotation": 270,
					"texture": "#0"
				},
				"up": {
					"uv": [0, 0, 0.48611, 1.33333],
					"texture": "#0"
				},
				"down": {
					"uv": [0, 0, 0.48611, 1.33333],
					"rotation": 180,
					"texture": "#0"
				}
			}
		},
		{
			"from": [7.75, 8.8, 6.65],
			"to": [8.25, 9.625, 7.4],
			"rotation": {
				"angle": 45,
				"axis": "x",
				"origin": [6.75, 12.8, 6.9]
			},
			"faces": {
				"north": {
					"uv": [0, 0, 0.48611, 1.33333],
					"rotation": 180,
					"texture": "#0"
				},
				"east": {
					"uv": [0, 0, 0.51319, 1.33333],
					"rotation": 90,
					"texture": "#0"
				},
				"south": {
					"uv": [0, 0, 0.48611, 1.33333],
					"texture": "#0"
				},
				"west": {
					"uv": [0, 0, 0.51319, 1.33333],
					"rotation": 270,
					"texture": "#0"
				},
				"up": {
					"uv": [0, 0, 0.48611, 1.33333],
					"texture": "#0"
				},
				"down": {
					"uv": [0, 0, 0.48611, 1.33333],
					"rotation": 180,
					"texture": "#0"
				}
			}
		},
		{
			"from": [7.75, 9.975, 4.5],
			"to": [8.25, 10.725, 5],
			"rotation": {
				"angle": 0,
				"axis": "y",
				"origin": [6.75, 10.475, 8]
			},
			"faces": {
				"north": {
					"uv": [0, 0, 0.48611, 1.33333],
					"texture": "#0"
				},
				"east": {
					"uv": [0, 0, 0.48611, 1.33333],
					"texture": "#0"
				},
				"south": {
					"uv": [0, 0, 0.48611, 1.33333],
					"texture": "#0"
				},
				"west": {
					"uv": [0, 0, 0.48611, 1.33333],
					"texture": "#0"
				},
				"up": {
					"uv": [0, 0, 0.48611, 1.33333],
					"texture": "#0"
				},
				"down": {
					"uv": [0, 0, 0.48611, 1.33333],
					"texture": "#0"
				}
			}
		},
		{
			"from": [7, 6.75, 4.75],
			"to": [9, 8.75, 6.25],
			"rotation": {
				"angle": 0,
				"axis": "y",
				"origin": [6.75, 7, 8.75]
			},
			"faces": {
				"north": {
					"uv": [0, 0, 0.61111, 1.33333],
					"texture": "#0"
				},
				"east": {
					"uv": [0, 0, 0.56944, 1.33333],
					"texture": "#0"
				},
				"south": {
					"uv": [0, 0, 0.61111, 1.33333],
					"texture": "#0"
				},
				"west": {
					"uv": [0, 0, 0.56944, 1.33333],
					"texture": "#0"
				},
				"up": {
					"uv": [0, 0, 0.61111, 1.33333],
					"texture": "#0"
				},
				"down": {
					"uv": [0, 0, 0.61111, 1.33333],
					"texture": "#0"
				}
			}
		},
		{
			"from": [7, 6.25, 6.25],
			"to": [9, 9.25, 6.75],
			"rotation": {
				"angle": 0,
				"axis": "y",
				"origin": [6.75, 7, 10.25]
			},
			"faces": {
				"north": {
					"uv": [0, 0, 0.61111, 1.33333],
					"texture": "#0"
				},
				"east": {
					"uv": [0, 0, 0.48611, 1.33333],
					"texture": "#0"
				},
				"south": {
					"uv": [0, 0, 0.61111, 1.33333],
					"texture": "#0"
				},
				"west": {
					"uv": [0, 0, 0.48611, 1.33333],
					"texture": "#0"
				},
				"up": {
					"uv": [0, 0, 0.61111, 1.33333],
					"texture": "#0"
				},
				"down": {
					"uv": [0, 0, 0.61111, 1.33333],
					"texture": "#0"
				}
			}
		},
		{
			"from": [7.25, 6.5, 7.75],
			"to": [8.75, 9, 8.25],
			"rotation": {
				"angle": 0,
				"axis": "y",
				"origin": [6.75, 7, 11.75]
			},
			"faces": {
				"north": {
					"uv": [0, 0, 0.56944, 1.33333],
					"texture": "#0"
				},
				"east": {
					"uv": [0, 0, 0.48611, 1.33333],
					"texture": "#0"
				},
				"south": {
					"uv": [0, 0, 0.56944, 1.33333],
					"texture": "#0"
				},
				"west": {
					"uv": [0, 0, 0.48611, 1.33333],
					"texture": "#0"
				},
				"up": {
					"uv": [0, 0, 0.56944, 1.33333],
					"texture": "#0"
				},
				"down": {
					"uv": [0, 0, 0.56944, 1.33333],
					"texture": "#0"
				}
			}
		},
		{
			"from": [7.75, 6.25, 9.1],
			"to": [8.25, 7, 10.25],
			"rotation": {
				"angle": 0,
				"axis": "y",
				"origin": [6.75, 5, 12.75]
			},
			"faces": {
				"north": {
					"uv": [0, 0, 0.48611, 1.33333],
					"texture": "#0"
				},
				"east": {
					"uv": [0, 0, 0.54028, 1.33333],
					"texture": "#0"
				},
				"south": {
					"uv": [0, 0, 0.48611, 1.33333],
					"texture": "#0"
				},
				"west": {
					"uv": [0, 0, 0.54028, 1.33333],
					"texture": "#0"
				},
				"up": {
					"uv": [0, 0, 0.48611, 1.33333],
					"texture": "#0"
				},
				"down": {
					"uv": [0, 0, 0.48611, 1.33333],
					"texture": "#0"
				}
			}
		},
		{
			"from": [7.75, 7, 9.575],
			"to": [8.25, 7.85, 10.625],
			"rotation": {
				"angle": -22.5,
				"axis": "x",
				"origin": [6.75, 5.85, 13.25]
			},
			"faces": {
				"north": {
					"uv": [0, 0, 0.48611, 1.33333],
					"texture": "#0"
				},
				"east": {
					"uv": [0, 0, 0.53194, 1.33333],
					"texture": "#0"
				},
				"south": {
					"uv": [0, 0, 0.48611, 1.33333],
					"texture": "#0"
				},
				"west": {
					"uv": [0, 0, 0.53194, 1.33333],
					"texture": "#0"
				},
				"up": {
					"uv": [0, 0, 0.48611, 1.33333],
					"texture": "#0"
				},
				"down": {
					"uv": [0, 0, 0.48611, 1.33333],
					"texture": "#0"
				}
			}
		},
		{
			"from": [7.75, 6.25, 10.375],
			"to": [8.25, 7.1, 10.925],
			"rotation": {
				"angle": -22.5,
				"axis": "x",
				"origin": [6.75, 5.1, 13.55]
			},
			"faces": {
				"north": {
					"uv": [0, 0, 0.48611, 1.33333],
					"texture": "#0"
				},
				"east": {
					"uv": [0, 0, 0.49028, 1.33333],
					"texture": "#0"
				},
				"south": {
					"uv": [0, 0, 0.48611, 1.33333],
					"texture": "#0"
				},
				"west": {
					"uv": [0, 0, 0.49028, 1.33333],
					"texture": "#0"
				},
				"up": {
					"uv": [0, 0, 0.48611, 1.33333],
					"texture": "#0"
				},
				"down": {
					"uv": [0, 0, 0.48611, 1.33333],
					"texture": "#0"
				}
			}
		},
		{
			"from": [7.75, 3.025, 11.4],
			"to": [8.25, 3.525, 12.35],
			"rotation": {
				"angle": 45,
				"axis": "x",
				"origin": [6.75, 6.65, 13.4]
			},
			"faces": {
				"north": {
					"uv": [0, 0, 0.48611, 1.33333],
					"rotation": 180,
					"texture": "#0"
				},
				"east": {
					"uv": [0, 0, 0.48611, 1.33333],
					"rotation": 90,
					"texture": "#0"
				},
				"south": {
					"uv": [0, 0, 0.48611, 1.33333],
					"texture": "#0"
				},
				"west": {
					"uv": [0, 0, 0.48611, 1.33333],
					"rotation": 270,
					"texture": "#0"
				},
				"up": {
					"uv": [0, 0, 0.48611, 1.33333],
					"texture": "#0"
				},
				"down": {
					"uv": [0, 0, 0.48611, 1.33333],
					"rotation": 180,
					"texture": "#0"
				}
			}
		},
		{
			"from": [7.75, 3.8, 11.3],
			"to": [8.25, 4.3, 12.25],
			"rotation": {
				"angle": 22.5,
				"axis": "x",
				"origin": [6.75, 7.425, 13.3]
			},
			"faces": {
				"north": {
					"uv": [0, 0, 0.48611, 1.33333],
					"rotation": 180,
					"texture": "#0"
				},
				"east": {
					"uv": [0, 0, 0.48611, 1.33333],
					"rotation": 90,
					"texture": "#0"
				},
				"south": {
					"uv": [0, 0, 0.48611, 1.33333],
					"texture": "#0"
				},
				"west": {
					"uv": [0, 0, 0.48611, 1.33333],
					"rotation": 270,
					"texture": "#0"
				},
				"up": {
					"uv": [0, 0, 0.48611, 1.33333],
					"texture": "#0"
				},
				"down": {
					"uv": [0, 0, 0.48611, 1.33333],
					"rotation": 180,
					"texture": "#0"
				}
			}
		},
		{
			"from": [6.75, 7, 7.75],
			"to": [9.25, 8.5, 8.25],
			"rotation": {
				"angle": 0,
				"axis": "y",
				"origin": [8, 7.75, 11.75]
			},
			"faces": {
				"north": {
					"uv": [0, 0, 0.56944, 1.33333],
					"rotation": 270,
					"texture": "#0"
				},
				"east": {
					"uv": [0, 0, 0.56944, 1.33333],
					"rotation": 90,
					"texture": "#0"
				},
				"south": {
					"uv": [0, 0, 0.56944, 1.33333],
					"rotation": 90,
					"texture": "#0"
				},
				"west": {
					"uv": [0, 0, 0.56944, 1.33333],
					"rotation": 90,
					"texture": "#0"
				},
				"up": {
					"uv": [0, 0, 0.48611, 1.33333],
					"rotation": 90,
					"texture": "#0"
				},
				"down": {
					"uv": [0, 0, 0.48611, 1.33333],
					"rotation": 90,
					"texture": "#0"
				}
			}
		},
		{
			"from": [6.5, 6.75, 6.25],
			"to": [7, 8.75, 6.75],
			"rotation": {
				"angle": 0,
				"axis": "y",
				"origin": [4.25, 7, 10.25]
			},
			"faces": {
				"north": {
					"uv": [0.11806, 0.03472, 0.60417, 1.33333],
					"texture": "#0"
				},
				"east": {
					"uv": [0.11806, 0.03472, 0.60417, 1.33333],
					"texture": "#0"
				},
				"south": {
					"uv": [0.11806, 0.03472, 0.60417, 1.33333],
					"texture": "#0"
				},
				"west": {
					"uv": [0.11806, 0.03472, 0.60417, 1.33333],
					"texture": "#0"
				},
				"up": {
					"uv": [0.11806, 0.03472, 0.60417, 1.33333],
					"texture": "#0"
				},
				"down": {
					"uv": [0.11806, 0.03472, 0.60417, 1.33333],
					"texture": "#0"
				}
			}
		},
		{
			"from": [9, 6.75, 6.25],
			"to": [9.5, 8.75, 6.75],
			"rotation": {
				"angle": 0,
				"axis": "y",
				"origin": [7, 7, 10.25]
			},
			"faces": {
				"north": {
					"uv": [0, 0, 0.48611, 1.33333],
					"texture": "#0"
				},
				"east": {
					"uv": [0, 0, 0.48611, 1.33333],
					"texture": "#0"
				},
				"south": {
					"uv": [0, 0, 0.48611, 1.33333],
					"texture": "#0"
				},
				"west": {
					"uv": [0, 0, 0.48611, 1.33333],
					"texture": "#0"
				},
				"up": {
					"uv": [0, 0, 0.48611, 1.33333],
					"texture": "#0"
				},
				"down": {
					"uv": [0, 0, 0.48611, 1.33333],
					"texture": "#0"
				}
			}
		}
	]
}