{
	"textures": {
		"1": "animated_java:blueprint/owneroffactory_model/owner_of_factory",
		"particle": "minecraft:item/pufferfish"
	},
	"display": {
		"head": {
			"rotation": [0, 180, 0]
		}
	},
	"elements": [
		{
			"from": [6, 3, 6],
			"to": [10, 8, 10],
			"rotation": {
				"angle": 0,
				"axis": "y",
				"origin": [9.5, 6, 7.5]
			},
			"faces": {
				"north": {
					"uv": [7.75, 0.5, 11.75, 5.5],
					"texture": "#1"
				},
				"east": {
					"uv": [7.75, 0.5, 11.75, 5.5],
					"texture": "#1"
				},
				"south": {
					"uv": [7.75, 0.5, 11.75, 5.5],
					"texture": "#1"
				},
				"west": {
					"uv": [7.75, 0.5, 11.75, 5.5],
					"texture": "#1"
				},
				"up": {
					"uv": [7.75, 0.5, 11.75, 4.5],
					"texture": "#1"
				},
				"down": {
					"uv": [7.75, 0.5, 11.75, 4.5],
					"texture": "#1"
				}
			}
		}
	]
}