{
	"textures": {
		"1": "animated_java:blueprint/owneroffactory_model/owner_of_factory",
		"particle": "minecraft:item/pufferfish"
	},
	"display": {
		"head": {
			"rotation": [0, 180, 0]
		}
	},
	"elements": [
		{
			"from": [3.5, 4.5, 5.5],
			"to": [8, 11, 10.5],
			"rotation": {
				"angle": 0,
				"axis": "y",
				"origin": [7, 9, 7.5]
			},
			"faces": {
				"north": {
					"uv": [0, 0, 5, 6.5],
					"texture": "#1"
				},
				"east": {
					"uv": [0, 0, 5, 6.5],
					"texture": "#1"
				},
				"south": {
					"uv": [0, 0, 5, 6.5],
					"texture": "#1"
				},
				"west": {
					"uv": [0, 0, 5, 6.5],
					"texture": "#1"
				},
				"up": {
					"uv": [0, 0, 6, 2],
					"texture": "#1"
				},
				"down": {
					"uv": [0, 0, 5, 2.58333],
					"texture": "#1"
				}
			}
		},
		{
			"from": [4, 3, 6],
			"to": [8, 4.5, 10],
			"rotation": {
				"angle": 0,
				"axis": "y",
				"origin": [7.5, 2.5, 7.5]
			},
			"faces": {
				"north": {
					"uv": [7.75, 0.5, 11.75, 2],
					"texture": "#1"
				},
				"east": {
					"uv": [7.75, 0.5, 11.75, 2],
					"texture": "#1"
				},
				"south": {
					"uv": [7.75, 0.5, 11.75, 2],
					"texture": "#1"
				},
				"west": {
					"uv": [7.75, 0.5, 11.75, 2],
					"texture": "#1"
				},
				"up": {
					"uv": [7.75, 0.5, 11.75, 4.5],
					"texture": "#1"
				},
				"down": {
					"uv": [7.75, 0.5, 11.75, 4.5],
					"texture": "#1"
				}
			}
		}
	]
}