{
	"textures": {
		"1": "animated_java:blueprint/owneroffactory_model/owner_of_factory",
		"particle": "minecraft:item/pufferfish"
	},
	"display": {
		"head": {
			"rotation": [0, 180, 0]
		}
	},
	"elements": [
		{
			"from": [0.75, 8, 3.25],
			"to": [15.25, 11, 12.75],
			"rotation": {
				"angle": 0,
				"axis": "y",
				"origin": [8, 8, 8]
			},
			"faces": {
				"north": {
					"uv": [0, 3, 6.16667, 6.08333],
					"texture": "#1"
				},
				"east": {
					"uv": [0, 3.08333, 4.41667, 6],
					"texture": "#1"
				},
				"south": {
					"uv": [0.08333, 3, 6.25, 6.08333],
					"texture": "#1"
				},
				"west": {
					"uv": [0, 3.08333, 4.41667, 6],
					"texture": "#1"
				},
				"up": {
					"uv": [0, 0, 6.41667, 6.41667],
					"texture": "#1"
				},
				"down": {
					"uv": [0, 0, 6.41667, 6.41667],
					"texture": "#1"
				}
			}
		},
		{
			"from": [0.75, 9.35, 2.925],
			"to": [15.25, 12.625, 4.425],
			"rotation": {
				"angle": 22.5,
				"axis": "x",
				"origin": [8, 9.35, 7.175]
			},
			"faces": {
				"north": {
					"uv": [0.08333, 0.16667, 6.25, 3.5],
					"texture": "#1"
				},
				"east": {
					"uv": [0.16667, 0.25, 1.66667, 3.5],
					"texture": "#1"
				},
				"south": {
					"uv": [0, 0, 6.16667, 3.33333],
					"texture": "#1"
				},
				"west": {
					"uv": [0, 0.33333, 1.5, 3.58333],
					"texture": "#1"
				},
				"up": {
					"uv": [0, 0, 6.16667, 1.58333],
					"texture": "#1"
				},
				"down": {
					"uv": [0, 0, 6.16667, 1.58333],
					"texture": "#1"
				}
			}
		},
		{
			"from": [5.75, 11.9, 2.95],
			"to": [10.25, 13.15, 3.05],
			"rotation": {
				"angle": 22.5,
				"axis": "x",
				"origin": [8, 9.9, 5.8]
			},
			"faces": {
				"north": {
					"uv": [13.58333, 7.25, 16, 8.66667],
					"texture": "#1"
				},
				"east": {
					"uv": [13.58333, 7.25, 14.51667, 8.66667],
					"texture": "#1"
				},
				"south": {
					"uv": [13.58333, 7.25, 16, 8.66667],
					"texture": "#1"
				},
				"west": {
					"uv": [13.58333, 7.25, 14.51667, 8.66667],
					"texture": "#1"
				},
				"up": {
					"uv": [13.58333, 7.25, 16, 7.51667],
					"texture": "#1"
				},
				"down": {
					"uv": [13.58333, 7.25, 16, 7.51667],
					"texture": "#1"
				}
			}
		},
		{
			"from": [0.75, 11, 4.55],
			"to": [15.25, 14, 12.75],
			"rotation": {
				"angle": 0,
				"axis": "y",
				"origin": [8, 11, 8]
			},
			"faces": {
				"north": {
					"uv": [0, 0, 6.16667, 3.08333],
					"texture": "#1"
				},
				"east": {
					"uv": [0, 0.08333, 6.28333, 3],
					"texture": "#1"
				},
				"south": {
					"uv": [0, 0, 6.16667, 3.08333],
					"texture": "#1"
				},
				"west": {
					"uv": [0, 0, 6.28333, 3.08333],
					"texture": "#1"
				},
				"up": {
					"uv": [0, 0, 6.41667, 2.45],
					"texture": "#1"
				},
				"down": {
					"uv": [0, 0, 6.16667, 7.36667],
					"texture": "#1"
				}
			}
		},
		{
			"from": [9.75, 8, 2.75],
			"to": [11.75, 11, 3.25],
			"rotation": {
				"angle": 0,
				"axis": "y",
				"origin": [10.75, 8, 2.25]
			},
			"faces": {
				"north": {
					"uv": [13.91667, 4.66667, 15.91667, 6.41667],
					"texture": "#1"
				},
				"east": {
					"uv": [13.83333, 4.5, 16, 6.33333],
					"texture": "#1"
				},
				"south": {
					"uv": [13.91667, 4.66667, 15.91667, 6.41667],
					"texture": "#1"
				},
				"west": {
					"uv": [13.83333, 4.5, 16, 6.33333],
					"texture": "#1"
				},
				"up": {
					"uv": [14, 4.33333, 16, 6.16667],
					"texture": "#1"
				},
				"down": {
					"uv": [14, 4.33333, 16, 6.16667],
					"texture": "#1"
				}
			}
		},
		{
			"from": [9.75, 11.15, 2.75],
			"to": [11.75, 15, 3.25],
			"rotation": {
				"angle": 22.5,
				"axis": "x",
				"origin": [10.75, 11, 2.25]
			},
			"faces": {
				"north": {
					"uv": [13.75, 4.66667, 15.91667, 6.18333],
					"texture": "#1"
				},
				"east": {
					"uv": [13.83333, 4.5, 16, 5.51667],
					"texture": "#1"
				},
				"south": {
					"uv": [13.75, 4.66667, 15.91667, 6.18333],
					"texture": "#1"
				},
				"west": {
					"uv": [13.83333, 4.5, 16, 5.51667],
					"texture": "#1"
				},
				"up": {
					"uv": [14, 4.33333, 16, 6.16667],
					"texture": "#1"
				},
				"down": {
					"uv": [14, 4.33333, 16, 6.16667],
					"texture": "#1"
				}
			}
		},
		{
			"from": [4.25, 11.15, 2.75],
			"to": [6.25, 15, 3.25],
			"rotation": {
				"angle": 22.5,
				"axis": "x",
				"origin": [5.25, 11, 2.25]
			},
			"faces": {
				"north": {
					"uv": [13.75, 4.66667, 15.91667, 6.18333],
					"texture": "#1"
				},
				"east": {
					"uv": [13.83333, 4.5, 16, 5.51667],
					"texture": "#1"
				},
				"south": {
					"uv": [13.75, 4.66667, 15.91667, 6.18333],
					"texture": "#1"
				},
				"west": {
					"uv": [13.83333, 4.5, 16, 5.51667],
					"texture": "#1"
				},
				"up": {
					"uv": [14, 4.33333, 16, 6.16667],
					"texture": "#1"
				},
				"down": {
					"uv": [14, 4.33333, 16, 6.16667],
					"texture": "#1"
				}
			}
		},
		{
			"from": [4, 9, 2.5],
			"to": [6.5, 10, 3.25],
			"rotation": {
				"angle": 0,
				"axis": "y",
				"origin": [5.25, 8, 2.25]
			},
			"faces": {
				"north": {
					"uv": [13.5, 12.58333, 16, 13.58333],
					"texture": "#1"
				},
				"east": {
					"uv": [13.5, 12.58333, 14.25, 13.58333],
					"texture": "#1"
				},
				"south": {
					"uv": [13.5, 12.58333, 16, 13.58333],
					"texture": "#1"
				},
				"west": {
					"uv": [13.5, 12.58333, 14.25, 13.58333],
					"texture": "#1"
				},
				"up": {
					"uv": [13.5, 12.58333, 16, 13.33333],
					"texture": "#1"
				},
				"down": {
					"uv": [13.5, 12.58333, 16, 13.33333],
					"texture": "#1"
				}
			}
		},
		{
			"from": [9.5, 9, 2.5],
			"to": [12, 10, 3.25],
			"rotation": {
				"angle": 0,
				"axis": "y",
				"origin": [10.75, 8, 2.25]
			},
			"faces": {
				"north": {
					"uv": [13.5, 12.58333, 16, 13.58333],
					"texture": "#1"
				},
				"east": {
					"uv": [13.5, 12.58333, 14.25, 13.58333],
					"texture": "#1"
				},
				"south": {
					"uv": [13.5, 12.58333, 16, 13.58333],
					"texture": "#1"
				},
				"west": {
					"uv": [13.5, 12.58333, 14.25, 13.58333],
					"texture": "#1"
				},
				"up": {
					"uv": [13.5, 12.58333, 16, 13.33333],
					"texture": "#1"
				},
				"down": {
					"uv": [13.5, 12.58333, 16, 13.33333],
					"texture": "#1"
				}
			}
		},
		{
			"from": [4.25, 8, 2.75],
			"to": [6.25, 11, 3.25],
			"rotation": {
				"angle": 0,
				"axis": "y",
				"origin": [5.25, 8, 2.25]
			},
			"faces": {
				"north": {
					"uv": [13.91667, 4.66667, 15.91667, 6.41667],
					"texture": "#1"
				},
				"east": {
					"uv": [13.83333, 4.5, 16, 6.33333],
					"texture": "#1"
				},
				"south": {
					"uv": [13.91667, 4.66667, 15.91667, 6.41667],
					"texture": "#1"
				},
				"west": {
					"uv": [13.83333, 4.5, 16, 6.33333],
					"texture": "#1"
				},
				"up": {
					"uv": [14, 4.33333, 16, 6.16667],
					"texture": "#1"
				},
				"down": {
					"uv": [14, 4.33333, 16, 6.16667],
					"texture": "#1"
				}
			}
		},
		{
			"from": [4.25, 8, 12.75],
			"to": [6.25, 14, 13.25],
			"rotation": {
				"angle": 0,
				"axis": "y",
				"origin": [5.25, 8, 12.25]
			},
			"faces": {
				"north": {
					"uv": [14.08333, 4.66667, 15.91667, 6.41667],
					"texture": "#1"
				},
				"east": {
					"uv": [13.83333, 4.5, 16, 6.16667],
					"texture": "#1"
				},
				"south": {
					"uv": [14.08333, 4.66667, 15.91667, 6.41667],
					"texture": "#1"
				},
				"west": {
					"uv": [13.83333, 4.5, 16, 6.16667],
					"texture": "#1"
				},
				"up": {
					"uv": [14, 4.33333, 16, 6.16667],
					"texture": "#1"
				},
				"down": {
					"uv": [14, 4.33333, 16, 6.16667],
					"texture": "#1"
				}
			}
		},
		{
			"from": [9.75, 8, 12.75],
			"to": [11.75, 14, 13.25],
			"rotation": {
				"angle": 0,
				"axis": "y",
				"origin": [10.75, 8, 12.25]
			},
			"faces": {
				"north": {
					"uv": [14.08333, 4.66667, 15.91667, 6.41667],
					"texture": "#1"
				},
				"east": {
					"uv": [13.83333, 4.5, 16, 6.16667],
					"texture": "#1"
				},
				"south": {
					"uv": [14.08333, 4.66667, 15.91667, 6.41667],
					"texture": "#1"
				},
				"west": {
					"uv": [13.83333, 4.5, 16, 6.16667],
					"texture": "#1"
				},
				"up": {
					"uv": [14, 4.33333, 16, 6.16667],
					"texture": "#1"
				},
				"down": {
					"uv": [14, 4.33333, 16, 6.16667],
					"texture": "#1"
				}
			}
		},
		{
			"from": [9.75, 14, 4.25],
			"to": [11.75, 14.5, 13.25],
			"rotation": {
				"angle": 0,
				"axis": "y",
				"origin": [10.75, 13.5, 13.25]
			},
			"faces": {
				"north": {
					"uv": [14, 4.33333, 16, 6.16667],
					"rotation": 180,
					"texture": "#1"
				},
				"east": {
					"uv": [13.58333, 4.5, 16, 6.16667],
					"rotation": 90,
					"texture": "#1"
				},
				"south": {
					"uv": [14, 4.33333, 16, 6.16667],
					"texture": "#1"
				},
				"west": {
					"uv": [13.58333, 4.5, 16, 6.16667],
					"rotation": 270,
					"texture": "#1"
				},
				"up": {
					"uv": [13.83333, 4.66667, 15.91667, 5.75],
					"texture": "#1"
				},
				"down": {
					"uv": [13.83333, 4.66667, 15.91667, 5.75],
					"rotation": 180,
					"texture": "#1"
				}
			}
		},
		{
			"from": [4.25, 14, 4.25],
			"to": [6.25, 14.5, 13.25],
			"rotation": {
				"angle": 0,
				"axis": "y",
				"origin": [5.25, 13.5, 13.25]
			},
			"faces": {
				"north": {
					"uv": [14, 4.33333, 16, 6.16667],
					"rotation": 180,
					"texture": "#1"
				},
				"east": {
					"uv": [13.58333, 4.5, 16, 6.16667],
					"rotation": 90,
					"texture": "#1"
				},
				"south": {
					"uv": [14, 4.33333, 16, 6.16667],
					"texture": "#1"
				},
				"west": {
					"uv": [13.58333, 4.5, 16, 6.16667],
					"rotation": 270,
					"texture": "#1"
				},
				"up": {
					"uv": [13.83333, 4.66667, 15.91667, 5.75],
					"texture": "#1"
				},
				"down": {
					"uv": [13.83333, 4.66667, 15.91667, 5.75],
					"rotation": 180,
					"texture": "#1"
				}
			}
		}
	]
}