{
	"textures": {
		"1": "animated_java:blueprint/owneroffactory_model/owner_of_factory",
		"particle": "minecraft:item/pufferfish"
	},
	"display": {
		"head": {
			"rotation": [0, 180, 0]
		}
	},
	"elements": [
		{
			"from": [2.5, 2, 5],
			"to": [13.5, 8, 11],
			"rotation": {
				"angle": 0,
				"axis": "y",
				"origin": [8, 8, 8.25]
			},
			"faces": {
				"north": {
					"uv": [0, 8.75, 5.83333, 14.66666],
					"rotation": 90,
					"texture": "#1"
				},
				"east": {
					"uv": [0, 9, 6, 15],
					"texture": "#1"
				},
				"south": {
					"uv": [0.08333, 8.25, 6.25, 10.33333],
					"texture": "#1"
				},
				"west": {
					"uv": [0, 12.83333, 6.16667, 16],
					"texture": "#1"
				},
				"up": {
					"uv": [0, 9.16667, 5.91667, 15],
					"texture": "#1"
				},
				"down": {
					"uv": [0, 9.16667, 5.91667, 15],
					"texture": "#1"
				}
			}
		},
		{
			"from": [4.5, 6.5, 4.5],
			"to": [6, 8, 5],
			"rotation": {
				"angle": 0,
				"axis": "y",
				"origin": [5.25, 6, 4]
			},
			"faces": {
				"north": {
					"uv": [13.5, 12.58333, 15, 14.08333],
					"texture": "#1"
				},
				"east": {
					"uv": [13.5, 12.58333, 14, 14.08333],
					"texture": "#1"
				},
				"south": {
					"uv": [13.5, 12.58333, 15, 14.08333],
					"texture": "#1"
				},
				"west": {
					"uv": [13.5, 12.58333, 14, 14.08333],
					"texture": "#1"
				},
				"up": {
					"uv": [13.5, 12.58333, 15, 13.08333],
					"texture": "#1"
				},
				"down": {
					"uv": [13.5, 12.58333, 15, 13.08333],
					"texture": "#1"
				}
			}
		},
		{
			"from": [4.5, 6.5, 11],
			"to": [6, 8, 11.5],
			"rotation": {
				"angle": 0,
				"axis": "y",
				"origin": [5.25, 6, 10.5]
			},
			"faces": {
				"north": {
					"uv": [13.5, 12.58333, 15, 14.08333],
					"texture": "#1"
				},
				"east": {
					"uv": [13.5, 12.58333, 14, 14.08333],
					"texture": "#1"
				},
				"south": {
					"uv": [13.5, 12.58333, 15, 14.08333],
					"texture": "#1"
				},
				"west": {
					"uv": [13.5, 12.58333, 14, 14.08333],
					"texture": "#1"
				},
				"up": {
					"uv": [13.5, 12.58333, 15, 13.08333],
					"texture": "#1"
				},
				"down": {
					"uv": [13.5, 12.58333, 15, 13.08333],
					"texture": "#1"
				}
			}
		},
		{
			"from": [10, 6.5, 4.5],
			"to": [11.5, 8, 5],
			"rotation": {
				"angle": 0,
				"axis": "y",
				"origin": [10.75, 6, 4]
			},
			"faces": {
				"north": {
					"uv": [13.5, 12.58333, 15, 14.08333],
					"texture": "#1"
				},
				"east": {
					"uv": [13.5, 12.58333, 14, 14.08333],
					"texture": "#1"
				},
				"south": {
					"uv": [13.5, 12.58333, 15, 14.08333],
					"texture": "#1"
				},
				"west": {
					"uv": [13.5, 12.58333, 14, 14.08333],
					"texture": "#1"
				},
				"up": {
					"uv": [13.5, 12.58333, 15, 13.08333],
					"texture": "#1"
				},
				"down": {
					"uv": [13.5, 12.58333, 15, 13.08333],
					"texture": "#1"
				}
			}
		},
		{
			"from": [10, 6.5, 11],
			"to": [11.5, 8, 11.5],
			"rotation": {
				"angle": 0,
				"axis": "y",
				"origin": [10.75, 6, 10.5]
			},
			"faces": {
				"north": {
					"uv": [13.5, 12.58333, 15, 14.08333],
					"texture": "#1"
				},
				"east": {
					"uv": [13.5, 12.58333, 14, 14.08333],
					"texture": "#1"
				},
				"south": {
					"uv": [13.5, 12.58333, 15, 14.08333],
					"texture": "#1"
				},
				"west": {
					"uv": [13.5, 12.58333, 14, 14.08333],
					"texture": "#1"
				},
				"up": {
					"uv": [13.5, 12.58333, 15, 13.08333],
					"texture": "#1"
				},
				"down": {
					"uv": [13.5, 12.58333, 15, 13.08333],
					"texture": "#1"
				}
			}
		}
	]
}