{
	"textures": {
		"1": "animated_java:blueprint/owneroffactory_model/owner_of_factory",
		"particle": "minecraft:item/pufferfish"
	},
	"display": {
		"head": {
			"rotation": [0, 180, 0]
		}
	},
	"elements": [
		{
			"from": [2.5, 4, 5.5],
			"to": [13.5, 6.5, 10.5],
			"rotation": {
				"angle": 0,
				"axis": "y",
				"origin": [12.5, 4, 9.5]
			},
			"faces": {
				"north": {
					"uv": [0, 0, 3.58333, 1.45833],
					"texture": "#1"
				},
				"east": {
					"uv": [0, 0, 3.08333, 1.45833],
					"texture": "#1"
				},
				"south": {
					"uv": [0, 0, 3.58333, 1.45833],
					"texture": "#1"
				},
				"west": {
					"uv": [0, 0, 3.08333, 1.45833],
					"texture": "#1"
				},
				"up": {
					"uv": [0, 0, 3.58333, 1.66667],
					"texture": "#1"
				},
				"down": {
					"uv": [0, 0, 3.58333, 1.66667],
					"texture": "#1"
				}
			}
		},
		{
			"from": [1.75, 6.5, 4.5],
			"to": [14.25, 8, 11.5],
			"rotation": {
				"angle": 0,
				"axis": "y",
				"origin": [12.5, 6.5, 9.5]
			},
			"faces": {
				"north": {
					"uv": [0, 0, 6.16667, 1.83333],
					"texture": "#1"
				},
				"east": {
					"uv": [0, 0, 5.66667, 1.41667],
					"texture": "#1"
				},
				"south": {
					"uv": [0, 0, 6.08333, 1.33333],
					"texture": "#1"
				},
				"west": {
					"uv": [0, 0, 5.66667, 1.41667],
					"texture": "#1"
				},
				"up": {
					"uv": [0, 0, 6.08333, 6.83333],
					"texture": "#1"
				},
				"down": {
					"uv": [0, 0, 6.08333, 6.83333],
					"texture": "#1"
				}
			}
		},
		{
			"from": [2.5, 3.925, 5],
			"to": [13.5, 8.425, 6],
			"rotation": {
				"angle": -22.5,
				"axis": "x",
				"origin": [12.5, 3.925, 5]
			},
			"faces": {
				"north": {
					"uv": [0, 1.41667, 5.91667, 5.83333],
					"texture": "#1"
				},
				"east": {
					"uv": [0, 1.41667, 1, 5.91667],
					"texture": "#1"
				},
				"south": {
					"uv": [0, 0, 5.91667, 4.41667],
					"texture": "#1"
				},
				"west": {
					"uv": [0, 1.41667, 1, 5.91667],
					"texture": "#1"
				},
				"up": {
					"uv": [0, 0, 5.91667, 0.91667],
					"texture": "#1"
				},
				"down": {
					"uv": [0, 0, 5.91667, 0.91667],
					"texture": "#1"
				}
			}
		},
		{
			"from": [2.5, 4.3, 10.075],
			"to": [13.5, 8.8, 11.075],
			"rotation": {
				"angle": 22.5,
				"axis": "x",
				"origin": [12.5, 4.3, 10.075]
			},
			"faces": {
				"north": {
					"uv": [0, 0, 5.91667, 4.41667],
					"texture": "#1"
				},
				"east": {
					"uv": [0, 1.41667, 1, 5.91667],
					"texture": "#1"
				},
				"south": {
					"uv": [0, 1.41667, 5.91667, 5.83333],
					"texture": "#1"
				},
				"west": {
					"uv": [0, 1.33333, 1, 5.83333],
					"texture": "#1"
				},
				"up": {
					"uv": [0, 0, 5.91667, 0.91667],
					"texture": "#1"
				},
				"down": {
					"uv": [0, 0, 5.91667, 0.91667],
					"texture": "#1"
				}
			}
		},
		{
			"from": [11.875, 0.5, 5],
			"to": [12.875, 5, 11],
			"rotation": {
				"angle": -22.5,
				"axis": "z",
				"origin": [21.875, 0.5, 9.5]
			},
			"faces": {
				"north": {
					"uv": [0, 1.16667, 1, 5.66667],
					"texture": "#1"
				},
				"east": {
					"uv": [0, 1.25, 6, 5.75],
					"texture": "#1"
				},
				"south": {
					"uv": [0, 1.33333, 1, 5.83333],
					"texture": "#1"
				},
				"west": {
					"uv": [0, 0, 6, 4.5],
					"texture": "#1"
				},
				"up": {
					"uv": [0, 0, 1, 6],
					"texture": "#1"
				},
				"down": {
					"uv": [0, 0, 1, 6],
					"texture": "#1"
				}
			}
		},
		{
			"from": [1.7, 7.75, 5],
			"to": [2.7, 12.25, 11],
			"rotation": {
				"angle": 22.5,
				"axis": "z",
				"origin": [11.7, 7.75, 9.5]
			},
			"faces": {
				"north": {
					"uv": [0, 1.33333, 1, 5.83333],
					"texture": "#1"
				},
				"east": {
					"uv": [0, 0, 6, 4.5],
					"texture": "#1"
				},
				"south": {
					"uv": [0, 1.25, 1, 5.75],
					"texture": "#1"
				},
				"west": {
					"uv": [0, 1.25, 6, 5.75],
					"texture": "#1"
				},
				"up": {
					"uv": [0, 0, 1, 6],
					"texture": "#1"
				},
				"down": {
					"uv": [0, 0, 1, 6],
					"texture": "#1"
				}
			}
		},
		{
			"from": [9.75, 3.5, 4.65],
			"to": [11.75, 8.25, 5.15],
			"rotation": {
				"angle": -22.5,
				"axis": "x",
				"origin": [10.75, 3.5, 4.15]
			},
			"faces": {
				"north": {
					"uv": [14.08333, 4.66667, 15.91667, 6.41667],
					"texture": "#1"
				},
				"east": {
					"uv": [13.83333, 4.5, 16, 6.41667],
					"texture": "#1"
				},
				"south": {
					"uv": [14.08333, 4.66667, 15.91667, 6.41667],
					"texture": "#1"
				},
				"west": {
					"uv": [13.83333, 4.5, 16, 6.41667],
					"texture": "#1"
				},
				"up": {
					"uv": [14, 4.33333, 16, 6.16667],
					"texture": "#1"
				},
				"down": {
					"uv": [14, 4.33333, 16, 6.16667],
					"texture": "#1"
				}
			}
		},
		{
			"from": [9.75, 4.15, 11.05],
			"to": [11.75, 8.8, 11.55],
			"rotation": {
				"angle": 22.5,
				"axis": "x",
				"origin": [10.75, 4.15, 10.55]
			},
			"faces": {
				"north": {
					"uv": [14.08333, 4.66667, 15.91667, 6.31667],
					"texture": "#1"
				},
				"east": {
					"uv": [13.83333, 4.5, 16, 6.31667],
					"texture": "#1"
				},
				"south": {
					"uv": [14.08333, 4.66667, 15.91667, 6.31667],
					"texture": "#1"
				},
				"west": {
					"uv": [13.83333, 4.5, 16, 6.31667],
					"texture": "#1"
				},
				"up": {
					"uv": [14, 4.33333, 16, 6.16667],
					"texture": "#1"
				},
				"down": {
					"uv": [14, 4.33333, 16, 6.16667],
					"texture": "#1"
				}
			}
		},
		{
			"from": [4.25, 4.15, 11.05],
			"to": [6.25, 8.7, 11.55],
			"rotation": {
				"angle": 22.5,
				"axis": "x",
				"origin": [5.25, 4.15, 10.55]
			},
			"faces": {
				"north": {
					"uv": [14.08333, 4.66667, 15.91667, 6.21667],
					"texture": "#1"
				},
				"east": {
					"uv": [13.83333, 4.5, 16, 6.21667],
					"texture": "#1"
				},
				"south": {
					"uv": [14.08333, 4.66667, 15.91667, 6.21667],
					"texture": "#1"
				},
				"west": {
					"uv": [13.83333, 4.5, 16, 6.21667],
					"texture": "#1"
				},
				"up": {
					"uv": [14, 4.33333, 16, 6.16667],
					"texture": "#1"
				},
				"down": {
					"uv": [14, 4.33333, 16, 6.16667],
					"texture": "#1"
				}
			}
		},
		{
			"from": [4.25, 3.5, 4.65],
			"to": [6.25, 8.25, 5.15],
			"rotation": {
				"angle": -22.5,
				"axis": "x",
				"origin": [5.25, 3.5, 4.15]
			},
			"faces": {
				"north": {
					"uv": [14.08333, 4.66667, 15.91667, 6.41667],
					"texture": "#1"
				},
				"east": {
					"uv": [13.83333, 4.5, 16, 6.41667],
					"texture": "#1"
				},
				"south": {
					"uv": [14.08333, 4.66667, 15.91667, 6.41667],
					"texture": "#1"
				},
				"west": {
					"uv": [13.83333, 4.5, 16, 6.41667],
					"texture": "#1"
				},
				"up": {
					"uv": [14, 4.33333, 16, 6.16667],
					"texture": "#1"
				},
				"down": {
					"uv": [14, 4.33333, 16, 6.16667],
					"texture": "#1"
				}
			}
		}
	]
}