{
	"textures": {
		"1": "animated_java:blueprint/owneroffactory_model/owner_of_factory",
		"particle": "minecraft:item/pufferfish"
	},
	"display": {
		"head": {
			"rotation": [0, 180, 0]
		}
	},
	"elements": [
		{
			"from": [4, 11, 3.5],
			"to": [12, 16, 4],
			"rotation": {
				"angle": 0,
				"axis": "y",
				"origin": [8, 8, 0]
			},
			"faces": {
				"north": {
					"uv": [13.33333, 0, 16, 1.66667],
					"texture": "#1"
				},
				"east": {
					"uv": [13.75, 1.91667, 15.75, 3.5],
					"texture": "#1"
				},
				"south": {
					"uv": [0, 0, 8, 5],
					"texture": "#1"
				},
				"west": {
					"uv": [13.33333, 1.58333, 16, 3.91667],
					"texture": "#1"
				},
				"up": {
					"uv": [13.5, 1.91667, 16, 3.5],
					"texture": "#1"
				},
				"down": {
					"uv": [13.75, 2, 16, 3.08333],
					"texture": "#1"
				}
			}
		},
		{
			"from": [11, 12.75, 3.25],
			"to": [11.25, 14, 3.5],
			"rotation": {
				"angle": 0,
				"axis": "y",
				"origin": [8, 8, -0.5]
			},
			"faces": {
				"north": {
					"uv": [15.66667, 0.66667, 15.66667, 1],
					"texture": "#1"
				},
				"east": {
					"uv": [15.66667, 0.66667, 15.66667, 1],
					"texture": "#1"
				},
				"south": {
					"uv": [15.66667, 0.66667, 15.66667, 1],
					"texture": "#1"
				},
				"west": {
					"uv": [15.66667, 0.66667, 15.66667, 1],
					"texture": "#1"
				},
				"up": {
					"uv": [15.66667, 0.66667, 15.66667, 1],
					"texture": "#1"
				},
				"down": {
					"uv": [15.66667, 0.66667, 15.66667, 1],
					"texture": "#1"
				}
			}
		},
		{
			"from": [10.75, 12.5, 3.25],
			"to": [11, 12.75, 3.5],
			"rotation": {
				"angle": 0,
				"axis": "y",
				"origin": [7.75, 6.75, -0.5]
			},
			"faces": {
				"north": {
					"uv": [15.66667, 0.66667, 15.66667, 1],
					"texture": "#1"
				},
				"east": {
					"uv": [15.66667, 0.66667, 15.66667, 1],
					"texture": "#1"
				},
				"south": {
					"uv": [15.66667, 0.66667, 15.66667, 1],
					"texture": "#1"
				},
				"west": {
					"uv": [15.66667, 0.66667, 15.66667, 1],
					"texture": "#1"
				},
				"up": {
					"uv": [15.66667, 0.66667, 15.66667, 1],
					"texture": "#1"
				},
				"down": {
					"uv": [15.66667, 0.66667, 15.66667, 1],
					"texture": "#1"
				}
			}
		},
		{
			"from": [10.75, 14, 3.25],
			"to": [11, 14.25, 3.5],
			"rotation": {
				"angle": 0,
				"axis": "y",
				"origin": [7.75, 8.25, -0.5]
			},
			"faces": {
				"north": {
					"uv": [15.66667, 0.66667, 15.66667, 1],
					"texture": "#1"
				},
				"east": {
					"uv": [15.66667, 0.66667, 15.66667, 1],
					"texture": "#1"
				},
				"south": {
					"uv": [15.66667, 0.66667, 15.66667, 1],
					"texture": "#1"
				},
				"west": {
					"uv": [15.66667, 0.66667, 15.66667, 1],
					"texture": "#1"
				},
				"up": {
					"uv": [15.66667, 0.66667, 15.66667, 1],
					"texture": "#1"
				},
				"down": {
					"uv": [15.66667, 0.66667, 15.66667, 1],
					"texture": "#1"
				}
			}
		},
		{
			"from": [9.5, 14.25, 3.25],
			"to": [10.75, 14.5, 3.5],
			"rotation": {
				"angle": 0,
				"axis": "y",
				"origin": [7.5, 8.5, -0.5]
			},
			"faces": {
				"north": {
					"uv": [15.66667, 0.66667, 15.66667, 1],
					"texture": "#1"
				},
				"east": {
					"uv": [15.66667, 0.66667, 15.66667, 1],
					"texture": "#1"
				},
				"south": {
					"uv": [15.66667, 0.66667, 15.66667, 1],
					"texture": "#1"
				},
				"west": {
					"uv": [15.66667, 0.66667, 15.66667, 1],
					"texture": "#1"
				},
				"up": {
					"uv": [15.66667, 0.66667, 15.66667, 1],
					"texture": "#1"
				},
				"down": {
					"uv": [15.66667, 0.66667, 15.66667, 1],
					"texture": "#1"
				}
			}
		},
		{
			"from": [9.5, 12.25, 3.25],
			"to": [10.75, 12.5, 3.5],
			"rotation": {
				"angle": 0,
				"axis": "y",
				"origin": [7.5, 6.5, -0.5]
			},
			"faces": {
				"north": {
					"uv": [15.66667, 0.66667, 15.66667, 1],
					"texture": "#1"
				},
				"east": {
					"uv": [15.66667, 0.66667, 15.66667, 1],
					"texture": "#1"
				},
				"south": {
					"uv": [15.66667, 0.66667, 15.66667, 1],
					"texture": "#1"
				},
				"west": {
					"uv": [15.66667, 0.66667, 15.66667, 1],
					"texture": "#1"
				},
				"up": {
					"uv": [15.66667, 0.66667, 15.66667, 1],
					"texture": "#1"
				},
				"down": {
					"uv": [15.66667, 0.66667, 15.66667, 1],
					"texture": "#1"
				}
			}
		},
		{
			"from": [9.25, 14, 3.25],
			"to": [9.5, 14.25, 3.5],
			"rotation": {
				"angle": 0,
				"axis": "y",
				"origin": [6.25, 8.25, -0.5]
			},
			"faces": {
				"north": {
					"uv": [15.66667, 0.66667, 15.66667, 1],
					"texture": "#1"
				},
				"east": {
					"uv": [15.66667, 0.66667, 15.66667, 1],
					"texture": "#1"
				},
				"south": {
					"uv": [15.66667, 0.66667, 15.66667, 1],
					"texture": "#1"
				},
				"west": {
					"uv": [15.66667, 0.66667, 15.66667, 1],
					"texture": "#1"
				},
				"up": {
					"uv": [15.66667, 0.66667, 15.66667, 1],
					"texture": "#1"
				},
				"down": {
					"uv": [15.66667, 0.66667, 15.66667, 1],
					"texture": "#1"
				}
			}
		},
		{
			"from": [9.25, 12.5, 3.25],
			"to": [9.5, 12.75, 3.5],
			"rotation": {
				"angle": 0,
				"axis": "y",
				"origin": [6.25, 6.75, -0.5]
			},
			"faces": {
				"north": {
					"uv": [15.66667, 0.66667, 15.66667, 1],
					"texture": "#1"
				},
				"east": {
					"uv": [15.66667, 0.66667, 15.66667, 1],
					"texture": "#1"
				},
				"south": {
					"uv": [15.66667, 0.66667, 15.66667, 1],
					"texture": "#1"
				},
				"west": {
					"uv": [15.66667, 0.66667, 15.66667, 1],
					"texture": "#1"
				},
				"up": {
					"uv": [15.66667, 0.66667, 15.66667, 1],
					"texture": "#1"
				},
				"down": {
					"uv": [15.66667, 0.66667, 15.66667, 1],
					"texture": "#1"
				}
			}
		},
		{
			"from": [9, 12.75, 3.25],
			"to": [9.25, 14, 3.5],
			"rotation": {
				"angle": 0,
				"axis": "y",
				"origin": [6, 8, -0.5]
			},
			"faces": {
				"north": {
					"uv": [15.66667, 0.66667, 15.66667, 1],
					"texture": "#1"
				},
				"east": {
					"uv": [15.66667, 0.66667, 15.66667, 1],
					"texture": "#1"
				},
				"south": {
					"uv": [15.66667, 0.66667, 15.66667, 1],
					"texture": "#1"
				},
				"west": {
					"uv": [15.66667, 0.66667, 15.66667, 1],
					"texture": "#1"
				},
				"up": {
					"uv": [15.66667, 0.66667, 15.66667, 1],
					"texture": "#1"
				},
				"down": {
					"uv": [15.66667, 0.66667, 15.66667, 1],
					"texture": "#1"
				}
			}
		},
		{
			"from": [5.25, 14.25, 3.25],
			"to": [6.5, 14.5, 3.5],
			"rotation": {
				"angle": 0,
				"axis": "y",
				"origin": [3.25, 8.5, -0.5]
			},
			"faces": {
				"north": {
					"uv": [15.66667, 0.66667, 15.66667, 1],
					"texture": "#1"
				},
				"east": {
					"uv": [15.66667, 0.66667, 15.66667, 1],
					"texture": "#1"
				},
				"south": {
					"uv": [15.66667, 0.66667, 15.66667, 1],
					"texture": "#1"
				},
				"west": {
					"uv": [15.66667, 0.66667, 15.66667, 1],
					"texture": "#1"
				},
				"up": {
					"uv": [15.66667, 0.66667, 15.66667, 1],
					"texture": "#1"
				},
				"down": {
					"uv": [15.66667, 0.66667, 15.66667, 1],
					"texture": "#1"
				}
			}
		},
		{
			"from": [5, 14, 3.25],
			"to": [5.25, 14.25, 3.5],
			"rotation": {
				"angle": 0,
				"axis": "y",
				"origin": [2, 8.25, -0.5]
			},
			"faces": {
				"north": {
					"uv": [15.66667, 0.66667, 15.66667, 1],
					"texture": "#1"
				},
				"east": {
					"uv": [15.66667, 0.66667, 15.66667, 1],
					"texture": "#1"
				},
				"south": {
					"uv": [15.66667, 0.66667, 15.66667, 1],
					"texture": "#1"
				},
				"west": {
					"uv": [15.66667, 0.66667, 15.66667, 1],
					"texture": "#1"
				},
				"up": {
					"uv": [15.66667, 0.66667, 15.66667, 1],
					"texture": "#1"
				},
				"down": {
					"uv": [15.66667, 0.66667, 15.66667, 1],
					"texture": "#1"
				}
			}
		},
		{
			"from": [4.75, 12.75, 3.25],
			"to": [5, 14, 3.5],
			"rotation": {
				"angle": 0,
				"axis": "y",
				"origin": [1.75, 8, -0.5]
			},
			"faces": {
				"north": {
					"uv": [15.66667, 0.66667, 15.66667, 1],
					"texture": "#1"
				},
				"east": {
					"uv": [15.66667, 0.66667, 15.66667, 1],
					"texture": "#1"
				},
				"south": {
					"uv": [15.66667, 0.66667, 15.66667, 1],
					"texture": "#1"
				},
				"west": {
					"uv": [15.66667, 0.66667, 15.66667, 1],
					"texture": "#1"
				},
				"up": {
					"uv": [15.66667, 0.66667, 15.66667, 1],
					"texture": "#1"
				},
				"down": {
					"uv": [15.66667, 0.66667, 15.66667, 1],
					"texture": "#1"
				}
			}
		},
		{
			"from": [5, 12.5, 3.25],
			"to": [5.25, 12.75, 3.5],
			"rotation": {
				"angle": 0,
				"axis": "y",
				"origin": [2, 6.75, -0.5]
			},
			"faces": {
				"north": {
					"uv": [15.66667, 0.66667, 15.66667, 1],
					"texture": "#1"
				},
				"east": {
					"uv": [15.66667, 0.66667, 15.66667, 1],
					"texture": "#1"
				},
				"south": {
					"uv": [15.66667, 0.66667, 15.66667, 1],
					"texture": "#1"
				},
				"west": {
					"uv": [15.66667, 0.66667, 15.66667, 1],
					"texture": "#1"
				},
				"up": {
					"uv": [15.66667, 0.66667, 15.66667, 1],
					"texture": "#1"
				},
				"down": {
					"uv": [15.66667, 0.66667, 15.66667, 1],
					"texture": "#1"
				}
			}
		},
		{
			"from": [5.25, 12.25, 3.25],
			"to": [6.5, 12.5, 3.5],
			"rotation": {
				"angle": 0,
				"axis": "y",
				"origin": [3.25, 6.5, -0.5]
			},
			"faces": {
				"north": {
					"uv": [15.66667, 0.66667, 15.66667, 1],
					"texture": "#1"
				},
				"east": {
					"uv": [15.66667, 0.66667, 15.66667, 1],
					"texture": "#1"
				},
				"south": {
					"uv": [15.66667, 0.66667, 15.66667, 1],
					"texture": "#1"
				},
				"west": {
					"uv": [15.66667, 0.66667, 15.66667, 1],
					"texture": "#1"
				},
				"up": {
					"uv": [15.66667, 0.66667, 15.66667, 1],
					"texture": "#1"
				},
				"down": {
					"uv": [15.66667, 0.66667, 15.66667, 1],
					"texture": "#1"
				}
			}
		},
		{
			"from": [6.5, 12.5, 3.25],
			"to": [6.75, 12.75, 3.5],
			"rotation": {
				"angle": 0,
				"axis": "y",
				"origin": [3.5, 6.75, -0.5]
			},
			"faces": {
				"north": {
					"uv": [15.66667, 0.66667, 15.66667, 1],
					"texture": "#1"
				},
				"east": {
					"uv": [15.66667, 0.66667, 15.66667, 1],
					"texture": "#1"
				},
				"south": {
					"uv": [15.66667, 0.66667, 15.66667, 1],
					"texture": "#1"
				},
				"west": {
					"uv": [15.66667, 0.66667, 15.66667, 1],
					"texture": "#1"
				},
				"up": {
					"uv": [15.66667, 0.66667, 15.66667, 1],
					"texture": "#1"
				},
				"down": {
					"uv": [15.66667, 0.66667, 15.66667, 1],
					"texture": "#1"
				}
			}
		},
		{
			"from": [6.75, 12.75, 3.25],
			"to": [7, 14, 3.5],
			"rotation": {
				"angle": 0,
				"axis": "y",
				"origin": [3.75, 8, -0.5]
			},
			"faces": {
				"north": {
					"uv": [15.66667, 0.66667, 15.66667, 1],
					"texture": "#1"
				},
				"east": {
					"uv": [15.66667, 0.66667, 15.66667, 1],
					"texture": "#1"
				},
				"south": {
					"uv": [15.66667, 0.66667, 15.66667, 1],
					"texture": "#1"
				},
				"west": {
					"uv": [15.66667, 0.66667, 15.66667, 1],
					"texture": "#1"
				},
				"up": {
					"uv": [15.66667, 0.66667, 15.66667, 1],
					"texture": "#1"
				},
				"down": {
					"uv": [15.66667, 0.66667, 15.66667, 1],
					"texture": "#1"
				}
			}
		},
		{
			"from": [6.5, 14, 3.25],
			"to": [6.75, 14.25, 3.5],
			"rotation": {
				"angle": 0,
				"axis": "y",
				"origin": [3.5, 8.25, -0.5]
			},
			"faces": {
				"north": {
					"uv": [15.66667, 0.66667, 15.66667, 1],
					"texture": "#1"
				},
				"east": {
					"uv": [15.66667, 0.66667, 15.66667, 1],
					"texture": "#1"
				},
				"south": {
					"uv": [15.66667, 0.66667, 15.66667, 1],
					"texture": "#1"
				},
				"west": {
					"uv": [15.66667, 0.66667, 15.66667, 1],
					"texture": "#1"
				},
				"up": {
					"uv": [15.66667, 0.66667, 15.66667, 1],
					"texture": "#1"
				},
				"down": {
					"uv": [15.66667, 0.66667, 15.66667, 1],
					"texture": "#1"
				}
			}
		},
		{
			"from": [5.75, 10, 3.5],
			"to": [10.25, 11, 4],
			"rotation": {
				"angle": 0,
				"axis": "y",
				"origin": [8, 3, 0]
			},
			"faces": {
				"north": {
					"uv": [13.83333, 1.41667, 16, 2.5],
					"texture": "#1"
				},
				"east": {
					"uv": [0, 0, 0.5, 1],
					"texture": "#1"
				},
				"south": {
					"uv": [0, 0, 4.5, 1],
					"texture": "#1"
				},
				"west": {
					"uv": [0, 0, 0.5, 1],
					"texture": "#1"
				},
				"up": {
					"uv": [0, 0, 4.5, 0.5],
					"texture": "#1"
				},
				"down": {
					"uv": [13.75, 1.5, 16, 3.75],
					"texture": "#1"
				}
			}
		},
		{
			"from": [7.75, 10.25, 3.25],
			"to": [8.25, 10.75, 3.5],
			"rotation": {
				"angle": 0,
				"axis": "y",
				"origin": [8, 3, -0.5]
			},
			"faces": {
				"north": {
					"uv": [13.83333, 1.41667, 16, 2.5],
					"texture": "#1"
				},
				"east": {
					"uv": [14.25, 1.91667, 15.91667, 3.58333],
					"texture": "#1"
				},
				"south": {
					"uv": [0, 0, 4.5, 1],
					"texture": "#1"
				},
				"west": {
					"uv": [14.75, 1.91667, 16, 3.33333],
					"texture": "#1"
				},
				"up": {
					"uv": [13.5, 1.33333, 16, 3.66667],
					"texture": "#1"
				},
				"down": {
					"uv": [13.75, 1.5, 16, 3.75],
					"texture": "#1"
				}
			}
		},
		{
			"from": [8.75, 10.25, 3.25],
			"to": [9.25, 10.75, 3.5],
			"rotation": {
				"angle": 0,
				"axis": "y",
				"origin": [9, 3, -0.5]
			},
			"faces": {
				"north": {
					"uv": [13.83333, 1.41667, 16, 2.5],
					"texture": "#1"
				},
				"east": {
					"uv": [14.25, 1.91667, 15.91667, 3.58333],
					"texture": "#1"
				},
				"south": {
					"uv": [0, 0, 4.5, 1],
					"texture": "#1"
				},
				"west": {
					"uv": [14.75, 1.91667, 16, 3.33333],
					"texture": "#1"
				},
				"up": {
					"uv": [13.5, 1.33333, 16, 3.66667],
					"texture": "#1"
				},
				"down": {
					"uv": [13.75, 1.5, 16, 3.75],
					"texture": "#1"
				}
			}
		},
		{
			"from": [9.75, 10.25, 3.25],
			"to": [10.25, 10.75, 3.5],
			"rotation": {
				"angle": 0,
				"axis": "y",
				"origin": [10, 3, -0.5]
			},
			"faces": {
				"north": {
					"uv": [13.83333, 1.41667, 16, 2.5],
					"texture": "#1"
				},
				"east": {
					"uv": [14.25, 1.91667, 15.91667, 3.58333],
					"texture": "#1"
				},
				"south": {
					"uv": [0, 0, 4.5, 1],
					"texture": "#1"
				},
				"west": {
					"uv": [14.75, 1.91667, 16, 3.33333],
					"texture": "#1"
				},
				"up": {
					"uv": [13.5, 1.33333, 16, 3.66667],
					"texture": "#1"
				},
				"down": {
					"uv": [13.75, 1.5, 16, 3.75],
					"texture": "#1"
				}
			}
		},
		{
			"from": [6.75, 10.25, 3.25],
			"to": [7.25, 10.75, 3.5],
			"rotation": {
				"angle": 0,
				"axis": "y",
				"origin": [7, 3, -0.5]
			},
			"faces": {
				"north": {
					"uv": [13.83333, 1.41667, 16, 2.5],
					"texture": "#1"
				},
				"east": {
					"uv": [14.25, 1.91667, 15.91667, 3.58333],
					"texture": "#1"
				},
				"south": {
					"uv": [0, 0, 4.5, 1],
					"texture": "#1"
				},
				"west": {
					"uv": [14.75, 1.91667, 16, 3.33333],
					"texture": "#1"
				},
				"up": {
					"uv": [13.5, 1.33333, 16, 3.66667],
					"texture": "#1"
				},
				"down": {
					"uv": [13.75, 1.5, 16, 3.75],
					"texture": "#1"
				}
			}
		},
		{
			"from": [5.75, 10.25, 3.25],
			"to": [6.25, 10.75, 3.5],
			"rotation": {
				"angle": 0,
				"axis": "y",
				"origin": [6, 3, -0.5]
			},
			"faces": {
				"north": {
					"uv": [13.83333, 1.41667, 16, 2.5],
					"texture": "#1"
				},
				"east": {
					"uv": [14.25, 1.91667, 15.91667, 3.58333],
					"texture": "#1"
				},
				"south": {
					"uv": [0, 0, 4.5, 1],
					"texture": "#1"
				},
				"west": {
					"uv": [14.75, 1.91667, 16, 3.33333],
					"texture": "#1"
				},
				"up": {
					"uv": [13.5, 1.33333, 16, 3.66667],
					"texture": "#1"
				},
				"down": {
					"uv": [13.75, 1.5, 16, 3.75],
					"texture": "#1"
				}
			}
		},
		{
			"from": [15, 11.6, 3.5],
			"to": [17, 12.6, 4],
			"rotation": {
				"angle": 45,
				"axis": "z",
				"origin": [15, 4.6, 0]
			},
			"faces": {
				"north": {
					"uv": [13.91667, 1.41667, 15.91667, 2.41667],
					"texture": "#1"
				},
				"east": {
					"uv": [0, 0, 0.5, 1],
					"texture": "#1"
				},
				"south": {
					"uv": [0, 0, 2, 1],
					"texture": "#1"
				},
				"west": {
					"uv": [13.41667, 1.83333, 16, 3.5],
					"texture": "#1"
				},
				"up": {
					"uv": [0, 0, 2, 0.5],
					"texture": "#1"
				},
				"down": {
					"uv": [14, 3.58333, 16, 1.75],
					"texture": "#1"
				}
			}
		},
		{
			"from": [-0.5, 13.1, 3.5],
			"to": [1.5, 14.1, 4],
			"rotation": {
				"angle": -45,
				"axis": "z",
				"origin": [-0.5, 6.1, 0]
			},
			"faces": {
				"north": {
					"uv": [14, 1.5, 16, 2.5],
					"texture": "#1"
				},
				"east": {
					"uv": [14, 1.66667, 15.66667, 3.33333],
					"texture": "#1"
				},
				"south": {
					"uv": [0, 0, 2, 1],
					"texture": "#1"
				},
				"west": {
					"uv": [0, 0, 0.5, 1],
					"texture": "#1"
				},
				"up": {
					"uv": [0, 0, 2, 0.5],
					"texture": "#1"
				},
				"down": {
					"uv": [14, 1.75, 16, 3.75],
					"texture": "#1"
				}
			}
		},
		{
			"from": [4, 8, 4],
			"to": [12, 16, 12],
			"rotation": {
				"angle": 0,
				"axis": "y",
				"origin": [8, 8, 8]
			},
			"faces": {
				"north": {
					"uv": [13.66667, 9.75, 16, 11.83333],
					"texture": "#1"
				},
				"east": {
					"uv": [13.66667, 9.75, 16, 11.83333],
					"texture": "#1"
				},
				"south": {
					"uv": [13.66667, 9.75, 16, 11.83333],
					"texture": "#1"
				},
				"west": {
					"uv": [13.5, 9.83333, 16, 11.75],
					"texture": "#1"
				},
				"up": {
					"uv": [13.66667, 9.75, 16, 11.83333],
					"texture": "#1"
				},
				"down": {
					"uv": [13.66667, 9.75, 16, 11.83333],
					"texture": "#1"
				}
			}
		},
		{
			"from": [6, 16, 6],
			"to": [10, 16.1, 8.75],
			"rotation": {
				"angle": 0,
				"axis": "y",
				"origin": [8, 16, 8]
			},
			"faces": {
				"north": {
					"uv": [13.66667, 14.91667, 16, 16],
					"texture": "#1"
				},
				"east": {
					"uv": [13.66667, 14.91667, 16, 16],
					"texture": "#1"
				},
				"south": {
					"uv": [13.66667, 14.91667, 16, 16],
					"texture": "#1"
				},
				"west": {
					"uv": [13.66667, 14.91667, 16, 16],
					"texture": "#1"
				},
				"up": {
					"uv": [13.66667, 14.91667, 16, 16],
					"texture": "#1"
				},
				"down": {
					"uv": [13.66667, 14.91667, 16, 16],
					"texture": "#1"
				}
			}
		},
		{
			"from": [7.5, 15, 5.5],
			"to": [8.5, 16.1, 7.5],
			"rotation": {
				"angle": 45,
				"axis": "x",
				"origin": [8, 16, 7.5]
			},
			"faces": {
				"north": {
					"uv": [13.66667, 14.91667, 16, 16],
					"texture": "#1"
				},
				"east": {
					"uv": [13.66667, 14.91667, 16, 16],
					"texture": "#1"
				},
				"south": {
					"uv": [13.66667, 14.91667, 16, 16],
					"texture": "#1"
				},
				"west": {
					"uv": [13.66667, 14.91667, 16, 16],
					"texture": "#1"
				},
				"up": {
					"uv": [13.66667, 14.91667, 16, 16],
					"texture": "#1"
				},
				"down": {
					"uv": [13.66667, 14.91667, 16, 16],
					"texture": "#1"
				}
			}
		},
		{
			"from": [6.5, 15, 7],
			"to": [7.5, 16.1, 8.5],
			"rotation": {
				"angle": 45,
				"axis": "x",
				"origin": [7, 16, 8.5]
			},
			"faces": {
				"north": {
					"uv": [13.66667, 14.91667, 16, 16],
					"texture": "#1"
				},
				"east": {
					"uv": [13.66667, 14.91667, 16, 16],
					"texture": "#1"
				},
				"south": {
					"uv": [13.66667, 14.91667, 16, 16],
					"texture": "#1"
				},
				"west": {
					"uv": [13.66667, 14.91667, 16, 16],
					"texture": "#1"
				},
				"up": {
					"uv": [13.66667, 14.91667, 16, 16],
					"texture": "#1"
				},
				"down": {
					"uv": [13.66667, 14.91667, 16, 16],
					"texture": "#1"
				}
			}
		},
		{
			"from": [8.5, 15, 7],
			"to": [9.5, 16.1, 8.5],
			"rotation": {
				"angle": 45,
				"axis": "x",
				"origin": [9, 16, 8.5]
			},
			"faces": {
				"north": {
					"uv": [13.66667, 14.91667, 16, 16],
					"texture": "#1"
				},
				"east": {
					"uv": [13.66667, 14.91667, 16, 16],
					"texture": "#1"
				},
				"south": {
					"uv": [13.66667, 14.91667, 16, 16],
					"texture": "#1"
				},
				"west": {
					"uv": [13.66667, 14.91667, 16, 16],
					"texture": "#1"
				},
				"up": {
					"uv": [13.66667, 14.91667, 16, 16],
					"texture": "#1"
				},
				"down": {
					"uv": [13.66667, 14.91667, 16, 16],
					"texture": "#1"
				}
			}
		},
		{
			"from": [4, 8, 3.75],
			"to": [12, 11, 4],
			"rotation": {
				"angle": 0,
				"axis": "y",
				"origin": [8, 8, 0]
			},
			"faces": {
				"north": {
					"uv": [13.83333, 7.08333, 16, 9],
					"texture": "#1"
				},
				"east": {
					"uv": [13.58333, 7, 16, 7.91667],
					"texture": "#1"
				},
				"south": {
					"uv": [12.41667, 7.08333, 16, 8.83333],
					"texture": "#1"
				},
				"west": {
					"uv": [13.58333, 7, 16, 7.91667],
					"texture": "#1"
				},
				"up": {
					"uv": [13.75, 7, 16, 8.83333],
					"texture": "#1"
				},
				"down": {
					"uv": [13.75, 7, 16, 8.83333],
					"texture": "#1"
				}
			}
		},
		{
			"from": [4, 8, 12],
			"to": [12, 12, 12.25],
			"rotation": {
				"angle": 0,
				"axis": "y",
				"origin": [8, 8, 16]
			},
			"faces": {
				"north": {
					"uv": [13.5, 7.08333, 16, 8.33333],
					"texture": "#1"
				},
				"east": {
					"uv": [13.58333, 7, 16, 8.91667],
					"texture": "#1"
				},
				"south": {
					"uv": [13.5, 7.08333, 16, 8.33333],
					"texture": "#1"
				},
				"west": {
					"uv": [13.58333, 7, 16, 8.91667],
					"texture": "#1"
				},
				"up": {
					"uv": [13.75, 7, 16, 8.83333],
					"texture": "#1"
				},
				"down": {
					"uv": [13.75, 7, 16, 8.83333],
					"texture": "#1"
				}
			}
		},
		{
			"from": [6.65, 12, 12],
			"to": [12, 13, 12.25],
			"rotation": {
				"angle": 0,
				"axis": "y",
				"origin": [8, 9, 16]
			},
			"faces": {
				"north": {
					"uv": [13.5, 7, 15.68333, 8.83333],
					"texture": "#1"
				},
				"east": {
					"uv": [13.83333, 7.16667, 14.91667, 8.91667],
					"texture": "#1"
				},
				"south": {
					"uv": [13.75, 7, 15.68333, 7.25],
					"texture": "#1"
				},
				"west": {
					"uv": [8, 7.08333, 8.25, 8.08333],
					"texture": "#1"
				},
				"up": {
					"uv": [13.73333, 7, 16, 8.75],
					"texture": "#1"
				},
				"down": {
					"uv": [13.73333, 7, 16, 8.75],
					"texture": "#1"
				}
			}
		},
		{
			"from": [5.25, 11.75, 12],
			"to": [8.15, 13.75, 12.25],
			"rotation": {
				"angle": 22.5,
				"axis": "z",
				"origin": [9.25, 9.75, 16]
			},
			"faces": {
				"north": {
					"uv": [13.6, 7.16667, 16, 8.83333],
					"texture": "#1"
				},
				"east": {
					"uv": [8, 7.08333, 8.25, 9.08333],
					"texture": "#1"
				},
				"south": {
					"uv": [13.76667, 7.16667, 16, 7.58333],
					"texture": "#1"
				},
				"west": {
					"uv": [8, 7.08333, 8.25, 9.08333],
					"texture": "#1"
				},
				"up": {
					"uv": [13.68333, 7.25, 16, 8.83333],
					"texture": "#1"
				},
				"down": {
					"uv": [13.68333, 7.25, 16, 8.83333],
					"texture": "#1"
				}
			}
		},
		{
			"from": [12, 8, 4],
			"to": [12.25, 13, 12],
			"rotation": {
				"angle": 0,
				"axis": "y",
				"origin": [16, 8, 8]
			},
			"faces": {
				"north": {
					"uv": [13.58333, 7.08333, 16, 8.83333],
					"texture": "#1"
				},
				"east": {
					"uv": [13.5, 7.08333, 16, 9.33333],
					"texture": "#1"
				},
				"south": {
					"uv": [13.58333, 7.08333, 16, 8.83333],
					"texture": "#1"
				},
				"west": {
					"uv": [13.5, 7.08333, 16, 9.33333],
					"texture": "#1"
				},
				"up": {
					"uv": [13.66667, 7, 16, 8.75],
					"texture": "#1"
				},
				"down": {
					"uv": [13.66667, 7, 16, 8.75],
					"texture": "#1"
				}
			}
		},
		{
			"from": [3.75, 8, 4],
			"to": [4, 12, 12],
			"rotation": {
				"angle": 0,
				"axis": "y",
				"origin": [7.75, 8, 8]
			},
			"faces": {
				"north": {
					"uv": [13.58333, 7, 16, 8.91667],
					"texture": "#1"
				},
				"east": {
					"uv": [13.5, 7.08333, 16, 8.33333],
					"texture": "#1"
				},
				"south": {
					"uv": [13.58333, 7, 16, 8.91667],
					"texture": "#1"
				},
				"west": {
					"uv": [13.5, 7.08333, 16, 8.33333],
					"texture": "#1"
				},
				"up": {
					"uv": [13.66667, 7, 16, 8.75],
					"texture": "#1"
				},
				"down": {
					"uv": [13.66667, 7, 16, 8.75],
					"texture": "#1"
				}
			}
		},
		{
			"from": [12, 14, 3.5],
			"to": [12.5, 15, 12],
			"rotation": {
				"angle": 0,
				"axis": "y",
				"origin": [16, 8, 8]
			},
			"faces": {
				"north": {
					"uv": [13.91667, 4.5, 16, 6.41667],
					"texture": "#1"
				},
				"east": {
					"uv": [13.58333, 4.91667, 15.25, 6.08333],
					"texture": "#1"
				},
				"south": {
					"uv": [13.91667, 4.5, 16, 6.41667],
					"texture": "#1"
				},
				"west": {
					"uv": [13.66667, 4.75, 15.25, 6.33333],
					"texture": "#1"
				},
				"up": {
					"uv": [13.66667, 4.25, 16, 5.5],
					"texture": "#1"
				},
				"down": {
					"uv": [13.66667, 4.25, 16, 5.5],
					"texture": "#1"
				}
			}
		},
		{
			"from": [3.5, 14, 12],
			"to": [12.5, 15, 12.5],
			"rotation": {
				"angle": 0,
				"axis": "y",
				"origin": [16, 8, 16.5]
			},
			"faces": {
				"north": {
					"uv": [13.66667, 4.75, 15.75, 6.33333],
					"texture": "#1"
				},
				"east": {
					"uv": [13.91667, 4.5, 16, 6.41667],
					"texture": "#1"
				},
				"south": {
					"uv": [13.58333, 4.91667, 15.75, 6.08333],
					"texture": "#1"
				},
				"west": {
					"uv": [13.91667, 4.5, 16, 6.41667],
					"texture": "#1"
				},
				"up": {
					"uv": [13.66667, 4.75, 15.75, 5.83333],
					"texture": "#1"
				},
				"down": {
					"uv": [13.66667, 4.75, 15.75, 5.83333],
					"texture": "#1"
				}
			}
		},
		{
			"from": [3.5, 14, 3.5],
			"to": [4, 15, 12],
			"rotation": {
				"angle": 0,
				"axis": "y",
				"origin": [7.5, 8, 8]
			},
			"faces": {
				"north": {
					"uv": [13.91667, 4.5, 16, 6.41667],
					"texture": "#1"
				},
				"east": {
					"uv": [13.66667, 4.75, 15.25, 6.33333],
					"texture": "#1"
				},
				"south": {
					"uv": [13.91667, 4.5, 16, 6.41667],
					"texture": "#1"
				},
				"west": {
					"uv": [13.58333, 4.91667, 15.25, 6.08333],
					"texture": "#1"
				},
				"up": {
					"uv": [13.66667, 4.25, 16, 5.5],
					"texture": "#1"
				},
				"down": {
					"uv": [13.66667, 4.25, 16, 5.5],
					"texture": "#1"
				}
			}
		},
		{
			"from": [3.5, 8.75, 12],
			"to": [12.5, 9.75, 12.5],
			"rotation": {
				"angle": 0,
				"axis": "y",
				"origin": [16, 2.75, 16.5]
			},
			"faces": {
				"north": {
					"uv": [13.66667, 4.75, 15.75, 6.33333],
					"texture": "#1"
				},
				"east": {
					"uv": [13.91667, 4.5, 16, 6.41667],
					"texture": "#1"
				},
				"south": {
					"uv": [13.58333, 4.91667, 15.75, 6.08333],
					"texture": "#1"
				},
				"west": {
					"uv": [13.91667, 4.5, 16, 6.41667],
					"texture": "#1"
				},
				"up": {
					"uv": [13.66667, 4.75, 15.75, 5.83333],
					"texture": "#1"
				},
				"down": {
					"uv": [13.66667, 4.75, 15.75, 5.83333],
					"texture": "#1"
				}
			}
		},
		{
			"from": [3.5, 11, 0.85],
			"to": [4, 12, 10.1],
			"rotation": {
				"angle": 22.5,
				"axis": "x",
				"origin": [7.5, 5, 5.35]
			},
			"faces": {
				"north": {
					"uv": [13.91667, 4.5, 16, 6.41667],
					"texture": "#1"
				},
				"east": {
					"uv": [13.66667, 4.75, 16, 6.33333],
					"texture": "#1"
				},
				"south": {
					"uv": [13.91667, 4.5, 16, 6.41667],
					"texture": "#1"
				},
				"west": {
					"uv": [13.58333, 4.91667, 16, 6.08333],
					"texture": "#1"
				},
				"up": {
					"uv": [13.66667, 4.25, 16, 6.25],
					"texture": "#1"
				},
				"down": {
					"uv": [13.66667, 4.25, 16, 6.25],
					"texture": "#1"
				}
			}
		},
		{
			"from": [12, 11, 0.85],
			"to": [12.5, 12, 10.1],
			"rotation": {
				"angle": 22.5,
				"axis": "x",
				"origin": [16, 5, 5.35]
			},
			"faces": {
				"north": {
					"uv": [13.91667, 4.5, 16, 6.41667],
					"texture": "#1"
				},
				"east": {
					"uv": [13.58333, 4.91667, 16, 6.08333],
					"texture": "#1"
				},
				"south": {
					"uv": [13.91667, 4.5, 16, 6.41667],
					"texture": "#1"
				},
				"west": {
					"uv": [13.66667, 4.75, 16, 6.33333],
					"texture": "#1"
				},
				"up": {
					"uv": [13.66667, 4.25, 16, 6.25],
					"texture": "#1"
				},
				"down": {
					"uv": [13.66667, 4.25, 16, 6.25],
					"texture": "#1"
				}
			}
		}
	]
}