{
	"textures": {
		"1": "animated_java:blueprint/owneroffactory_model/owner_of_factory",
		"particle": "minecraft:item/pufferfish"
	},
	"display": {
		"head": {
			"rotation": [0, 180, 0]
		}
	},
	"elements": [
		{
			"from": [5.75, 5, 2.75],
			"to": [10.25, 6.5, 10.25],
			"rotation": {
				"angle": 0,
				"axis": "y",
				"origin": [9, 5, 8]
			},
			"faces": {
				"north": {
					"uv": [7.58333, 13.33333, 12.08333, 14.83333],
					"texture": "#1"
				},
				"east": {
					"uv": [7.66667, 13.66667, 11.25, 15.25],
					"texture": "#1"
				},
				"south": {
					"uv": [7.58333, 13.33333, 12.08333, 14.83333],
					"texture": "#1"
				},
				"west": {
					"uv": [7.66667, 13.66667, 11.25, 15.25],
					"texture": "#1"
				},
				"up": {
					"uv": [7.25, 12.91667, 11.41667, 15.91667],
					"texture": "#1"
				},
				"down": {
					"uv": [7.25, 12.91667, 11.41667, 15.91667],
					"texture": "#1"
				}
			}
		},
		{
			"from": [5.75, 6.5, 5.75],
			"to": [10.25, 8, 10.25],
			"rotation": {
				"angle": 0,
				"axis": "y",
				"origin": [9, 6.5, 8]
			},
			"faces": {
				"north": {
					"uv": [7.33333, 8.5, 11.83333, 10],
					"texture": "#1"
				},
				"east": {
					"uv": [7.33333, 8.5, 11.83333, 10],
					"texture": "#1"
				},
				"south": {
					"uv": [7.33333, 8.5, 11.83333, 10],
					"texture": "#1"
				},
				"west": {
					"uv": [7.33333, 8.5, 11.83333, 10],
					"texture": "#1"
				},
				"up": {
					"uv": [7.5, 8.5, 11.83333, 11.41667],
					"texture": "#1"
				},
				"down": {
					"uv": [7.5, 8.5, 11.83333, 11.41667],
					"texture": "#1"
				}
			}
		},
		{
			"from": [5.775, 7.25, 2.95],
			"to": [10.175, 8.5, 6.45],
			"rotation": {
				"angle": -22.5,
				"axis": "x",
				"origin": [9, 7, 7.95]
			},
			"faces": {
				"north": {
					"uv": [7.33333, 8.5, 11.73333, 9.75],
					"texture": "#1"
				},
				"east": {
					"uv": [7.33333, 8.5, 10.83333, 9.75],
					"texture": "#1"
				},
				"south": {
					"uv": [7.33333, 8.5, 11.73333, 9.75],
					"texture": "#1"
				},
				"west": {
					"uv": [7.33333, 8.5, 10.83333, 9.75],
					"texture": "#1"
				},
				"up": {
					"uv": [7.5, 8.5, 11.73333, 10.41667],
					"texture": "#1"
				},
				"down": {
					"uv": [7.5, 8.5, 11.73333, 10.41667],
					"texture": "#1"
				}
			}
		}
	]
}