{
	"textures": {
		"0": "minecraft:item/weapon_owner_of_factory",
		"particle": "minecraft:item/pufferfish"
	},
	"display": {
		"head": {
			"rotation": [0, 180, 0]
		}
	},
	"elements": [
		{
			"from": [6.55, 6.55, 3.5],
			"to": [9.45, 9.7, 4.75],
			"rotation": {
				"angle": 0,
				"axis": "y",
				"origin": [7, 7, 3.25]
			},
			"faces": {
				"north": {
					"uv": [13.1, 12.85, 16, 16],
					"texture": "#0"
				},
				"east": {
					"uv": [14.75, 12.85, 16, 16],
					"texture": "#0"
				},
				"south": {
					"uv": [13.1, 12.85, 16, 16],
					"texture": "#0"
				},
				"west": {
					"uv": [13.75, 12.85, 15.25, 16],
					"texture": "#0"
				},
				"up": {
					"uv": [13.1, 14.75, 16, 16],
					"texture": "#0"
				},
				"down": {
					"uv": [13.1, 14.75, 16, 16],
					"texture": "#0"
				}
			}
		},
		{
			"from": [7, 7, 6],
			"to": [9, 9, 7.5],
			"rotation": {
				"angle": 0,
				"axis": "y",
				"origin": [7, 7, 6]
			},
			"faces": {
				"north": {
					"uv": [14, 14, 16, 16],
					"texture": "#0"
				},
				"east": {
					"uv": [14.5, 14, 16, 16],
					"texture": "#0"
				},
				"south": {
					"uv": [14, 14, 16, 16],
					"texture": "#0"
				},
				"west": {
					"uv": [14.5, 14, 16, 16],
					"texture": "#0"
				},
				"up": {
					"uv": [14, 14.5, 16, 16],
					"texture": "#0"
				},
				"down": {
					"uv": [14, 14.5, 16, 16],
					"texture": "#0"
				}
			}
		},
		{
			"from": [6.75, 6.75, 4.75],
			"to": [9.25, 9.35, 6],
			"rotation": {
				"angle": 0,
				"axis": "y",
				"origin": [7, 7, 4.5]
			},
			"faces": {
				"north": {
					"uv": [13.5, 13.4, 16, 16],
					"texture": "#0"
				},
				"east": {
					"uv": [14.75, 13.4, 16, 16],
					"texture": "#0"
				},
				"south": {
					"uv": [13.5, 13.4, 16, 16],
					"texture": "#0"
				},
				"west": {
					"uv": [14.75, 13.4, 16, 16],
					"texture": "#0"
				},
				"up": {
					"uv": [13.5, 14.75, 16, 16],
					"texture": "#0"
				},
				"down": {
					"uv": [13.5, 14.75, 16, 16],
					"texture": "#0"
				}
			}
		},
		{
			"from": [6.3, 6.35, 2.25],
			"to": [9.7, 10.2, 3.5],
			"rotation": {
				"angle": 0,
				"axis": "y",
				"origin": [7, 7, 2]
			},
			"faces": {
				"north": {
					"uv": [0, 0, 3.4, 3.85],
					"texture": "#0"
				},
				"east": {
					"uv": [0, 0, 1.25, 3.85],
					"texture": "#0"
				},
				"south": {
					"uv": [0, 0, 3.4, 3.85],
					"texture": "#0"
				},
				"west": {
					"uv": [0, 0, 1.25, 3.85],
					"texture": "#0"
				},
				"up": {
					"uv": [0, 0, 3.4, 1.25],
					"texture": "#0"
				},
				"down": {
					"uv": [0, 0, 3.4, 1.25],
					"texture": "#0"
				}
			}
		},
		{
			"from": [7.45, 10, 2.2],
			"to": [8.55, 11.3, 3.3],
			"rotation": {
				"angle": 0,
				"axis": "y",
				"origin": [7, 10.75, 2]
			},
			"faces": {
				"north": {
					"uv": [0, 0, 1.1, 1.3],
					"texture": "#0"
				},
				"east": {
					"uv": [0, 0, 1.1, 1.3],
					"texture": "#0"
				},
				"south": {
					"uv": [0, 0, 1.1, 1.3],
					"texture": "#0"
				},
				"west": {
					"uv": [0, 0, 1.1, 1.3],
					"texture": "#0"
				},
				"up": {
					"uv": [0, 0, 1.1, 1.1],
					"texture": "#0"
				},
				"down": {
					"uv": [0, 0, 1.1, 1.1],
					"texture": "#0"
				}
			}
		},
		{
			"from": [7.55, 10.6, 2.3],
			"to": [8.45, 11.45, 4],
			"rotation": {
				"angle": -22.5,
				"axis": "x",
				"origin": [7, 11, 2.5]
			},
			"faces": {
				"north": {
					"uv": [0, 0, 0.9, 0.85],
					"texture": "#0"
				},
				"east": {
					"uv": [0, 0, 1.7, 0.85],
					"texture": "#0"
				},
				"south": {
					"uv": [0, 0, 0.9, 0.85],
					"texture": "#0"
				},
				"west": {
					"uv": [0, 0, 1.7, 0.85],
					"texture": "#0"
				},
				"up": {
					"uv": [0, 0, 0.9, 1.7],
					"texture": "#0"
				},
				"down": {
					"uv": [0, 0, 0.9, 1.7],
					"texture": "#0"
				}
			}
		},
		{
			"from": [5.55, 6.35, 1],
			"to": [10.45, 10.2, 2.25],
			"rotation": {
				"angle": 0,
				"axis": "y",
				"origin": [7.75, 7, 0.75]
			},
			"faces": {
				"north": {
					"uv": [0, 0, 4.9, 3.85],
					"texture": "#0"
				},
				"east": {
					"uv": [0, 0, 1.25, 3.85],
					"texture": "#0"
				},
				"south": {
					"uv": [0, 0, 4.9, 3.85],
					"texture": "#0"
				},
				"west": {
					"uv": [0, 0, 1.25, 3.85],
					"texture": "#0"
				},
				"up": {
					"uv": [0, 0, 4.9, 1.25],
					"texture": "#0"
				},
				"down": {
					"uv": [0, 0, 4.9, 1.25],
					"texture": "#0"
				}
			}
		},
		{
			"from": [7.05, 7.15, 7.5],
			"to": [8.95, 8.85, 9],
			"rotation": {
				"angle": 0,
				"axis": "y",
				"origin": [7, 7, 7.5]
			},
			"faces": {
				"north": {
					"uv": [14.1, 14.3, 16, 16],
					"texture": "#0"
				},
				"east": {
					"uv": [14.5, 14.3, 16, 16],
					"texture": "#0"
				},
				"south": {
					"uv": [14.1, 14.3, 16, 16],
					"texture": "#0"
				},
				"west": {
					"uv": [14.5, 14.3, 16, 16],
					"texture": "#0"
				},
				"up": {
					"uv": [14.1, 14.5, 16, 16],
					"texture": "#0"
				},
				"down": {
					"uv": [14.1, 14.5, 16, 16],
					"texture": "#0"
				}
			}
		},
		{
			"from": [7.55, 7.15, 9],
			"to": [8.45, 8.85, 10.5],
			"rotation": {
				"angle": 0,
				"axis": "y",
				"origin": [7, 7, 9]
			},
			"faces": {
				"north": {
					"uv": [8.26667, 5.63333, 10.16667, 7.33333],
					"texture": "#0"
				},
				"east": {
					"uv": [9.91667, 11.05, 11.41667, 12.75],
					"texture": "#0"
				},
				"south": {
					"uv": [10.18333, 11.05, 11.08333, 12.75],
					"texture": "#0"
				},
				"west": {
					"uv": [9.91667, 11.05, 11.41667, 12.75],
					"rotation": 180,
					"texture": "#0"
				},
				"up": {
					"uv": [9.93333, 11.16667, 11.43333, 12.06667],
					"rotation": 270,
					"texture": "#0"
				},
				"down": {
					"uv": [9.93333, 11.5, 11.43333, 12.4],
					"rotation": 90,
					"texture": "#0"
				}
			}
		},
		{
			"from": [7.55, 7.25, 9.65],
			"to": [8.45, 8.2, 11.15],
			"rotation": {
				"angle": 22.5,
				"axis": "x",
				"origin": [7, 6.35, 9.65]
			},
			"faces": {
				"north": {
					"uv": [0, 0.21667, 0.9, 1.16667],
					"texture": "#0"
				},
				"east": {
					"uv": [0, 0, 1.5, 0.95],
					"texture": "#0"
				},
				"south": {
					"uv": [0, 0, 0.9, 0.95],
					"texture": "#0"
				},
				"west": {
					"uv": [0, 0, 1.5, 0.95],
					"texture": "#0"
				},
				"up": {
					"uv": [0, 0, 0.9, 1.5],
					"texture": "#0"
				},
				"down": {
					"uv": [0, 0, 0.9, 1.5],
					"texture": "#0"
				}
			}
		},
		{
			"from": [7.55, 8.05, 10.8],
			"to": [8.45, 9, 12.3],
			"rotation": {
				"angle": -22.5,
				"axis": "x",
				"origin": [7, 7.15, 10.8]
			},
			"faces": {
				"north": {
					"uv": [0, 0, 0.9, 0.95],
					"texture": "#0"
				},
				"east": {
					"uv": [0, 0, 1.5, 0.95],
					"texture": "#0"
				},
				"south": {
					"uv": [0, 0, 0.9, 0.95],
					"texture": "#0"
				},
				"west": {
					"uv": [0, 0, 1.5, 0.95],
					"texture": "#0"
				},
				"up": {
					"uv": [0, 0, 0.9, 1.5],
					"texture": "#0"
				},
				"down": {
					"uv": [0, 0, 0.9, 1.5],
					"texture": "#0"
				}
			}
		},
		{
			"from": [6.85, 8.5, 3],
			"to": [9.15, 9.5, 5],
			"rotation": {
				"angle": 22.5,
				"axis": "x",
				"origin": [7, 8.5, 5]
			},
			"faces": {
				"north": {
					"uv": [13.7, 15, 16, 16],
					"rotation": 180,
					"texture": "#0"
				},
				"east": {
					"uv": [15, 14, 16, 16],
					"rotation": 90,
					"texture": "#0"
				},
				"south": {
					"uv": [13.7, 15, 16, 16],
					"texture": "#0"
				},
				"west": {
					"uv": [15, 14, 16, 16],
					"rotation": 270,
					"texture": "#0"
				},
				"up": {
					"uv": [13.7, 14, 16, 16],
					"texture": "#0"
				},
				"down": {
					"uv": [13.7, 14, 16, 16],
					"rotation": 180,
					"texture": "#0"
				}
			}
		},
		{
			"from": [5.85, 7.3, -7.25],
			"to": [10.15, 10.3, 1.75],
			"rotation": {
				"angle": 22.5,
				"axis": "x",
				"origin": [7, 9.3, 1.75]
			},
			"faces": {
				"north": {
					"uv": [0, 0, 4.3, 3],
					"rotation": 180,
					"texture": "#0"
				},
				"east": {
					"uv": [0, 0, 3, 7.91667],
					"rotation": 90,
					"texture": "#0"
				},
				"south": {
					"uv": [0, 0, 4.3, 3],
					"texture": "#0"
				},
				"west": {
					"uv": [0, 0, 3, 7.91667],
					"rotation": 270,
					"texture": "#0"
				},
				"up": {
					"uv": [0, 0, 4.55, 8.16667],
					"texture": "#0"
				},
				"down": {
					"uv": [0, 0, 4.3, 8.25],
					"rotation": 180,
					"texture": "#0"
				}
			}
		},
		{
			"from": [10.1, 7.3, -7],
			"to": [10.75, 9.8, -3.25],
			"rotation": {
				"angle": 22.5,
				"axis": "x",
				"origin": [11, 9.3, 1.75]
			},
			"faces": {
				"north": {
					"uv": [0, 0, 0.65, 2.5],
					"rotation": 180,
					"texture": "#0"
				},
				"east": {
					"uv": [0, 0, 2.5, 3.75],
					"rotation": 90,
					"texture": "#0"
				},
				"south": {
					"uv": [0, 0, 0.65, 2.5],
					"texture": "#0"
				},
				"west": {
					"uv": [0, 0, 2.5, 3.75],
					"rotation": 270,
					"texture": "#0"
				},
				"up": {
					"uv": [0, 0, 0.65, 3.75],
					"texture": "#0"
				},
				"down": {
					"uv": [0, 0, 0.65, 3.75],
					"rotation": 180,
					"texture": "#0"
				}
			}
		},
		{
			"from": [5.2, 7.3, -7],
			"to": [5.85, 9.8, -3.25],
			"rotation": {
				"angle": 22.5,
				"axis": "x",
				"origin": [6.1, 9.3, 1.75]
			},
			"faces": {
				"north": {
					"uv": [0, 0, 0.65, 2.5],
					"rotation": 180,
					"texture": "#0"
				},
				"east": {
					"uv": [0, 0, 2.5, 3.75],
					"rotation": 90,
					"texture": "#0"
				},
				"south": {
					"uv": [0, 0, 0.65, 2.5],
					"texture": "#0"
				},
				"west": {
					"uv": [0, 0, 2.5, 3.75],
					"rotation": 270,
					"texture": "#0"
				},
				"up": {
					"uv": [0, 0, 0.65, 3.75],
					"texture": "#0"
				},
				"down": {
					"uv": [0, 0, 0.65, 3.75],
					"rotation": 180,
					"texture": "#0"
				}
			}
		},
		{
			"from": [5.85, 10.05, -6],
			"to": [10.15, 10.55, -1],
			"rotation": {
				"angle": 22.5,
				"axis": "x",
				"origin": [7, 12.05, 3]
			},
			"faces": {
				"north": {
					"uv": [0, 0, 4.3, 0.5],
					"rotation": 180,
					"texture": "#0"
				},
				"east": {
					"uv": [0, 0, 0.5, 5],
					"rotation": 90,
					"texture": "#0"
				},
				"south": {
					"uv": [0, 0, 4.3, 0.5],
					"texture": "#0"
				},
				"west": {
					"uv": [0, 0, 0.5, 5],
					"rotation": 270,
					"texture": "#0"
				},
				"up": {
					"uv": [0, 0, 4.3, 5],
					"texture": "#0"
				},
				"down": {
					"uv": [0, 0, 4.3, 5],
					"rotation": 180,
					"texture": "#0"
				}
			}
		},
		{
			"from": [6.1, 11.2, -7.3],
			"to": [9.9, 14.6, -6.5],
			"rotation": {
				"angle": 22.5,
				"axis": "x",
				"origin": [6.75, 12.7, -6.5]
			},
			"faces": {
				"north": {
					"uv": [0, 0, 3.8, 3.4],
					"rotation": 180,
					"texture": "#0"
				},
				"east": {
					"uv": [0, 0, 3.4, 0.8],
					"rotation": 90,
					"texture": "#0"
				},
				"south": {
					"uv": [0, 0, 3.8, 3.4],
					"texture": "#0"
				},
				"west": {
					"uv": [0, 0, 3.4, 0.8],
					"rotation": 270,
					"texture": "#0"
				},
				"up": {
					"uv": [0, 0, 3.8, 0.8],
					"texture": "#0"
				},
				"down": {
					"uv": [0, 0, 3.8, 0.8],
					"rotation": 180,
					"texture": "#0"
				}
			}
		},
		{
			"from": [6.5, 12.35, -7.85],
			"to": [9.5, 15.05, -7.05],
			"rotation": {
				"angle": 22.5,
				"axis": "x",
				"origin": [6.75, 13.35, -7.05]
			},
			"faces": {
				"north": {
					"uv": [0, 0, 3, 2.7],
					"rotation": 180,
					"texture": "#0"
				},
				"east": {
					"uv": [0, 0, 2.7, 0.8],
					"rotation": 90,
					"texture": "#0"
				},
				"south": {
					"uv": [0, 0, 3, 2.7],
					"texture": "#0"
				},
				"west": {
					"uv": [0, 0, 2.7, 0.8],
					"rotation": 270,
					"texture": "#0"
				},
				"up": {
					"uv": [0, 0, 3, 0.8],
					"texture": "#0"
				},
				"down": {
					"uv": [0, 0, 3, 0.8],
					"rotation": 180,
					"texture": "#0"
				}
			}
		},
		{
			"from": [6.7, 13.9, -9],
			"to": [9.3, 15.55, -7.7],
			"rotation": {
				"angle": 22.5,
				"axis": "x",
				"origin": [6.75, 13.85, -7.7]
			},
			"faces": {
				"north": {
					"uv": [0, 0, 2.6, 1.65],
					"rotation": 180,
					"texture": "#0"
				},
				"east": {
					"uv": [0, 0, 1.65, 1.3],
					"rotation": 90,
					"texture": "#0"
				},
				"south": {
					"uv": [0, 0, 2.6, 1.65],
					"texture": "#0"
				},
				"west": {
					"uv": [0, 0, 1.65, 1.3],
					"rotation": 270,
					"texture": "#0"
				},
				"up": {
					"uv": [0, 0, 2.6, 1.3],
					"texture": "#0"
				},
				"down": {
					"uv": [0, 0, 2.6, 1.3],
					"rotation": 180,
					"texture": "#0"
				}
			}
		},
		{
			"from": [6.7, 10.8, -8.1],
			"to": [9.3, 14.55, -7],
			"rotation": {
				"angle": -22.5,
				"axis": "x",
				"origin": [6.75, 12.35, -8.1]
			},
			"faces": {
				"north": {
					"uv": [0, 0, 2.6, 3.75],
					"rotation": 180,
					"texture": "#0"
				},
				"east": {
					"uv": [0, 0, 3.75, 1.1],
					"rotation": 270,
					"texture": "#0"
				},
				"south": {
					"uv": [0, 0, 2.6, 3.75],
					"texture": "#0"
				},
				"west": {
					"uv": [0, 0, 3.75, 1.1],
					"rotation": 90,
					"texture": "#0"
				},
				"up": {
					"uv": [0, 0, 2.6, 1.1],
					"rotation": 180,
					"texture": "#0"
				},
				"down": {
					"uv": [0, 0, 2.6, 1.1],
					"texture": "#0"
				}
			}
		},
		{
			"from": [6.7, 14.85, -8.7],
			"to": [9.3, 15.65, -4.7],
			"rotation": {
				"angle": 45,
				"axis": "x",
				"origin": [6.75, 14.85, -7.25]
			},
			"faces": {
				"north": {
					"uv": [0, 0, 2.6, 0.8],
					"texture": "#0"
				},
				"east": {
					"uv": [0, 0, 4, 0.8],
					"texture": "#0"
				},
				"south": {
					"uv": [0, 0, 2.6, 0.8],
					"texture": "#0"
				},
				"west": {
					"uv": [0, 0, 4, 0.8],
					"texture": "#0"
				},
				"up": {
					"uv": [0, 0, 2.6, 4],
					"texture": "#0"
				},
				"down": {
					"uv": [0, 0, 2.6, 4],
					"texture": "#0"
				}
			}
		},
		{
			"from": [6.7, 14.85, -8.2],
			"to": [9.3, 14.95, -5.2],
			"rotation": {
				"angle": 45,
				"axis": "x",
				"origin": [6.75, 14.85, -6.25]
			},
			"faces": {
				"north": {
					"uv": [0, 0, 2.6, 0.1],
					"texture": "#0"
				},
				"east": {
					"uv": [0, 0, 3, 0.1],
					"texture": "#0"
				},
				"south": {
					"uv": [0, 0, 2.6, 0.1],
					"texture": "#0"
				},
				"west": {
					"uv": [0, 0, 3, 0.1],
					"texture": "#0"
				},
				"up": {
					"uv": [7.75, 13.58333, 10.01667, 15.75],
					"texture": "#0"
				},
				"down": {
					"uv": [0, 0, 2.6, 3],
					"texture": "#0"
				}
			}
		},
		{
			"from": [5.1, 6.25, -0.5],
			"to": [10.9, 10.25, 1.5],
			"rotation": {
				"angle": 0,
				"axis": "y",
				"origin": [7, 8.25, 1.5]
			},
			"faces": {
				"north": {
					"uv": [0, 0, 5.8, 4],
					"rotation": 180,
					"texture": "#0"
				},
				"east": {
					"uv": [0, 0, 4, 2],
					"rotation": 90,
					"texture": "#0"
				},
				"south": {
					"uv": [0, 0, 5.8, 4],
					"texture": "#0"
				},
				"west": {
					"uv": [0, 0, 4, 2],
					"rotation": 270,
					"texture": "#0"
				},
				"up": {
					"uv": [0, 0, 5.8, 2],
					"texture": "#0"
				},
				"down": {
					"uv": [0, 0, 5.8, 2],
					"rotation": 180,
					"texture": "#0"
				}
			}
		},
		{
			"from": [10.9, 7.5, 0],
			"to": [11, 9, 1.25],
			"rotation": {
				"angle": 0,
				"axis": "y",
				"origin": [12.9, 8.25, 1.5]
			},
			"faces": {
				"north": {
					"uv": [0, 0, 0.1, 1.5],
					"rotation": 180,
					"texture": "#0"
				},
				"east": {
					"uv": [7.66667, 13.33333, 10.25, 15.91667],
					"rotation": 90,
					"texture": "#0"
				},
				"south": {
					"uv": [0, 0, 0.1, 1.5],
					"texture": "#0"
				},
				"west": {
					"uv": [0, 0, 1.5, 1.25],
					"rotation": 270,
					"texture": "#0"
				},
				"up": {
					"uv": [0, 0, 0.1, 1.25],
					"texture": "#0"
				},
				"down": {
					"uv": [0, 0, 0.1, 1.25],
					"rotation": 180,
					"texture": "#0"
				}
			}
		},
		{
			"from": [5, 7.5, 0],
			"to": [5.1, 9, 1.25],
			"rotation": {
				"angle": 0,
				"axis": "y",
				"origin": [6.8, 8.25, 1.5]
			},
			"faces": {
				"north": {
					"uv": [0, 0, 0.1, 1.5],
					"rotation": 180,
					"texture": "#0"
				},
				"east": {
					"uv": [0, 0, 1.5, 1.25],
					"rotation": 90,
					"texture": "#0"
				},
				"south": {
					"uv": [0, 0, 0.1, 1.5],
					"texture": "#0"
				},
				"west": {
					"uv": [7.58333, 13.16667, 10.08333, 15.83333],
					"rotation": 270,
					"texture": "#0"
				},
				"up": {
					"uv": [0, 0, 0.1, 1.25],
					"texture": "#0"
				},
				"down": {
					"uv": [0, 0, 0.1, 1.25],
					"rotation": 180,
					"texture": "#0"
				}
			}
		},
		{
			"from": [4.6, 6.25, -3.95],
			"to": [11.4, 10.25, -0.5],
			"rotation": {
				"angle": 0,
				"axis": "y",
				"origin": [7, 8.25, 1.5]
			},
			"faces": {
				"north": {
					"uv": [0, 0, 6.8, 4],
					"rotation": 180,
					"texture": "#0"
				},
				"east": {
					"uv": [0, 0, 4, 3.45],
					"rotation": 90,
					"texture": "#0"
				},
				"south": {
					"uv": [0, 0, 6.8, 4],
					"texture": "#0"
				},
				"west": {
					"uv": [0, 0, 4, 3.45],
					"rotation": 270,
					"texture": "#0"
				},
				"up": {
					"uv": [0, 0, 6.8, 3.45],
					"texture": "#0"
				},
				"down": {
					"uv": [0, 0, 6.8, 3.45],
					"rotation": 180,
					"texture": "#0"
				}
			}
		},
		{
			"from": [4.85, 7, -4.4],
			"to": [11.15, 9.75, -4],
			"rotation": {
				"angle": 0,
				"axis": "y",
				"origin": [7, 8.25, -2]
			},
			"faces": {
				"north": {
					"uv": [10.86667, 12, 16, 16],
					"rotation": 180,
					"texture": "#0"
				},
				"east": {
					"uv": [12, 15.6, 16, 16],
					"rotation": 90,
					"texture": "#0"
				},
				"south": {
					"uv": [12.11667, 12, 16, 16],
					"texture": "#0"
				},
				"west": {
					"uv": [12, 15.6, 16, 16],
					"rotation": 270,
					"texture": "#0"
				},
				"up": {
					"uv": [11.36667, 15.26667, 16, 16],
					"texture": "#0"
				},
				"down": {
					"uv": [11.28333, 15.6, 16, 16],
					"rotation": 180,
					"texture": "#0"
				}
			}
		},
		{
			"from": [5.15, 6.25, -6.6],
			"to": [10.85, 6.65, -3],
			"rotation": {
				"angle": -22.5,
				"axis": "x",
				"origin": [7, 4.25, -5]
			},
			"faces": {
				"north": {
					"uv": [11.05, 15.43333, 16, 16],
					"texture": "#0"
				},
				"east": {
					"uv": [12.4, 15.6, 16, 16],
					"texture": "#0"
				},
				"south": {
					"uv": [11.05, 15.35, 16, 16],
					"texture": "#0"
				},
				"west": {
					"uv": [12.4, 15.6, 16, 16],
					"texture": "#0"
				},
				"up": {
					"uv": [11.13333, 12.31667, 16, 16],
					"texture": "#0"
				},
				"down": {
					"uv": [11.46667, 12.4, 16, 16],
					"texture": "#0"
				}
			}
		},
		{
			"from": [9.85, 6.6, -6.75],
			"to": [10.45, 7.25, -6.5],
			"rotation": {
				"angle": -22.5,
				"axis": "x",
				"origin": [6.7, 4.6, -5.15]
			},
			"faces": {
				"north": {
					"uv": [1.16667, 11.35, 1.76667, 12],
					"texture": "#0"
				},
				"east": {
					"uv": [4.08333, 14.08333, 4.33333, 14.73333],
					"texture": "#0"
				},
				"south": {
					"uv": [3.16667, 11.41667, 3.76667, 12.06667],
					"texture": "#0"
				},
				"west": {
					"uv": [3.5, 13.08333, 3.75, 13.73333],
					"texture": "#0"
				},
				"up": {
					"uv": [2.33333, 11.25, 2.93333, 11.5],
					"texture": "#0"
				},
				"down": {
					"uv": [2.58333, 14.16667, 3.18333, 14.41667],
					"texture": "#0"
				}
			}
		},
		{
			"from": [9.05, 6.6, -6.75],
			"to": [9.65, 7.25, -6.5],
			"rotation": {
				"angle": -22.5,
				"axis": "x",
				"origin": [5.9, 4.6, -5.15]
			},
			"faces": {
				"north": {
					"uv": [0, 11.93333, 0.6, 12.58333],
					"texture": "#0"
				},
				"east": {
					"uv": [4.16667, 15.35, 4.41667, 16],
					"texture": "#0"
				},
				"south": {
					"uv": [3.25, 12.66667, 3.85, 13.31667],
					"texture": "#0"
				},
				"west": {
					"uv": [3.91667, 12.66667, 4.16667, 13.31667],
					"texture": "#0"
				},
				"up": {
					"uv": [2.5, 12.08333, 3.1, 12.33333],
					"texture": "#0"
				},
				"down": {
					"uv": [3.58333, 12.58333, 4.18333, 12.83333],
					"texture": "#0"
				}
			}
		},
		{
			"from": [8.25, 6.6, -6.75],
			"to": [8.85, 7.25, -6.5],
			"rotation": {
				"angle": -22.5,
				"axis": "x",
				"origin": [5.1, 4.6, -5.15]
			},
			"faces": {
				"north": {
					"uv": [1.5, 13.85, 2.1, 14.5],
					"texture": "#0"
				},
				"east": {
					"uv": [1.66667, 14, 1.91667, 14.65],
					"texture": "#0"
				},
				"south": {
					"uv": [3, 14.08333, 3.6, 14.73333],
					"texture": "#0"
				},
				"west": {
					"uv": [2.08333, 13.75, 2.33333, 14.4],
					"texture": "#0"
				},
				"up": {
					"uv": [2.66667, 12.41667, 3.26667, 12.66667],
					"texture": "#0"
				},
				"down": {
					"uv": [1.58333, 13.5, 2.18333, 13.75],
					"texture": "#0"
				}
			}
		},
		{
			"from": [7.25, 6.6, -6.75],
			"to": [7.85, 7.25, -6.5],
			"rotation": {
				"angle": -22.5,
				"axis": "x",
				"origin": [4.1, 4.6, -5.15]
			},
			"faces": {
				"north": {
					"uv": [0, 11.6, 0.6, 12.25],
					"texture": "#0"
				},
				"east": {
					"uv": [0.75, 14.5, 1, 15.15],
					"texture": "#0"
				},
				"south": {
					"uv": [0.83333, 12.16667, 1.43333, 12.81667],
					"texture": "#0"
				},
				"west": {
					"uv": [1.16667, 13.16667, 1.41667, 13.81667],
					"texture": "#0"
				},
				"up": {
					"uv": [0.41667, 12.25, 1.01667, 12.5],
					"texture": "#0"
				},
				"down": {
					"uv": [0.41667, 10.83333, 1.01667, 11.08333],
					"texture": "#0"
				}
			}
		},
		{
			"from": [6.45, 6.6, -6.75],
			"to": [7.05, 7.25, -6.5],
			"rotation": {
				"angle": -22.5,
				"axis": "x",
				"origin": [3.3, 4.6, -5.15]
			},
			"faces": {
				"north": {
					"uv": [1.91667, 13.6, 2.51667, 14.25],
					"texture": "#0"
				},
				"east": {
					"uv": [2.58333, 11.75, 2.83333, 12.4],
					"texture": "#0"
				},
				"south": {
					"uv": [2.41667, 13, 3.01667, 13.65],
					"texture": "#0"
				},
				"west": {
					"uv": [3.5, 15.35, 3.75, 16],
					"texture": "#0"
				},
				"up": {
					"uv": [2, 11.83333, 2.6, 12.08333],
					"texture": "#0"
				},
				"down": {
					"uv": [2.25, 12.66667, 2.85, 12.91667],
					"texture": "#0"
				}
			}
		},
		{
			"from": [5.65, 6.6, -6.75],
			"to": [6.25, 7.25, -6.5],
			"rotation": {
				"angle": -22.5,
				"axis": "x",
				"origin": [2.5, 4.6, -5.15]
			},
			"faces": {
				"north": {
					"uv": [2.41667, 13.68333, 3.01667, 14.33333],
					"texture": "#0"
				},
				"east": {
					"uv": [1.25, 14.91667, 1.5, 15.56667],
					"texture": "#0"
				},
				"south": {
					"uv": [2.16667, 15.35, 2.76667, 16],
					"texture": "#0"
				},
				"west": {
					"uv": [0.83333, 14.33333, 1.08333, 14.98333],
					"texture": "#0"
				},
				"up": {
					"uv": [1.75, 14.08333, 2.35, 14.33333],
					"texture": "#0"
				},
				"down": {
					"uv": [1.33333, 13.5, 1.93333, 13.75],
					"texture": "#0"
				}
			}
		},
		{
			"from": [10.05, 7.2, -6.95],
			"to": [10.35, 7.65, -6.7],
			"rotation": {
				"angle": -22.5,
				"axis": "x",
				"origin": [6.8, 5.2, -5.35]
			},
			"faces": {
				"north": {
					"uv": [3.83333, 15.53333, 5.3, 16],
					"texture": "#0"
				},
				"east": {
					"uv": [3.75, 13.66667, 4, 14.11667],
					"texture": "#0"
				},
				"south": {
					"uv": [3.91667, 11.83333, 4.21667, 12.28333],
					"texture": "#0"
				},
				"west": {
					"uv": [4.25, 13.25, 4.5, 13.7],
					"texture": "#0"
				},
				"up": {
					"uv": [2.75, 12.25, 3.05, 12.5],
					"texture": "#0"
				},
				"down": {
					"uv": [4.16667, 14.25, 4.46667, 14.5],
					"texture": "#0"
				}
			}
		},
		{
			"from": [9.25, 7.2, -6.95],
			"to": [9.55, 7.65, -6.7],
			"rotation": {
				"angle": -22.5,
				"axis": "x",
				"origin": [6, 5.2, -5.35]
			},
			"faces": {
				"north": {
					"uv": [3.83333, 15.53333, 5.3, 16],
					"texture": "#0"
				},
				"east": {
					"uv": [4, 13.66667, 4.25, 14.11667],
					"texture": "#0"
				},
				"south": {
					"uv": [4.08333, 10.83333, 4.38333, 11.28333],
					"texture": "#0"
				},
				"west": {
					"uv": [4.58333, 14.75, 4.83333, 15.2],
					"texture": "#0"
				},
				"up": {
					"uv": [3.83333, 12.66667, 4.13333, 12.91667],
					"texture": "#0"
				},
				"down": {
					"uv": [3.16667, 12.25, 3.46667, 12.5],
					"texture": "#0"
				}
			}
		},
		{
			"from": [8.45, 7.2, -6.95],
			"to": [8.75, 7.65, -6.7],
			"rotation": {
				"angle": -22.5,
				"axis": "x",
				"origin": [5.2, 5.2, -5.35]
			},
			"faces": {
				"north": {
					"uv": [3.16667, 14.51667, 3.46667, 14.96667],
					"texture": "#0"
				},
				"east": {
					"uv": [2.75, 10.58333, 3, 11.03333],
					"texture": "#0"
				},
				"south": {
					"uv": [2.33333, 10.33333, 2.63333, 10.78333],
					"texture": "#0"
				},
				"west": {
					"uv": [2.33333, 15.4, 3.75, 13.56667],
					"texture": "#0"
				},
				"up": {
					"uv": [1.66667, 10.83333, 1.96667, 11.08333],
					"texture": "#0"
				},
				"down": {
					"uv": [3, 11.41667, 3.3, 11.66667],
					"texture": "#0"
				}
			}
		},
		{
			"from": [7.45, 7.2, -6.95],
			"to": [7.75, 7.65, -6.7],
			"rotation": {
				"angle": -22.5,
				"axis": "x",
				"origin": [4.2, 5.2, -5.35]
			},
			"faces": {
				"north": {
					"uv": [3.83333, 15.53333, 5.3, 16],
					"texture": "#0"
				},
				"east": {
					"uv": [3.25, 11.75, 3.5, 12.2],
					"texture": "#0"
				},
				"south": {
					"uv": [3.5, 14.41667, 3.8, 14.86667],
					"texture": "#0"
				},
				"west": {
					"uv": [2.66667, 11.25, 2.91667, 11.7],
					"texture": "#0"
				},
				"up": {
					"uv": [4.66667, 13.83333, 4.96667, 14.08333],
					"texture": "#0"
				},
				"down": {
					"uv": [4.66667, 15, 4.96667, 15.25],
					"texture": "#0"
				}
			}
		},
		{
			"from": [6.65, 7.2, -6.95],
			"to": [6.95, 7.65, -6.7],
			"rotation": {
				"angle": -22.5,
				"axis": "x",
				"origin": [3.4, 5.2, -5.35]
			},
			"faces": {
				"north": {
					"uv": [3.83333, 15.53333, 5.3, 16],
					"texture": "#0"
				},
				"east": {
					"uv": [2.75, 11.16667, 3, 11.61667],
					"texture": "#0"
				},
				"south": {
					"uv": [4, 14.33333, 4.3, 14.78333],
					"texture": "#0"
				},
				"west": {
					"uv": [1.58333, 12.5, 1.83333, 12.95],
					"texture": "#0"
				},
				"up": {
					"uv": [3.16667, 13.08333, 3.46667, 13.33333],
					"texture": "#0"
				},
				"down": {
					"uv": [4.41667, 13.83333, 4.71667, 14.08333],
					"texture": "#0"
				}
			}
		},
		{
			"from": [5.85, 7.2, -6.95],
			"to": [6.15, 7.65, -6.7],
			"rotation": {
				"angle": -22.5,
				"axis": "x",
				"origin": [2.6, 5.2, -5.35]
			},
			"faces": {
				"north": {
					"uv": [3.41667, 15.03333, 4.88333, 15.5],
					"texture": "#0"
				},
				"east": {
					"uv": [2.5, 12.75, 2.75, 13.2],
					"texture": "#0"
				},
				"south": {
					"uv": [1.75, 11.83333, 2.05, 12.28333],
					"texture": "#0"
				},
				"west": {
					"uv": [2.75, 12.91667, 3, 13.36667],
					"texture": "#0"
				},
				"up": {
					"uv": [3, 13.5, 3.3, 13.75],
					"texture": "#0"
				},
				"down": {
					"uv": [2.33333, 13.41667, 2.63333, 13.66667],
					"texture": "#0"
				}
			}
		},
		{
			"from": [5.65, 9.5, -8.35],
			"to": [6.25, 10.15, -8.1],
			"rotation": {
				"angle": 22.5,
				"axis": "x",
				"origin": [2.5, 7.5, -6.75]
			},
			"faces": {
				"north": {
					"uv": [6.58333, 16, 1.25, 15.66667],
					"texture": "#0"
				},
				"east": {
					"uv": [4.16667, 13.6, 5.41667, 14.91667],
					"texture": "#0"
				},
				"south": {
					"uv": [2.25, 10.51667, 5.01667, 11.5],
					"texture": "#0"
				},
				"west": {
					"uv": [2.16667, 10.08333, 2.41667, 10.73333],
					"texture": "#0"
				},
				"up": {
					"uv": [3, 13.33333, 3.6, 13.58333],
					"texture": "#0"
				},
				"down": {
					"uv": [0.75, 13.16667, 2.91667, 13.16667],
					"texture": "#0"
				}
			}
		},
		{
			"from": [6.45, 9.5, -8.35],
			"to": [7.05, 10.15, -8.1],
			"rotation": {
				"angle": 22.5,
				"axis": "x",
				"origin": [3.3, 7.5, -6.75]
			},
			"faces": {
				"north": {
					"uv": [0, 11.01667, 3.1, 8.91667],
					"texture": "#0"
				},
				"east": {
					"uv": [3.16667, 11.75, 3.41667, 12.4],
					"texture": "#0"
				},
				"south": {
					"uv": [0.08333, 8.75, 4.6, 11.81667],
					"texture": "#0"
				},
				"west": {
					"uv": [2.08333, 11.25, 2.33333, 11.9],
					"texture": "#0"
				},
				"up": {
					"uv": [2.16667, 10.16667, 2.76667, 10.41667],
					"texture": "#0"
				},
				"down": {
					"uv": [1.75, 10.58333, 2.35, 10.83333],
					"texture": "#0"
				}
			}
		},
		{
			"from": [7.25, 9.5, -8.35],
			"to": [7.85, 10.15, -8.1],
			"rotation": {
				"angle": 22.5,
				"axis": "x",
				"origin": [4.1, 7.5, -6.75]
			},
			"faces": {
				"north": {
					"uv": [1.75, 10.91667, 4.41667, 16],
					"texture": "#0"
				},
				"east": {
					"uv": [4.08333, 15.35, 7.25, 16],
					"texture": "#0"
				},
				"south": {
					"uv": [2.83333, 13.66667, 3.43333, 14.31667],
					"texture": "#0"
				},
				"west": {
					"uv": [3.83333, 13.33333, 4.08333, 13.98333],
					"texture": "#0"
				},
				"up": {
					"uv": [2.25, 11.66667, 2.85, 11.91667],
					"texture": "#0"
				},
				"down": {
					"uv": [4.25, 13.83333, 4.85, 14.08333],
					"texture": "#0"
				}
			}
		},
		{
			"from": [8.25, 9.5, -8.35],
			"to": [8.85, 10.15, -8.1],
			"rotation": {
				"angle": 22.5,
				"axis": "x",
				"origin": [5.1, 7.5, -6.75]
			},
			"faces": {
				"north": {
					"uv": [0, 11.01667, 3.1, 8.91667],
					"texture": "#0"
				},
				"east": {
					"uv": [1.58333, 11.25, 1.83333, 11.9],
					"texture": "#0"
				},
				"south": {
					"uv": [2.58333, 12.83333, 3.18333, 13.48333],
					"texture": "#0"
				},
				"west": {
					"uv": [0.91667, 10.58333, 1.16667, 11.23333],
					"texture": "#0"
				},
				"up": {
					"uv": [3, 11.16667, 3.6, 11.41667],
					"texture": "#0"
				},
				"down": {
					"uv": [2.5, 12, 3.1, 12.25],
					"texture": "#0"
				}
			}
		},
		{
			"from": [9.05, 9.5, -8.35],
			"to": [9.65, 10.15, -8.1],
			"rotation": {
				"angle": 22.5,
				"axis": "x",
				"origin": [5.9, 7.5, -6.75]
			},
			"faces": {
				"north": {
					"uv": [0, 11.01667, 3.1, 8.91667],
					"texture": "#0"
				},
				"east": {
					"uv": [2.58333, 11.66667, 2.83333, 12.31667],
					"texture": "#0"
				},
				"south": {
					"uv": [2.66667, 11.58333, 3.26667, 12.23333],
					"texture": "#0"
				},
				"west": {
					"uv": [1.66667, 12.08333, 1.91667, 12.73333],
					"texture": "#0"
				},
				"up": {
					"uv": [2.75, 12, 3.35, 12.25],
					"texture": "#0"
				},
				"down": {
					"uv": [1.5, 11.66667, 2.1, 11.91667],
					"texture": "#0"
				}
			}
		},
		{
			"from": [9.85, 9.5, -8.35],
			"to": [10.45, 10.15, -8.1],
			"rotation": {
				"angle": 22.5,
				"axis": "x",
				"origin": [6.7, 7.5, -6.75]
			},
			"faces": {
				"north": {
					"uv": [0, 11.01667, 3.1, 8.91667],
					"texture": "#0"
				},
				"east": {
					"uv": [1.91667, 12, 2.16667, 12.65],
					"texture": "#0"
				},
				"south": {
					"uv": [0.83333, 9.41667, 3.43333, 11.15],
					"texture": "#0"
				},
				"west": {
					"uv": [2.16667, 16, 10.91667, 15.66667],
					"texture": "#0"
				},
				"up": {
					"uv": [3.16667, 12.91667, 3.76667, 13.16667],
					"texture": "#0"
				},
				"down": {
					"uv": [2.75, 12, 3.35, 12.25],
					"texture": "#0"
				}
			}
		},
		{
			"from": [5.85, 9.1, -8.55],
			"to": [6.15, 9.55, -8.3],
			"rotation": {
				"angle": 22.5,
				"axis": "x",
				"origin": [2.6, 6.9, -6.95]
			},
			"faces": {
				"north": {
					"uv": [2.58333, 12.96667, 3.25, 16],
					"texture": "#0"
				},
				"east": {
					"uv": [3.41667, 12.51667, 3.66667, 12.96667],
					"texture": "#0"
				},
				"south": {
					"uv": [3.33333, 10.58333, 3.63333, 11.03333],
					"texture": "#0"
				},
				"west": {
					"uv": [3.58333, 12.66667, 3.83333, 13.11667],
					"texture": "#0"
				},
				"up": {
					"uv": [2.33333, 12.91667, 2.63333, 13.16667],
					"texture": "#0"
				},
				"down": {
					"uv": [3.75, 14.66667, 4.05, 14.91667],
					"texture": "#0"
				}
			}
		},
		{
			"from": [6.65, 9.1, -8.55],
			"to": [6.95, 9.55, -8.3],
			"rotation": {
				"angle": 22.5,
				"axis": "x",
				"origin": [3.4, 6.9, -6.95]
			},
			"faces": {
				"north": {
					"uv": [3.5, 12.6, 3.8, 13.05],
					"texture": "#0"
				},
				"east": {
					"uv": [2.33333, 9.16667, 2.58333, 9.61667],
					"texture": "#0"
				},
				"south": {
					"uv": [1.75, 11.33333, 2.05, 11.78333],
					"texture": "#0"
				},
				"west": {
					"uv": [1.91667, 10.66667, 2.16667, 11.11667],
					"texture": "#0"
				},
				"up": {
					"uv": [4.91667, 15.75, 5.21667, 16],
					"texture": "#0"
				},
				"down": {
					"uv": [2.41667, 12.41667, 3.08333, 15.25],
					"texture": "#0"
				}
			}
		},
		{
			"from": [7.45, 9.1, -8.55],
			"to": [7.75, 9.55, -8.3],
			"rotation": {
				"angle": 22.5,
				"axis": "x",
				"origin": [4.2, 6.9, -6.95]
			},
			"faces": {
				"north": {
					"uv": [1.83333, 11.58333, 2.13333, 12.03333],
					"texture": "#0"
				},
				"east": {
					"uv": [3, 12.43333, 3.25, 12.88333],
					"texture": "#0"
				},
				"south": {
					"uv": [4, 14.91667, 4.3, 15.36667],
					"texture": "#0"
				},
				"west": {
					"uv": [3.5, 14, 3.75, 14.45],
					"texture": "#0"
				},
				"up": {
					"uv": [2.66667, 13.08333, 2.96667, 13.33333],
					"texture": "#0"
				},
				"down": {
					"uv": [3, 13.16667, 3.66667, 16],
					"texture": "#0"
				}
			}
		},
		{
			"from": [8.45, 9.1, -8.55],
			"to": [8.75, 9.55, -8.3],
			"rotation": {
				"angle": 22.5,
				"axis": "x",
				"origin": [5.2, 6.9, -6.95]
			},
			"faces": {
				"north": {
					"uv": [3.41667, 14.58333, 3.71667, 15.03333],
					"texture": "#0"
				},
				"east": {
					"uv": [3.5, 12.93333, 3.75, 13.38333],
					"texture": "#0"
				},
				"south": {
					"uv": [3.5, 13.41667, 3.8, 13.86667],
					"texture": "#0"
				},
				"west": {
					"uv": [3.41667, 12.5, 3.66667, 12.95],
					"texture": "#0"
				},
				"up": {
					"uv": [3.66667, 13.41667, 3.96667, 13.66667],
					"texture": "#0"
				},
				"down": {
					"uv": [3.33333, 12.5, 4, 15.33333],
					"texture": "#0"
				}
			}
		},
		{
			"from": [9.25, 9.1, -8.55],
			"to": [9.55, 9.55, -8.3],
			"rotation": {
				"angle": 22.5,
				"axis": "x",
				"origin": [6, 6.9, -6.95]
			},
			"faces": {
				"north": {
					"uv": [3.66667, 12.96667, 4.33333, 16],
					"texture": "#0"
				},
				"east": {
					"uv": [3.25, 13.51667, 3.5, 13.96667],
					"texture": "#0"
				},
				"south": {
					"uv": [2.91667, 11.25, 3.21667, 11.7],
					"texture": "#0"
				},
				"west": {
					"uv": [3.33333, 12.41667, 3.58333, 12.86667],
					"texture": "#0"
				},
				"up": {
					"uv": [3.16667, 13.41667, 3.46667, 13.66667],
					"texture": "#0"
				},
				"down": {
					"uv": [3.25, 13.25, 3.55, 13.5],
					"texture": "#0"
				}
			}
		},
		{
			"from": [10.05, 9.1, -8.55],
			"to": [10.35, 9.55, -8.3],
			"rotation": {
				"angle": 22.5,
				"axis": "x",
				"origin": [6.8, 6.9, -6.95]
			},
			"faces": {
				"north": {
					"uv": [1.83333, 11.6, 6.46667, 16],
					"texture": "#0"
				},
				"east": {
					"uv": [2.33333, 11.33333, 2.58333, 11.78333],
					"texture": "#0"
				},
				"south": {
					"uv": [2.41667, 12, 2.71667, 12.45],
					"texture": "#0"
				},
				"west": {
					"uv": [2.41667, 14, 2.66667, 14.45],
					"texture": "#0"
				},
				"up": {
					"uv": [2.25, 16, 4.55, 14],
					"texture": "#0"
				},
				"down": {
					"uv": [1.33333, 11.25, 1.63333, 11.5],
					"texture": "#0"
				}
			}
		},
		{
			"from": [10.6, 6.4, -4.15],
			"to": [10.85, 7.05, -3.55],
			"rotation": {
				"angle": -22.5,
				"axis": "x",
				"origin": [7, 4.4, -5.55]
			},
			"faces": {
				"north": {
					"uv": [1.08333, 10.75, 1.33333, 11.4],
					"texture": "#0"
				},
				"east": {
					"uv": [2.25, 13, 2.85, 13.65],
					"texture": "#0"
				},
				"south": {
					"uv": [2.41667, 14, 2.66667, 14.65],
					"texture": "#0"
				},
				"west": {
					"uv": [1.25, 15.26667, 1.85, 15.91667],
					"texture": "#0"
				},
				"up": {
					"uv": [2.66667, 14.5, 2.91667, 15.1],
					"texture": "#0"
				},
				"down": {
					"uv": [2.08333, 13.91667, 2.33333, 14.51667],
					"texture": "#0"
				}
			}
		},
		{
			"from": [10.6, 6.1, -4.85],
			"to": [10.85, 6.75, -4.25],
			"rotation": {
				"angle": -22.5,
				"axis": "x",
				"origin": [7, 4.1, -6.25]
			},
			"faces": {
				"north": {
					"uv": [1.33333, 12.5, 1.58333, 13.15],
					"texture": "#0"
				},
				"east": {
					"uv": [4.66667, 15.35, 5.26667, 16],
					"texture": "#0"
				},
				"south": {
					"uv": [3.25, 13.66667, 3.5, 14.31667],
					"texture": "#0"
				},
				"west": {
					"uv": [1.5, 13.58333, 2.1, 14.23333],
					"texture": "#0"
				},
				"up": {
					"uv": [1.41667, 10.91667, 1.66667, 11.51667],
					"texture": "#0"
				},
				"down": {
					"uv": [2.75, 12.58333, 3, 13.18333],
					"texture": "#0"
				}
			}
		},
		{
			"from": [10.6, 5.8, -5.55],
			"to": [10.85, 6.45, -4.95],
			"rotation": {
				"angle": -22.5,
				"axis": "x",
				"origin": [7, 3.8, -6.95]
			},
			"faces": {
				"north": {
					"uv": [3.16667, 14.91667, 3.41667, 15.56667],
					"texture": "#0"
				},
				"east": {
					"uv": [6.58333, 15.35, 7.18333, 16],
					"texture": "#0"
				},
				"south": {
					"uv": [2.91667, 13.25, 3.16667, 13.9],
					"texture": "#0"
				},
				"west": {
					"uv": [1.16667, 14.91667, 1.76667, 15.56667],
					"texture": "#0"
				},
				"up": {
					"uv": [2, 12.16667, 2.25, 12.76667],
					"texture": "#0"
				},
				"down": {
					"uv": [0.25, 12.33333, 0.5, 12.93333],
					"texture": "#0"
				}
			}
		},
		{
			"from": [10.6, 5.5, -6.35],
			"to": [10.85, 6.15, -5.75],
			"rotation": {
				"angle": -22.5,
				"axis": "x",
				"origin": [7, 3.5, -7.75]
			},
			"faces": {
				"north": {
					"uv": [4, 13.51667, 4.25, 14.16667],
					"texture": "#0"
				},
				"east": {
					"uv": [2.83333, 13.58333, 3.43333, 14.23333],
					"texture": "#0"
				},
				"south": {
					"uv": [2.41667, 13.33333, 2.66667, 13.98333],
					"texture": "#0"
				},
				"west": {
					"uv": [4, 15.35, 4.6, 16],
					"texture": "#0"
				},
				"up": {
					"uv": [4.5, 12.58333, 4.75, 13.18333],
					"texture": "#0"
				},
				"down": {
					"uv": [3.16667, 15.4, 3.41667, 16],
					"texture": "#0"
				}
			}
		},
		{
			"from": [10.6, 6.1, -6.45],
			"to": [10.85, 6.55, -6.15],
			"rotation": {
				"angle": -22.5,
				"axis": "x",
				"origin": [7, 4.1, -7.95]
			},
			"faces": {
				"north": {
					"uv": [1.83333, 13.85, 2.08333, 14.3],
					"texture": "#0"
				},
				"east": {
					"uv": [4.58333, 15.55, 4.88333, 16],
					"texture": "#0"
				},
				"south": {
					"uv": [1.91667, 13.66667, 2.16667, 14.11667],
					"texture": "#0"
				},
				"west": {
					"uv": [3.83333, 13.58333, 4.13333, 14.03333],
					"texture": "#0"
				},
				"up": {
					"uv": [2.16667, 12.66667, 2.41667, 12.96667],
					"texture": "#0"
				},
				"down": {
					"uv": [2.58333, 13.75, 2.83333, 14.05],
					"texture": "#0"
				}
			}
		},
		{
			"from": [10.6, 6.4, -5.65],
			"to": [10.85, 6.85, -5.35],
			"rotation": {
				"angle": -22.5,
				"axis": "x",
				"origin": [7, 4.4, -7.15]
			},
			"faces": {
				"north": {
					"uv": [3, 11.08333, 3.25, 11.53333],
					"texture": "#0"
				},
				"east": {
					"uv": [2.66667, 13.43333, 2.96667, 13.88333],
					"texture": "#0"
				},
				"south": {
					"uv": [3.16667, 14.58333, 3.41667, 15.03333],
					"texture": "#0"
				},
				"west": {
					"uv": [2.25, 14.66667, 2.55, 15.11667],
					"texture": "#0"
				},
				"up": {
					"uv": [3, 13, 3.25, 13.3],
					"texture": "#0"
				},
				"down": {
					"uv": [1.58333, 10.25, 1.83333, 10.55],
					"texture": "#0"
				}
			}
		},
		{
			"from": [10.6, 6.7, -4.95],
			"to": [10.85, 7.15, -4.65],
			"rotation": {
				"angle": -22.5,
				"axis": "x",
				"origin": [7, 4.7, -6.45]
			},
			"faces": {
				"north": {
					"uv": [4.08333, 13.91667, 4.33333, 14.36667],
					"texture": "#0"
				},
				"east": {
					"uv": [2.75, 12.6, 3.05, 13.05],
					"texture": "#0"
				},
				"south": {
					"uv": [3, 12.75, 3.25, 13.2],
					"texture": "#0"
				},
				"west": {
					"uv": [4.58333, 13.75, 4.88333, 14.2],
					"texture": "#0"
				},
				"up": {
					"uv": [3.58333, 13.75, 3.83333, 14.05],
					"texture": "#0"
				},
				"down": {
					"uv": [2.66667, 11.25, 2.91667, 11.55],
					"texture": "#0"
				}
			}
		},
		{
			"from": [10.6, 7, -4.25],
			"to": [10.85, 7.45, -3.95],
			"rotation": {
				"angle": -22.5,
				"axis": "x",
				"origin": [7, 5, -5.75]
			},
			"faces": {
				"north": {
					"uv": [3.41667, 13.91667, 3.66667, 14.36667],
					"texture": "#0"
				},
				"east": {
					"uv": [1.41667, 12.76667, 1.71667, 13.21667],
					"texture": "#0"
				},
				"south": {
					"uv": [3.25, 13.08333, 3.5, 13.53333],
					"texture": "#0"
				},
				"west": {
					"uv": [2.58333, 12.16667, 2.88333, 12.61667],
					"texture": "#0"
				},
				"up": {
					"uv": [5.58333, 15.41667, 5.83333, 15.71667],
					"texture": "#0"
				},
				"down": {
					"uv": [3.91667, 14, 4.16667, 14.3],
					"texture": "#0"
				}
			}
		},
		{
			"from": [10.6, 10.6, -8.05],
			"to": [10.85, 11.25, -7.45],
			"rotation": {
				"angle": 22.5,
				"axis": "x",
				"origin": [7, 8.6, -9.45]
			},
			"faces": {
				"north": {
					"uv": [2.41667, 14.35, 2.66667, 15],
					"texture": "#0"
				},
				"east": {
					"uv": [2.08333, 15.35, 2.68333, 16],
					"texture": "#0"
				},
				"south": {
					"uv": [1, 11.75, 1.25, 12.4],
					"texture": "#0"
				},
				"west": {
					"uv": [2, 15.35, 2.6, 16],
					"texture": "#0"
				},
				"up": {
					"uv": [4.25, 15.08333, 4.5, 15.68333],
					"texture": "#0"
				},
				"down": {
					"uv": [1.75, 14.58333, 2, 15.18333],
					"texture": "#0"
				}
			}
		},
		{
			"from": [10.6, 10.3, -7.35],
			"to": [10.85, 10.95, -6.75],
			"rotation": {
				"angle": 22.5,
				"axis": "x",
				"origin": [7, 8.3, -8.75]
			},
			"faces": {
				"north": {
					"uv": [2.66667, 12, 2.91667, 12.65],
					"texture": "#0"
				},
				"east": {
					"uv": [2.08333, 13.18333, 2.68333, 13.83333],
					"texture": "#0"
				},
				"south": {
					"uv": [3.75, 14.75, 4, 15.4],
					"texture": "#0"
				},
				"west": {
					"uv": [5.58333, 15.35, 6.18333, 16],
					"texture": "#0"
				},
				"up": {
					"uv": [2.91667, 13.33333, 3.16667, 13.93333],
					"texture": "#0"
				},
				"down": {
					"uv": [3.16667, 14.58333, 3.41667, 15.18333],
					"texture": "#0"
				}
			}
		},
		{
			"from": [10.6, 10, -6.65],
			"to": [10.85, 10.65, -6.05],
			"rotation": {
				"angle": 22.5,
				"axis": "x",
				"origin": [7, 8, -8.05]
			},
			"faces": {
				"north": {
					"uv": [2.91667, 13.25, 3.16667, 13.9],
					"texture": "#0"
				},
				"east": {
					"uv": [2.83333, 13.26667, 3.43333, 13.91667],
					"texture": "#0"
				},
				"south": {
					"uv": [1.83333, 12.16667, 2.08333, 12.81667],
					"texture": "#0"
				},
				"west": {
					"uv": [2.41667, 11.83333, 3.01667, 12.48333],
					"texture": "#0"
				},
				"up": {
					"uv": [1.75, 10.08333, 2, 10.68333],
					"texture": "#0"
				},
				"down": {
					"uv": [3.25, 12.75, 3.5, 13.35],
					"texture": "#0"
				}
			}
		},
		{
			"from": [10.6, 9.75, -5.9],
			"to": [10.85, 10.4, -5.3],
			"rotation": {
				"angle": 22.5,
				"axis": "x",
				"origin": [7, 7.75, -7.3]
			},
			"faces": {
				"north": {
					"uv": [3.5, 13.08333, 3.75, 13.73333],
					"texture": "#0"
				},
				"east": {
					"uv": [2.58333, 14.51667, 3.18333, 15.16667],
					"texture": "#0"
				},
				"south": {
					"uv": [3.75, 12.58333, 4, 13.23333],
					"texture": "#0"
				},
				"west": {
					"uv": [0.5, 13.16667, 1.1, 13.81667],
					"texture": "#0"
				},
				"up": {
					"uv": [2.91667, 12, 3.16667, 12.6],
					"texture": "#0"
				},
				"down": {
					"uv": [2.33333, 13, 2.58333, 13.6],
					"texture": "#0"
				}
			}
		},
		{
			"from": [10.6, 9.4, -6.05],
			"to": [10.85, 9.85, -5.75],
			"rotation": {
				"angle": 22.5,
				"axis": "x",
				"origin": [7, 7.2, -7.65]
			},
			"faces": {
				"north": {
					"uv": [3.91667, 12.33333, 4.33333, 12.78333],
					"texture": "#0"
				},
				"east": {
					"uv": [2.58333, 13.18333, 2.88333, 13.63333],
					"texture": "#0"
				},
				"south": {
					"uv": [3.58333, 12.08333, 3.83333, 12.53333],
					"texture": "#0"
				},
				"west": {
					"uv": [3.75, 12.5, 4.05, 12.95],
					"texture": "#0"
				},
				"up": {
					"uv": [2.83333, 11.58333, 3.08333, 11.88333],
					"texture": "#0"
				},
				"down": {
					"uv": [3.75, 12.66667, 4, 12.96667],
					"texture": "#0"
				}
			}
		},
		{
			"from": [10.6, 9.65, -6.8],
			"to": [10.85, 10.1, -6.5],
			"rotation": {
				"angle": 22.5,
				"axis": "x",
				"origin": [7, 7.45, -8.4]
			},
			"faces": {
				"north": {
					"uv": [3.58333, 13.21667, 4.33333, 16],
					"texture": "#0"
				},
				"east": {
					"uv": [1.5, 14.35, 1.8, 14.8],
					"texture": "#0"
				},
				"south": {
					"uv": [3.33333, 14, 3.58333, 14.45],
					"texture": "#0"
				},
				"west": {
					"uv": [4, 13.08333, 4.3, 13.53333],
					"texture": "#0"
				},
				"up": {
					"uv": [2.25, 12.25, 2.5, 12.55],
					"texture": "#0"
				},
				"down": {
					"uv": [2, 14.41667, 2.25, 14.71667],
					"texture": "#0"
				}
			}
		},
		{
			"from": [10.6, 9.95, -7.5],
			"to": [10.85, 10.4, -7.2],
			"rotation": {
				"angle": 22.5,
				"axis": "x",
				"origin": [7, 7.75, -9.1]
			},
			"faces": {
				"north": {
					"uv": [1.5, 14.16667, 1.75, 14.61667],
					"texture": "#0"
				},
				"east": {
					"uv": [1.91667, 14.26667, 2.21667, 14.71667],
					"texture": "#0"
				},
				"south": {
					"uv": [3.5, 13, 3.75, 13.45],
					"texture": "#0"
				},
				"west": {
					"uv": [3.33333, 15.16667, 3.63333, 15.61667],
					"texture": "#0"
				},
				"up": {
					"uv": [3.5, 12.25, 3.75, 12.55],
					"texture": "#0"
				},
				"down": {
					"uv": [2.41667, 14.91667, 2.66667, 15.21667],
					"texture": "#0"
				}
			}
		},
		{
			"from": [10.6, 10.25, -8.2],
			"to": [10.85, 10.7, -7.9],
			"rotation": {
				"angle": 22.5,
				"axis": "x",
				"origin": [7, 8.05, -9.8]
			},
			"faces": {
				"north": {
					"uv": [2.66667, 14.41667, 2.91667, 14.86667],
					"texture": "#0"
				},
				"east": {
					"uv": [2.16667, 13.93333, 2.46667, 14.38333],
					"texture": "#0"
				},
				"south": {
					"uv": [3.33333, 15.33333, 3.58333, 15.78333],
					"texture": "#0"
				},
				"west": {
					"uv": [2.33333, 15.55, 2.63333, 16],
					"texture": "#0"
				},
				"up": {
					"uv": [1.41667, 12.66667, 1.66667, 12.96667],
					"texture": "#0"
				},
				"down": {
					"uv": [2.58333, 13.91667, 2.83333, 14.21667],
					"texture": "#0"
				}
			}
		},
		{
			"from": [5.2, 7, -4.25],
			"to": [5.45, 7.45, -3.95],
			"rotation": {
				"angle": -22.5,
				"axis": "x",
				"origin": [1.6, 5, -5.75]
			},
			"faces": {
				"north": {
					"uv": [3.41667, 13.91667, 3.66667, 14.36667],
					"texture": "#0"
				},
				"east": {
					"uv": [1.41667, 12.76667, 1.71667, 13.21667],
					"texture": "#0"
				},
				"south": {
					"uv": [3.25, 13.08333, 3.5, 13.53333],
					"texture": "#0"
				},
				"west": {
					"uv": [2.58333, 12.16667, 2.88333, 12.61667],
					"texture": "#0"
				},
				"up": {
					"uv": [5.58333, 15.41667, 5.83333, 15.71667],
					"texture": "#0"
				},
				"down": {
					"uv": [3.91667, 14, 4.16667, 14.3],
					"texture": "#0"
				}
			}
		},
		{
			"from": [5.2, 6.4, -4.15],
			"to": [5.45, 7.05, -3.55],
			"rotation": {
				"angle": -22.5,
				"axis": "x",
				"origin": [1.6, 4.4, -5.55]
			},
			"faces": {
				"north": {
					"uv": [1.08333, 10.75, 1.33333, 11.4],
					"texture": "#0"
				},
				"east": {
					"uv": [2.25, 13, 2.85, 13.65],
					"texture": "#0"
				},
				"south": {
					"uv": [2.41667, 14, 2.66667, 14.65],
					"texture": "#0"
				},
				"west": {
					"uv": [1.25, 15.26667, 1.85, 15.91667],
					"texture": "#0"
				},
				"up": {
					"uv": [2.66667, 14.5, 2.91667, 15.1],
					"texture": "#0"
				},
				"down": {
					"uv": [2.08333, 13.91667, 2.33333, 14.51667],
					"texture": "#0"
				}
			}
		},
		{
			"from": [5.2, 6.1, -4.85],
			"to": [5.45, 6.75, -4.25],
			"rotation": {
				"angle": -22.5,
				"axis": "x",
				"origin": [1.6, 4.1, -6.25]
			},
			"faces": {
				"north": {
					"uv": [1.33333, 12.5, 1.58333, 13.15],
					"texture": "#0"
				},
				"east": {
					"uv": [4.66667, 15.35, 5.26667, 16],
					"texture": "#0"
				},
				"south": {
					"uv": [3.25, 13.66667, 3.5, 14.31667],
					"texture": "#0"
				},
				"west": {
					"uv": [1.5, 13.58333, 2.1, 14.23333],
					"texture": "#0"
				},
				"up": {
					"uv": [1.41667, 10.91667, 1.66667, 11.51667],
					"texture": "#0"
				},
				"down": {
					"uv": [2.75, 12.58333, 3, 13.18333],
					"texture": "#0"
				}
			}
		},
		{
			"from": [5.2, 6.7, -4.95],
			"to": [5.45, 7.15, -4.65],
			"rotation": {
				"angle": -22.5,
				"axis": "x",
				"origin": [1.6, 4.7, -6.45]
			},
			"faces": {
				"north": {
					"uv": [4.08333, 13.91667, 4.33333, 14.36667],
					"texture": "#0"
				},
				"east": {
					"uv": [2.75, 12.6, 3.05, 13.05],
					"texture": "#0"
				},
				"south": {
					"uv": [3, 12.75, 3.25, 13.2],
					"texture": "#0"
				},
				"west": {
					"uv": [4.58333, 13.75, 4.88333, 14.2],
					"texture": "#0"
				},
				"up": {
					"uv": [3.58333, 13.75, 3.83333, 14.05],
					"texture": "#0"
				},
				"down": {
					"uv": [2.66667, 11.25, 2.91667, 11.55],
					"texture": "#0"
				}
			}
		},
		{
			"from": [5.2, 5.8, -5.55],
			"to": [5.45, 6.45, -4.95],
			"rotation": {
				"angle": -22.5,
				"axis": "x",
				"origin": [1.6, 3.8, -6.95]
			},
			"faces": {
				"north": {
					"uv": [3.16667, 14.91667, 3.41667, 15.56667],
					"texture": "#0"
				},
				"east": {
					"uv": [6.58333, 15.35, 7.18333, 16],
					"texture": "#0"
				},
				"south": {
					"uv": [2.91667, 13.25, 3.16667, 13.9],
					"texture": "#0"
				},
				"west": {
					"uv": [1.16667, 14.91667, 1.76667, 15.56667],
					"texture": "#0"
				},
				"up": {
					"uv": [2, 12.16667, 2.25, 12.76667],
					"texture": "#0"
				},
				"down": {
					"uv": [0.25, 12.33333, 0.5, 12.93333],
					"texture": "#0"
				}
			}
		},
		{
			"from": [5.2, 6.4, -5.65],
			"to": [5.45, 6.85, -5.35],
			"rotation": {
				"angle": -22.5,
				"axis": "x",
				"origin": [1.6, 4.4, -7.15]
			},
			"faces": {
				"north": {
					"uv": [3, 11.08333, 3.25, 11.53333],
					"texture": "#0"
				},
				"east": {
					"uv": [2.66667, 13.43333, 2.96667, 13.88333],
					"texture": "#0"
				},
				"south": {
					"uv": [3.16667, 14.58333, 3.41667, 15.03333],
					"texture": "#0"
				},
				"west": {
					"uv": [2.25, 14.66667, 2.55, 15.11667],
					"texture": "#0"
				},
				"up": {
					"uv": [3, 13, 3.25, 13.3],
					"texture": "#0"
				},
				"down": {
					"uv": [1.58333, 10.25, 1.83333, 10.55],
					"texture": "#0"
				}
			}
		},
		{
			"from": [5.2, 5.5, -6.35],
			"to": [5.45, 6.15, -5.75],
			"rotation": {
				"angle": -22.5,
				"axis": "x",
				"origin": [1.6, 3.5, -7.75]
			},
			"faces": {
				"north": {
					"uv": [4, 13.51667, 4.25, 14.16667],
					"texture": "#0"
				},
				"east": {
					"uv": [2.83333, 13.58333, 3.43333, 14.23333],
					"texture": "#0"
				},
				"south": {
					"uv": [2.41667, 13.33333, 2.66667, 13.98333],
					"texture": "#0"
				},
				"west": {
					"uv": [4, 15.35, 4.6, 16],
					"texture": "#0"
				},
				"up": {
					"uv": [4.5, 12.58333, 4.75, 13.18333],
					"texture": "#0"
				},
				"down": {
					"uv": [3.16667, 15.4, 3.41667, 16],
					"texture": "#0"
				}
			}
		},
		{
			"from": [5.2, 6.1, -6.45],
			"to": [5.45, 6.55, -6.15],
			"rotation": {
				"angle": -22.5,
				"axis": "x",
				"origin": [1.6, 4.1, -7.95]
			},
			"faces": {
				"north": {
					"uv": [1.83333, 13.85, 2.08333, 14.3],
					"texture": "#0"
				},
				"east": {
					"uv": [4.58333, 15.55, 4.88333, 16],
					"texture": "#0"
				},
				"south": {
					"uv": [1.91667, 13.66667, 2.16667, 14.11667],
					"texture": "#0"
				},
				"west": {
					"uv": [3.83333, 13.58333, 4.13333, 14.03333],
					"texture": "#0"
				},
				"up": {
					"uv": [2.16667, 12.66667, 2.41667, 12.96667],
					"texture": "#0"
				},
				"down": {
					"uv": [2.58333, 13.75, 2.83333, 14.05],
					"texture": "#0"
				}
			}
		},
		{
			"from": [5.2, 9.75, -5.9],
			"to": [5.45, 10.4, -5.3],
			"rotation": {
				"angle": 22.5,
				"axis": "x",
				"origin": [1.6, 7.75, -7.3]
			},
			"faces": {
				"north": {
					"uv": [3.5, 13.08333, 3.75, 13.73333],
					"texture": "#0"
				},
				"east": {
					"uv": [2.58333, 14.51667, 3.18333, 15.16667],
					"texture": "#0"
				},
				"south": {
					"uv": [3.75, 12.58333, 4, 13.23333],
					"texture": "#0"
				},
				"west": {
					"uv": [0.5, 13.16667, 1.1, 13.81667],
					"texture": "#0"
				},
				"up": {
					"uv": [2.91667, 12, 3.16667, 12.6],
					"texture": "#0"
				},
				"down": {
					"uv": [2.33333, 13, 2.58333, 13.6],
					"texture": "#0"
				}
			}
		},
		{
			"from": [5.2, 9.4, -6.05],
			"to": [5.45, 9.85, -5.75],
			"rotation": {
				"angle": 22.5,
				"axis": "x",
				"origin": [1.6, 7.2, -7.65]
			},
			"faces": {
				"north": {
					"uv": [3.91667, 12.33333, 4.33333, 12.78333],
					"texture": "#0"
				},
				"east": {
					"uv": [2.58333, 13.18333, 2.88333, 13.63333],
					"texture": "#0"
				},
				"south": {
					"uv": [3.58333, 12.08333, 3.83333, 12.53333],
					"texture": "#0"
				},
				"west": {
					"uv": [3.75, 12.5, 4.05, 12.95],
					"texture": "#0"
				},
				"up": {
					"uv": [2.83333, 11.58333, 3.08333, 11.88333],
					"texture": "#0"
				},
				"down": {
					"uv": [3.75, 12.66667, 4, 12.96667],
					"texture": "#0"
				}
			}
		},
		{
			"from": [5.2, 10, -6.65],
			"to": [5.45, 10.65, -6.05],
			"rotation": {
				"angle": 22.5,
				"axis": "x",
				"origin": [1.6, 8, -8.05]
			},
			"faces": {
				"north": {
					"uv": [2.91667, 13.25, 3.16667, 13.9],
					"texture": "#0"
				},
				"east": {
					"uv": [2.83333, 13.26667, 3.43333, 13.91667],
					"texture": "#0"
				},
				"south": {
					"uv": [1.83333, 12.16667, 2.08333, 12.81667],
					"texture": "#0"
				},
				"west": {
					"uv": [2.41667, 11.83333, 3.01667, 12.48333],
					"texture": "#0"
				},
				"up": {
					"uv": [1.75, 10.08333, 2, 10.68333],
					"texture": "#0"
				},
				"down": {
					"uv": [3.25, 12.75, 3.5, 13.35],
					"texture": "#0"
				}
			}
		},
		{
			"from": [5.2, 9.65, -6.8],
			"to": [5.45, 10.1, -6.5],
			"rotation": {
				"angle": 22.5,
				"axis": "x",
				"origin": [1.6, 7.45, -8.4]
			},
			"faces": {
				"north": {
					"uv": [3.58333, 13.21667, 4.33333, 16],
					"texture": "#0"
				},
				"east": {
					"uv": [1.5, 14.35, 1.8, 14.8],
					"texture": "#0"
				},
				"south": {
					"uv": [3.33333, 14, 3.58333, 14.45],
					"texture": "#0"
				},
				"west": {
					"uv": [4, 13.08333, 4.3, 13.53333],
					"texture": "#0"
				},
				"up": {
					"uv": [2.25, 12.25, 2.5, 12.55],
					"texture": "#0"
				},
				"down": {
					"uv": [2, 14.41667, 2.25, 14.71667],
					"texture": "#0"
				}
			}
		},
		{
			"from": [5.2, 9.95, -7.5],
			"to": [5.45, 10.4, -7.2],
			"rotation": {
				"angle": 22.5,
				"axis": "x",
				"origin": [1.6, 7.75, -9.1]
			},
			"faces": {
				"north": {
					"uv": [1.5, 14.16667, 1.75, 14.61667],
					"texture": "#0"
				},
				"east": {
					"uv": [1.91667, 14.26667, 2.21667, 14.71667],
					"texture": "#0"
				},
				"south": {
					"uv": [3.5, 13, 3.75, 13.45],
					"texture": "#0"
				},
				"west": {
					"uv": [3.33333, 15.16667, 3.63333, 15.61667],
					"texture": "#0"
				},
				"up": {
					"uv": [3.5, 12.25, 3.75, 12.55],
					"texture": "#0"
				},
				"down": {
					"uv": [2.41667, 14.91667, 2.66667, 15.21667],
					"texture": "#0"
				}
			}
		},
		{
			"from": [5.2, 10.3, -7.35],
			"to": [5.45, 10.95, -6.75],
			"rotation": {
				"angle": 22.5,
				"axis": "x",
				"origin": [1.6, 8.3, -8.75]
			},
			"faces": {
				"north": {
					"uv": [2.66667, 12, 2.91667, 12.65],
					"texture": "#0"
				},
				"east": {
					"uv": [2.08333, 13.18333, 2.68333, 13.83333],
					"texture": "#0"
				},
				"south": {
					"uv": [3.75, 14.75, 4, 15.4],
					"texture": "#0"
				},
				"west": {
					"uv": [5.58333, 15.35, 6.18333, 16],
					"texture": "#0"
				},
				"up": {
					"uv": [2.91667, 13.33333, 3.16667, 13.93333],
					"texture": "#0"
				},
				"down": {
					"uv": [3.16667, 14.58333, 3.41667, 15.18333],
					"texture": "#0"
				}
			}
		},
		{
			"from": [5.2, 10.6, -8.05],
			"to": [5.45, 11.25, -7.45],
			"rotation": {
				"angle": 22.5,
				"axis": "x",
				"origin": [1.6, 8.6, -9.45]
			},
			"faces": {
				"north": {
					"uv": [2.41667, 14.35, 2.66667, 15],
					"texture": "#0"
				},
				"east": {
					"uv": [2.08333, 15.35, 2.68333, 16],
					"texture": "#0"
				},
				"south": {
					"uv": [1, 11.75, 1.25, 12.4],
					"texture": "#0"
				},
				"west": {
					"uv": [2, 15.35, 2.6, 16],
					"texture": "#0"
				},
				"up": {
					"uv": [4.25, 15.08333, 4.5, 15.68333],
					"texture": "#0"
				},
				"down": {
					"uv": [1.75, 14.58333, 2, 15.18333],
					"texture": "#0"
				}
			}
		},
		{
			"from": [5.2, 10.25, -8.2],
			"to": [5.45, 10.7, -7.9],
			"rotation": {
				"angle": 22.5,
				"axis": "x",
				"origin": [1.6, 8.05, -9.8]
			},
			"faces": {
				"north": {
					"uv": [2.66667, 14.41667, 2.91667, 14.86667],
					"texture": "#0"
				},
				"east": {
					"uv": [2.16667, 13.93333, 2.46667, 14.38333],
					"texture": "#0"
				},
				"south": {
					"uv": [3.33333, 15.33333, 3.58333, 15.78333],
					"texture": "#0"
				},
				"west": {
					"uv": [2.33333, 15.55, 2.63333, 16],
					"texture": "#0"
				},
				"up": {
					"uv": [1.41667, 12.66667, 1.66667, 12.96667],
					"texture": "#0"
				},
				"down": {
					"uv": [2.58333, 13.91667, 2.83333, 14.21667],
					"texture": "#0"
				}
			}
		},
		{
			"from": [5.15, 10.25, -8.1],
			"to": [10.85, 10.65, -5],
			"rotation": {
				"angle": 22.5,
				"axis": "x",
				"origin": [7, 8.25, -7]
			},
			"faces": {
				"north": {
					"uv": [11.13333, 15.43333, 16, 16],
					"texture": "#0"
				},
				"east": {
					"uv": [12.9, 15.16667, 16, 15.56667],
					"texture": "#0"
				},
				"south": {
					"uv": [11.05, 15.51667, 16, 16],
					"texture": "#0"
				},
				"west": {
					"uv": [12.9, 15.6, 16, 16],
					"texture": "#0"
				},
				"up": {
					"uv": [11.05, 12.9, 16, 16],
					"texture": "#0"
				},
				"down": {
					"uv": [10.96667, 12.81667, 16, 15.91667],
					"texture": "#0"
				}
			}
		},
		{
			"from": [5.1, 6.9, -8.55],
			"to": [10.9, 7.75, -4.5],
			"rotation": {
				"angle": -22.5,
				"axis": "x",
				"origin": [7, 9.25, -2.5]
			},
			"faces": {
				"north": {
					"uv": [0, 0, 5.8, 0.85],
					"rotation": 180,
					"texture": "#0"
				},
				"east": {
					"uv": [0, 0, 0.85, 3.85],
					"rotation": 90,
					"texture": "#0"
				},
				"south": {
					"uv": [0, 0, 5.8, 0.85],
					"texture": "#0"
				},
				"west": {
					"uv": [0, 0, 0.85, 3.85],
					"rotation": 270,
					"texture": "#0"
				},
				"up": {
					"uv": [0, 0, 5.8, 3.85],
					"texture": "#0"
				},
				"down": {
					"uv": [0, 0, 5.8, 3.85],
					"rotation": 180,
					"texture": "#0"
				}
			}
		},
		{
			"from": [3.6, 7.4, -3.5],
			"to": [12.4, 8.45, -2],
			"rotation": {
				"angle": 0,
				"axis": "y",
				"origin": [7, 8.25, 1.5]
			},
			"faces": {
				"north": {
					"uv": [0, 0, 8.8, 1.05],
					"rotation": 180,
					"texture": "#0"
				},
				"east": {
					"uv": [0, 0, 1.05, 1.5],
					"rotation": 90,
					"texture": "#0"
				},
				"south": {
					"uv": [0, 0, 8.8, 1.05],
					"texture": "#0"
				},
				"west": {
					"uv": [0, 0, 1.05, 1.5],
					"rotation": 270,
					"texture": "#0"
				},
				"up": {
					"uv": [0, 0, 8.8, 1.5],
					"texture": "#0"
				},
				"down": {
					"uv": [0, 0, 8.8, 1.5],
					"rotation": 180,
					"texture": "#0"
				}
			}
		},
		{
			"from": [10.25, 7.5, -2.5],
			"to": [12.05, 8.35, -1.2],
			"rotation": {
				"angle": -22.5,
				"axis": "y",
				"origin": [13.65, 8.25, 2.5]
			},
			"faces": {
				"north": {
					"uv": [0, 0, 1.8, 0.85],
					"rotation": 180,
					"texture": "#0"
				},
				"east": {
					"uv": [0, 0, 0.85, 1.3],
					"rotation": 90,
					"texture": "#0"
				},
				"south": {
					"uv": [0, 0, 1.8, 0.85],
					"texture": "#0"
				},
				"west": {
					"uv": [0, 0, 0.85, 1.3],
					"rotation": 270,
					"texture": "#0"
				},
				"up": {
					"uv": [0, 0, 1.8, 1.3],
					"texture": "#0"
				},
				"down": {
					"uv": [0, 0, 1.8, 1.3],
					"rotation": 180,
					"texture": "#0"
				}
			}
		},
		{
			"from": [9.5, 7.5, -1.85],
			"to": [11.1, 8.25, -0.75],
			"rotation": {
				"angle": -45,
				"axis": "y",
				"origin": [12.9, 8.25, 3.15]
			},
			"faces": {
				"north": {
					"uv": [0, 0, 1.6, 0.75],
					"rotation": 180,
					"texture": "#0"
				},
				"east": {
					"uv": [0, 0, 0.75, 1.1],
					"rotation": 90,
					"texture": "#0"
				},
				"south": {
					"uv": [0, 0, 1.6, 0.75],
					"texture": "#0"
				},
				"west": {
					"uv": [0, 0, 0.75, 1.1],
					"rotation": 270,
					"texture": "#0"
				},
				"up": {
					"uv": [0, 0, 1.6, 1.1],
					"texture": "#0"
				},
				"down": {
					"uv": [0, 0, 1.6, 1.1],
					"rotation": 180,
					"texture": "#0"
				}
			}
		},
		{
			"from": [3.45, 7.5, -5.3],
			"to": [5.05, 8.25, -4.2],
			"rotation": {
				"angle": 45,
				"axis": "y",
				"origin": [6.65, 8.25, -0.3]
			},
			"faces": {
				"north": {
					"uv": [0, 0, 1.6, 0.75],
					"rotation": 180,
					"texture": "#0"
				},
				"east": {
					"uv": [0, 0, 0.75, 1.1],
					"rotation": 90,
					"texture": "#0"
				},
				"south": {
					"uv": [0, 0, 1.6, 0.75],
					"texture": "#0"
				},
				"west": {
					"uv": [0, 0, 0.75, 1.1],
					"rotation": 270,
					"texture": "#0"
				},
				"up": {
					"uv": [0, 0, 1.6, 1.1],
					"texture": "#0"
				},
				"down": {
					"uv": [0, 0, 1.6, 1.1],
					"rotation": 180,
					"texture": "#0"
				}
			}
		},
		{
			"from": [3.6, 7.5, -4.4],
			"to": [5.4, 8.35, -3.1],
			"rotation": {
				"angle": 22.5,
				"axis": "y",
				"origin": [7, 8.25, 0.6]
			},
			"faces": {
				"north": {
					"uv": [0, 0, 1.8, 0.85],
					"rotation": 180,
					"texture": "#0"
				},
				"east": {
					"uv": [0, 0, 0.85, 1.3],
					"rotation": 90,
					"texture": "#0"
				},
				"south": {
					"uv": [0, 0, 1.8, 0.85],
					"texture": "#0"
				},
				"west": {
					"uv": [0, 0, 0.85, 1.3],
					"rotation": 270,
					"texture": "#0"
				},
				"up": {
					"uv": [0, 0, 1.8, 1.3],
					"texture": "#0"
				},
				"down": {
					"uv": [0, 0, 1.8, 1.3],
					"rotation": 180,
					"texture": "#0"
				}
			}
		},
		{
			"from": [5.1, 10.25, -5.6],
			"to": [10.9, 11.25, -0.5],
			"rotation": {
				"angle": 0,
				"axis": "y",
				"origin": [7, 12.25, -0.5]
			},
			"faces": {
				"north": {
					"uv": [0, 0, 5.8, 1],
					"rotation": 180,
					"texture": "#0"
				},
				"east": {
					"uv": [0, 0, 1, 5.3],
					"rotation": 90,
					"texture": "#0"
				},
				"south": {
					"uv": [0, 0, 5.8, 1],
					"texture": "#0"
				},
				"west": {
					"uv": [0, 0, 1, 5.3],
					"rotation": 270,
					"texture": "#0"
				},
				"up": {
					"uv": [0, 0, 5.8, 5.3],
					"texture": "#0"
				},
				"down": {
					"uv": [0, 0, 5.8, 5.3],
					"rotation": 180,
					"texture": "#0"
				}
			}
		},
		{
			"from": [5.1, 11.25, -6.3],
			"to": [10.9, 12.25, -2],
			"rotation": {
				"angle": 0,
				"axis": "y",
				"origin": [7, 13.25, -1.75]
			},
			"faces": {
				"north": {
					"uv": [0, 0, 5.8, 1],
					"rotation": 180,
					"texture": "#0"
				},
				"east": {
					"uv": [0, 0, 1, 4.3],
					"rotation": 90,
					"texture": "#0"
				},
				"south": {
					"uv": [0, 0, 5.8, 1],
					"texture": "#0"
				},
				"west": {
					"uv": [0, 0, 1, 4.3],
					"rotation": 270,
					"texture": "#0"
				},
				"up": {
					"uv": [0, 0, 5.8, 4.3],
					"texture": "#0"
				},
				"down": {
					"uv": [0, 0, 5.8, 4.3],
					"rotation": 180,
					"texture": "#0"
				}
			}
		},
		{
			"from": [5.1, 12.25, -6.3],
			"to": [10.9, 13.25, -4],
			"rotation": {
				"angle": 0,
				"axis": "y",
				"origin": [7, 14.25, -1.75]
			},
			"faces": {
				"north": {
					"uv": [0, 0, 5.8, 1],
					"rotation": 180,
					"texture": "#0"
				},
				"east": {
					"uv": [0, 0, 1, 2.3],
					"rotation": 90,
					"texture": "#0"
				},
				"south": {
					"uv": [0, 0, 5.8, 1],
					"texture": "#0"
				},
				"west": {
					"uv": [0, 0, 1, 2.3],
					"rotation": 270,
					"texture": "#0"
				},
				"up": {
					"uv": [0, 0, 5.8, 2.3],
					"texture": "#0"
				},
				"down": {
					"uv": [0, 0, 5.8, 2.3],
					"rotation": 180,
					"texture": "#0"
				}
			}
		},
		{
			"from": [5.1, 5.75, -6.25],
			"to": [10.9, 6.25, 0.75],
			"rotation": {
				"angle": 0,
				"axis": "y",
				"origin": [7, 5.25, 0.75]
			},
			"faces": {
				"north": {
					"uv": [0, 0, 5.8, 0.5],
					"rotation": 180,
					"texture": "#0"
				},
				"east": {
					"uv": [0, 0, 0.5, 7],
					"rotation": 90,
					"texture": "#0"
				},
				"south": {
					"uv": [0, 0, 5.8, 0.5],
					"texture": "#0"
				},
				"west": {
					"uv": [0, 0, 0.5, 7],
					"rotation": 270,
					"texture": "#0"
				},
				"up": {
					"uv": [0, 0, 5.8, 7],
					"texture": "#0"
				},
				"down": {
					"uv": [0, 0, 5.8, 7],
					"rotation": 180,
					"texture": "#0"
				}
			}
		},
		{
			"from": [5.1, 5.25, -6.75],
			"to": [10.9, 5.75, -0.25],
			"rotation": {
				"angle": 0,
				"axis": "y",
				"origin": [7, 4.75, -0.25]
			},
			"faces": {
				"north": {
					"uv": [0, 0, 5.8, 0.5],
					"rotation": 180,
					"texture": "#0"
				},
				"east": {
					"uv": [0, 0, 0.5, 6.5],
					"rotation": 90,
					"texture": "#0"
				},
				"south": {
					"uv": [0, 0, 5.8, 0.5],
					"texture": "#0"
				},
				"west": {
					"uv": [0, 0, 0.5, 6.5],
					"rotation": 270,
					"texture": "#0"
				},
				"up": {
					"uv": [0, 0, 5.8, 6.5],
					"texture": "#0"
				},
				"down": {
					"uv": [0, 0, 5.8, 6.5],
					"rotation": 180,
					"texture": "#0"
				}
			}
		},
		{
			"from": [5.1, 4.75, -7.15],
			"to": [10.9, 5.25, -1.25],
			"rotation": {
				"angle": 0,
				"axis": "y",
				"origin": [7, 4.25, -1.25]
			},
			"faces": {
				"north": {
					"uv": [0, 0, 5.8, 0.5],
					"rotation": 180,
					"texture": "#0"
				},
				"east": {
					"uv": [0, 0, 0.5, 5.9],
					"rotation": 90,
					"texture": "#0"
				},
				"south": {
					"uv": [0, 0, 5.8, 0.5],
					"texture": "#0"
				},
				"west": {
					"uv": [0, 0, 0.5, 5.9],
					"rotation": 270,
					"texture": "#0"
				},
				"up": {
					"uv": [0, 0, 5.8, 5.9],
					"texture": "#0"
				},
				"down": {
					"uv": [0, 0, 5.8, 5.9],
					"rotation": 180,
					"texture": "#0"
				}
			}
		}
	]
}