{
	"textures": {
		"2": "animated_java:blueprint/jack_model/jack",
		"particle": "minecraft:item/pufferfish"
	},
	"display": {
		"head": {
			"rotation": [0, 180, 0]
		}
	},
	"elements": [
		{
			"from": [6.4, 7.5, 6.25],
			"to": [9.4, 8, 9.75],
			"rotation": {
				"angle": 0,
				"axis": "y",
				"origin": [8.5, 8.5, 9]
			},
			"faces": {
				"north": {
					"uv": [3.16667, 13.75, 4.5, 16],
					"texture": "#2"
				},
				"east": {
					"uv": [3.16667, 13.75, 5, 16],
					"texture": "#2"
				},
				"south": {
					"uv": [3.16667, 13.75, 4.5, 16],
					"texture": "#2"
				},
				"west": {
					"uv": [3.16667, 13.75, 5, 16],
					"texture": "#2"
				},
				"up": {
					"uv": [2.83333, 13.5, 4.66667, 16],
					"texture": "#2"
				},
				"down": {
					"uv": [2.83333, 13.5, 4.66667, 16],
					"texture": "#2"
				}
			}
		},
		{
			"from": [8.4, 5.5, 6.25],
			"to": [9.4, 7.5, 9.75],
			"rotation": {
				"angle": 0,
				"axis": "y",
				"origin": [8.25, 6.5, 9]
			},
			"faces": {
				"north": {
					"uv": [3.25, 13.66667, 4.41667, 15.33333],
					"texture": "#2"
				},
				"east": {
					"uv": [2.83333, 13.5, 5.16667, 14.5],
					"texture": "#2"
				},
				"south": {
					"uv": [3.25, 13.66667, 4.41667, 15.33333],
					"texture": "#2"
				},
				"west": {
					"uv": [2.83333, 13.5, 5.16667, 14.5],
					"texture": "#2"
				},
				"up": {
					"uv": [3.25, 13.66667, 4.41667, 16],
					"texture": "#2"
				},
				"down": {
					"uv": [3.25, 13.66667, 4.41667, 16],
					"texture": "#2"
				}
			}
		},
		{
			"from": [6.4, 5.5, 5.75],
			"to": [7.4, 7.5, 6.75],
			"rotation": {
				"angle": 0,
				"axis": "y",
				"origin": [8.5, 6.5, 6]
			},
			"faces": {
				"north": {
					"uv": [3.25, 13.66667, 4.41667, 15.33333],
					"texture": "#2"
				},
				"east": {
					"uv": [3.25, 13.66667, 4.41667, 15.33333],
					"texture": "#2"
				},
				"south": {
					"uv": [3.25, 13.66667, 4.41667, 15.33333],
					"texture": "#2"
				},
				"west": {
					"uv": [3.25, 13.66667, 4.41667, 15.33333],
					"texture": "#2"
				},
				"up": {
					"uv": [3.33333, 13.91667, 4.33333, 14.91667],
					"texture": "#2"
				},
				"down": {
					"uv": [3.33333, 13.91667, 4.33333, 14.91667],
					"texture": "#2"
				}
			}
		},
		{
			"from": [7.4, 3.25, 6.25],
			"to": [8.4, 5.25, 9.75],
			"rotation": {
				"angle": -22.5,
				"axis": "z",
				"origin": [7, 3.25, 9]
			},
			"faces": {
				"north": {
					"uv": [6.58333, 13.5, 7.75, 14.5],
					"texture": "#2"
				},
				"east": {
					"uv": [6.66667, 14, 10.16667, 16],
					"texture": "#2"
				},
				"south": {
					"uv": [6.58333, 13.5, 7.75, 14.5],
					"texture": "#2"
				},
				"west": {
					"uv": [6.66667, 14, 10.16667, 16],
					"texture": "#2"
				},
				"up": {
					"uv": [6.58333, 13.5, 7.75, 16],
					"texture": "#2"
				},
				"down": {
					"uv": [6.66667, 13.5, 7.75, 16],
					"texture": "#2"
				}
			}
		},
		{
			"from": [7.8, 5.15, 6.25],
			"to": [8.8, 6.15, 9.75],
			"rotation": {
				"angle": -22.5,
				"axis": "z",
				"origin": [7.4, 4.25, 9]
			},
			"faces": {
				"north": {
					"uv": [3.33333, 13.91667, 4.33333, 14.91667],
					"texture": "#2"
				},
				"east": {
					"uv": [3.16667, 13.66667, 4.83333, 15.75],
					"texture": "#2"
				},
				"south": {
					"uv": [3.33333, 13.91667, 4.33333, 14.91667],
					"texture": "#2"
				},
				"west": {
					"uv": [3.16667, 13.66667, 4.83333, 15.75],
					"texture": "#2"
				},
				"up": {
					"uv": [3.25, 13.66667, 4.41667, 16],
					"texture": "#2"
				},
				"down": {
					"uv": [3.25, 13.66667, 4.41667, 16],
					"texture": "#2"
				}
			}
		},
		{
			"from": [6.4, 4.75, 6.75],
			"to": [7.4, 6.75, 7.75],
			"rotation": {
				"angle": -22.5,
				"axis": "x",
				"origin": [6.5, 3.75, 9.5]
			},
			"faces": {
				"north": {
					"uv": [6.91667, 15, 8, 16],
					"texture": "#2"
				},
				"east": {
					"uv": [7.08333, 14, 8.08333, 16],
					"texture": "#2"
				},
				"south": {
					"uv": [7.25, 14, 8.25, 16],
					"texture": "#2"
				},
				"west": {
					"uv": [7, 14, 8, 16],
					"texture": "#2"
				},
				"up": {
					"uv": [7.16667, 15, 8.16667, 16],
					"texture": "#2"
				},
				"down": {
					"uv": [7.33333, 15, 8.33333, 16],
					"texture": "#2"
				}
			}
		}
	]
}