{
	"textures": {
		"2": "animated_java:blueprint/jack_model/jack",
		"particle": "minecraft:item/pufferfish"
	},
	"display": {
		"head": {
			"rotation": [0, 180, 0]
		}
	},
	"elements": [
		{
			"from": [6.65, 7, 6.5],
			"to": [9.65, 8, 9.5],
			"rotation": {
				"angle": 0,
				"axis": "y",
				"origin": [8.75, 6, 9]
			},
			"faces": {
				"north": {
					"uv": [0, 0, 3, 1],
					"texture": "#2"
				},
				"east": {
					"uv": [0, 0, 3, 1],
					"texture": "#2"
				},
				"south": {
					"uv": [0, 0, 3, 1],
					"texture": "#2"
				},
				"west": {
					"uv": [0, 0, 3, 1],
					"texture": "#2"
				},
				"up": {
					"uv": [0, 0, 3, 3],
					"texture": "#2"
				},
				"down": {
					"uv": [0, 0, 3, 3],
					"texture": "#2"
				}
			}
		},
		{
			"from": [6.9, 2, 6.75],
			"to": [9.4, 7, 9.25],
			"rotation": {
				"angle": 0,
				"axis": "y",
				"origin": [8.75, 3, 9]
			},
			"faces": {
				"north": {
					"uv": [5.75, 13.66667, 8.91667, 16],
					"texture": "#2"
				},
				"east": {
					"uv": [5.75, 13.66667, 8.91667, 16],
					"texture": "#2"
				},
				"south": {
					"uv": [5.75, 13.66667, 8.91667, 16],
					"texture": "#2"
				},
				"west": {
					"uv": [5.75, 13.66667, 8.91667, 16],
					"texture": "#2"
				},
				"up": {
					"uv": [6.66667, 13.5, 9.16667, 16],
					"texture": "#2"
				},
				"down": {
					"uv": [6.66667, 13.5, 9.16667, 16],
					"texture": "#2"
				}
			}
		},
		{
			"from": [6.875, -1, 6.725],
			"to": [9.425, 2, 9.275],
			"rotation": {
				"angle": 0,
				"axis": "y",
				"origin": [8.75, 3, 9]
			},
			"faces": {
				"north": {
					"uv": [10.83333, 8.25, 13.16667, 10.5],
					"texture": "#2"
				},
				"east": {
					"uv": [10.83333, 8.25, 13.16667, 10.5],
					"texture": "#2"
				},
				"south": {
					"uv": [10.83333, 8.25, 13.16667, 10.5],
					"texture": "#2"
				},
				"west": {
					"uv": [10.83333, 8.25, 13.16667, 10.5],
					"texture": "#2"
				},
				"up": {
					"uv": [10.91667, 8.08333, 13.41667, 10.58333],
					"texture": "#2"
				},
				"down": {
					"uv": [10.91667, 8.08333, 13.41667, 10.58333],
					"texture": "#2"
				}
			}
		}
	]
}