{
	"textures": {
		"2": "animated_java:blueprint/jack_model/jack",
		"particle": "minecraft:item/pufferfish"
	},
	"display": {
		"head": {
			"rotation": [0, 180, 0]
		}
	},
	"elements": [
		{
			"from": [8.05, 1.75, 6.5],
			"to": [11.05, 9.75, 9.5],
			"rotation": {
				"angle": 0,
				"axis": "y",
				"origin": [10.15, 7.75, 9]
			},
			"faces": {
				"north": {
					"uv": [0, 0, 3, 8],
					"texture": "#2"
				},
				"east": {
					"uv": [0, 0, 3, 8],
					"texture": "#2"
				},
				"south": {
					"uv": [0, 0, 3, 8],
					"texture": "#2"
				},
				"west": {
					"uv": [0, 0, 3, 8],
					"texture": "#2"
				},
				"up": {
					"uv": [0, 0, 3, 3],
					"texture": "#2"
				},
				"down": {
					"uv": [0, 0, 3, 3],
					"texture": "#2"
				}
			}
		}
	]
}