{
	"textures": {
		"2": "animated_java:blueprint/jack_model/jack",
		"particle": "minecraft:item/pufferfish"
	},
	"display": {
		"head": {
			"rotation": [0, 180, 0]
		}
	},
	"elements": [
		{
			"from": [6.15, 1, 6.25],
			"to": [9.65, 4, 9.75],
			"rotation": {
				"angle": 0,
				"axis": "y",
				"origin": [8.5, 2, 9]
			},
			"faces": {
				"north": {
					"uv": [2.83333, 13.5, 5.16667, 15.5],
					"texture": "#2"
				},
				"east": {
					"uv": [2.83333, 13.5, 5.16667, 15.5],
					"texture": "#2"
				},
				"south": {
					"uv": [2.83333, 13.5, 5.16667, 15.5],
					"texture": "#2"
				},
				"west": {
					"uv": [2.83333, 13.5, 5.16667, 15.5],
					"texture": "#2"
				},
				"up": {
					"uv": [2.83333, 13.5, 5.16667, 16],
					"texture": "#2"
				},
				"down": {
					"uv": [2.83333, 13.5, 5.16667, 16],
					"texture": "#2"
				}
			}
		},
		{
			"from": [6.4, 5, 6.5],
			"to": [9.4, 8, 9.5],
			"rotation": {
				"angle": 0,
				"axis": "y",
				"origin": [8.5, 6, 9]
			},
			"faces": {
				"north": {
					"uv": [0, 0, 3, 3],
					"texture": "#2"
				},
				"east": {
					"uv": [0, 0, 3, 3],
					"texture": "#2"
				},
				"south": {
					"uv": [0, 0, 3, 3],
					"texture": "#2"
				},
				"west": {
					"uv": [0, 0, 3, 3],
					"texture": "#2"
				},
				"up": {
					"uv": [0, 0, 3, 3],
					"texture": "#2"
				},
				"down": {
					"uv": [0, 0, 3, 3],
					"texture": "#2"
				}
			}
		},
		{
			"from": [6.65, 4, 6.75],
			"to": [9.15, 5, 9.25],
			"rotation": {
				"angle": 0,
				"axis": "y",
				"origin": [8.5, 5, 9]
			},
			"faces": {
				"north": {
					"uv": [6.66667, 13.5, 9.16667, 14.5],
					"texture": "#2"
				},
				"east": {
					"uv": [6.66667, 13.5, 9.16667, 14.5],
					"texture": "#2"
				},
				"south": {
					"uv": [6.66667, 13.5, 9.16667, 14.5],
					"texture": "#2"
				},
				"west": {
					"uv": [6.66667, 13.5, 9.16667, 14.5],
					"texture": "#2"
				},
				"up": {
					"uv": [6.66667, 13.5, 9.16667, 16],
					"texture": "#2"
				},
				"down": {
					"uv": [6.66667, 13.5, 9.16667, 16],
					"texture": "#2"
				}
			}
		}
	]
}