{
	"textures": {
		"2": "animated_java:blueprint/jack_model/jack",
		"particle": "minecraft:item/pufferfish"
	},
	"display": {
		"head": {
			"rotation": [0, 180, 0]
		}
	},
	"elements": [
		{
			"from": [4, 3, 6.25],
			"to": [12, 8, 9.75],
			"rotation": {
				"angle": 0,
				"axis": "y",
				"origin": [5, 3, 8.75]
			},
			"faces": {
				"north": {
					"uv": [5.5, 8.16667, 10.41667, 13.08333],
					"texture": "#2"
				},
				"east": {
					"uv": [6.16667, 8.33333, 9.75, 13],
					"texture": "#2"
				},
				"south": {
					"uv": [5.5, 8.16667, 10.41667, 13.08333],
					"texture": "#2"
				},
				"west": {
					"uv": [6.16667, 8.33333, 9.75, 13],
					"texture": "#2"
				},
				"up": {
					"uv": [5.5, 8.16667, 10.41667, 11.58333],
					"texture": "#2"
				},
				"down": {
					"uv": [5.5, 8.16667, 10.41667, 11.58333],
					"texture": "#2"
				}
			}
		},
		{
			"from": [4, 7.25, 6.15],
			"to": [12, 8, 6.25],
			"rotation": {
				"angle": 0,
				"axis": "y",
				"origin": [5, 3, 5.25]
			},
			"faces": {
				"north": {
					"uv": [13.75, 8.41667, 16, 10.33333],
					"texture": "#2"
				},
				"east": {
					"uv": [13.48333, 8.41667, 16, 10.08333],
					"texture": "#2"
				},
				"south": {
					"uv": [13.75, 8.41667, 16, 10.33333],
					"texture": "#2"
				},
				"west": {
					"uv": [13.48333, 8.41667, 16, 10.08333],
					"texture": "#2"
				},
				"up": {
					"uv": [13.83333, 8.66667, 16, 9.68333],
					"texture": "#2"
				},
				"down": {
					"uv": [13.83333, 8.66667, 16, 9.68333],
					"texture": "#2"
				}
			}
		},
		{
			"from": [7, 7, 6.05],
			"to": [9, 8.25, 6.25],
			"rotation": {
				"angle": 0,
				"axis": "y",
				"origin": [5, 3, 5.25]
			},
			"faces": {
				"north": {
					"uv": [13.5, 10.75, 15.5, 12],
					"texture": "#2"
				},
				"east": {
					"uv": [14, 11.33333, 14.2, 12.58333],
					"texture": "#2"
				},
				"south": {
					"uv": [14, 11.33333, 16, 12.58333],
					"texture": "#2"
				},
				"west": {
					"uv": [14, 11.33333, 14.2, 12.58333],
					"texture": "#2"
				},
				"up": {
					"uv": [14, 11.33333, 16, 11.53333],
					"texture": "#2"
				},
				"down": {
					"uv": [14, 11.33333, 16, 11.53333],
					"texture": "#2"
				}
			}
		},
		{
			"from": [12, -4.25, 10],
			"to": [12.5, 8, 11.75],
			"rotation": {
				"angle": -22.5,
				"axis": "x",
				"origin": [11.5, 3, 10.75]
			},
			"faces": {
				"north": {
					"uv": [0, 1.09524, 10.25, 0],
					"rotation": 90,
					"texture": "#2"
				},
				"east": {
					"uv": [0, 3.83333, 10.25, 0],
					"rotation": 90,
					"texture": "#2"
				},
				"south": {
					"uv": [0, 1.09524, 10.25, 0],
					"rotation": 90,
					"texture": "#2"
				},
				"west": {
					"uv": [0, 3.83333, 10.25, 0],
					"rotation": 90,
					"texture": "#2"
				},
				"up": {
					"uv": [0.5, 0, 0, 1.75],
					"texture": "#2"
				},
				"down": {
					"uv": [0.5, 0, 0, 1.75],
					"texture": "#2"
				}
			}
		},
		{
			"from": [3.5, -4.25, 10],
			"to": [4, 8, 11.75],
			"rotation": {
				"angle": -22.5,
				"axis": "x",
				"origin": [4.5, 3, 10.75]
			},
			"faces": {
				"north": {
					"uv": [0, 0, 10.25, 1.09524],
					"rotation": 90,
					"texture": "#2"
				},
				"east": {
					"uv": [0, 0, 10.25, 3.83333],
					"rotation": 90,
					"texture": "#2"
				},
				"south": {
					"uv": [0, 0, 10.25, 1.09524],
					"rotation": 90,
					"texture": "#2"
				},
				"west": {
					"uv": [0, 0, 10.25, 3.83333],
					"rotation": 90,
					"texture": "#2"
				},
				"up": {
					"uv": [0, 0, 0.5, 1.75],
					"texture": "#2"
				},
				"down": {
					"uv": [0, 0, 0.5, 1.75],
					"texture": "#2"
				}
			}
		},
		{
			"from": [4, 0.1, 11],
			"to": [12, 9.1, 11.5],
			"rotation": {
				"angle": -22.5,
				"axis": "x",
				"origin": [5, 4.1, 13.5]
			},
			"faces": {
				"north": {
					"uv": [0, 0, 9.5, 6.83333],
					"texture": "#2"
				},
				"east": {
					"uv": [0, 0, 5.91667, 7.33333],
					"texture": "#2"
				},
				"south": {
					"uv": [0, 0, 9.5, 6.25],
					"texture": "#2"
				},
				"west": {
					"uv": [0, 0, 5.91667, 7.33333],
					"texture": "#2"
				},
				"up": {
					"uv": [0, 0, 8, 0.5],
					"texture": "#2"
				},
				"down": {
					"uv": [0, 0, 8, 0.5],
					"texture": "#2"
				}
			}
		},
		{
			"from": [3.5, -8.15, 14.4],
			"to": [4.5, 0.85, 14.9],
			"rotation": {
				"angle": -22.5,
				"axis": "x",
				"origin": [5, -4.15, 16.9]
			},
			"faces": {
				"north": {
					"uv": [0, 0, 7.53061, 1.09524],
					"rotation": 90,
					"texture": "#2"
				},
				"east": {
					"uv": [0, 0, 7.53061, 1.09524],
					"rotation": 90,
					"texture": "#2"
				},
				"south": {
					"uv": [0, 0, 7.53061, 1.09524],
					"rotation": 90,
					"texture": "#2"
				},
				"west": {
					"uv": [0, 0, 7.53061, 1.09524],
					"rotation": 90,
					"texture": "#2"
				},
				"up": {
					"uv": [0, 0, 0.5, 0.5],
					"texture": "#2"
				},
				"down": {
					"uv": [0, 0, 0.5, 0.5],
					"texture": "#2"
				}
			}
		},
		{
			"from": [4.5, -7.15, 14.4],
			"to": [5, 0.85, 14.9],
			"rotation": {
				"angle": -22.5,
				"axis": "x",
				"origin": [5.5, -4.15, 16.9]
			},
			"faces": {
				"north": {
					"uv": [0, 0, 0.5, 8],
					"texture": "#2"
				},
				"east": {
					"uv": [0, 0, 0.5, 8],
					"texture": "#2"
				},
				"south": {
					"uv": [0, 0, 0.5, 8],
					"texture": "#2"
				},
				"west": {
					"uv": [0, 0, 0.5, 8],
					"texture": "#2"
				},
				"up": {
					"uv": [0, 0, 0.5, 0.5],
					"texture": "#2"
				},
				"down": {
					"uv": [0, 0, 0.5, 0.5],
					"texture": "#2"
				}
			}
		},
		{
			"from": [5, -4.65, 14.4],
			"to": [5.5, 0.85, 14.9],
			"rotation": {
				"angle": -22.5,
				"axis": "x",
				"origin": [6, -4.15, 16.9]
			},
			"faces": {
				"north": {
					"uv": [0, 0, 0.5, 5.5],
					"texture": "#2"
				},
				"east": {
					"uv": [0, 0, 0.5, 5.5],
					"texture": "#2"
				},
				"south": {
					"uv": [0, 0, 0.5, 5.5],
					"texture": "#2"
				},
				"west": {
					"uv": [0, 0, 0.5, 5.5],
					"texture": "#2"
				},
				"up": {
					"uv": [0, 0, 0.5, 0.5],
					"texture": "#2"
				},
				"down": {
					"uv": [0, 0, 0.5, 0.5],
					"texture": "#2"
				}
			}
		},
		{
			"from": [5.5, -3.65, 14.4],
			"to": [6, 0.85, 14.9],
			"rotation": {
				"angle": -22.5,
				"axis": "x",
				"origin": [6.5, -4.15, 16.9]
			},
			"faces": {
				"north": {
					"uv": [0, 0, 0.5, 4.5],
					"texture": "#2"
				},
				"east": {
					"uv": [0, 0, 0.5, 4.5],
					"texture": "#2"
				},
				"south": {
					"uv": [0, 0, 0.5, 4.5],
					"texture": "#2"
				},
				"west": {
					"uv": [0, 0, 0.5, 4.5],
					"texture": "#2"
				},
				"up": {
					"uv": [0, 0, 0.5, 0.5],
					"texture": "#2"
				},
				"down": {
					"uv": [0, 0, 0.5, 0.5],
					"texture": "#2"
				}
			}
		},
		{
			"from": [10, -3.65, 14.4],
			"to": [10.5, 0.85, 14.9],
			"rotation": {
				"angle": -22.5,
				"axis": "x",
				"origin": [9.5, -4.15, 16.9]
			},
			"faces": {
				"north": {
					"uv": [0.5, 0, 0, 4.5],
					"texture": "#2"
				},
				"east": {
					"uv": [0.5, 0, 0, 4.5],
					"texture": "#2"
				},
				"south": {
					"uv": [0.5, 0, 0, 4.5],
					"texture": "#2"
				},
				"west": {
					"uv": [0.5, 0, 0, 4.5],
					"texture": "#2"
				},
				"up": {
					"uv": [0.5, 0, 0, 0.5],
					"texture": "#2"
				},
				"down": {
					"uv": [0.5, 0, 0, 0.5],
					"texture": "#2"
				}
			}
		},
		{
			"from": [10.5, -4.65, 14.4],
			"to": [11, 0.85, 14.9],
			"rotation": {
				"angle": -22.5,
				"axis": "x",
				"origin": [10, -4.15, 16.9]
			},
			"faces": {
				"north": {
					"uv": [0.5, 0, 0, 5.5],
					"texture": "#2"
				},
				"east": {
					"uv": [0.5, 0, 0, 5.5],
					"texture": "#2"
				},
				"south": {
					"uv": [0.5, 0, 0, 5.5],
					"texture": "#2"
				},
				"west": {
					"uv": [0.5, 0, 0, 5.5],
					"texture": "#2"
				},
				"up": {
					"uv": [0.5, 0, 0, 0.5],
					"texture": "#2"
				},
				"down": {
					"uv": [0.5, 0, 0, 0.5],
					"texture": "#2"
				}
			}
		},
		{
			"from": [6, -3.15, 14.4],
			"to": [7, 0.85, 14.9],
			"rotation": {
				"angle": -22.5,
				"axis": "x",
				"origin": [7, -4.15, 16.9]
			},
			"faces": {
				"north": {
					"uv": [0, 0, 1, 4],
					"texture": "#2"
				},
				"east": {
					"uv": [0, 0, 0.5, 4],
					"texture": "#2"
				},
				"south": {
					"uv": [0, 0, 1, 4],
					"texture": "#2"
				},
				"west": {
					"uv": [0, 0, 0.5, 4],
					"texture": "#2"
				},
				"up": {
					"uv": [0, 0, 1, 0.5],
					"texture": "#2"
				},
				"down": {
					"uv": [0, 0, 1, 0.5],
					"texture": "#2"
				}
			}
		},
		{
			"from": [7, -2.15, 14.4],
			"to": [8, 0.85, 14.9],
			"rotation": {
				"angle": -22.5,
				"axis": "x",
				"origin": [8, -4.15, 16.9]
			},
			"faces": {
				"north": {
					"uv": [0, 0, 1, 3],
					"texture": "#2"
				},
				"east": {
					"uv": [0, 0, 0.5, 3],
					"texture": "#2"
				},
				"south": {
					"uv": [0, 0, 1, 3],
					"texture": "#2"
				},
				"west": {
					"uv": [0, 0, 0.5, 3],
					"texture": "#2"
				},
				"up": {
					"uv": [0, 0, 1, 0.5],
					"texture": "#2"
				},
				"down": {
					"uv": [0, 0, 1, 0.5],
					"texture": "#2"
				}
			}
		},
		{
			"from": [8, -2.15, 14.4],
			"to": [9, 0.85, 14.9],
			"rotation": {
				"angle": -22.5,
				"axis": "x",
				"origin": [8, -4.15, 16.9]
			},
			"faces": {
				"north": {
					"uv": [1, 0, 0, 3],
					"texture": "#2"
				},
				"east": {
					"uv": [0.5, 0, 0, 3],
					"texture": "#2"
				},
				"south": {
					"uv": [1, 0, 0, 3],
					"texture": "#2"
				},
				"west": {
					"uv": [0.5, 0, 0, 3],
					"texture": "#2"
				},
				"up": {
					"uv": [1, 0, 0, 0.5],
					"texture": "#2"
				},
				"down": {
					"uv": [1, 0, 0, 0.5],
					"texture": "#2"
				}
			}
		},
		{
			"from": [9, -3.15, 14.4],
			"to": [10, 0.85, 14.9],
			"rotation": {
				"angle": -22.5,
				"axis": "x",
				"origin": [9, -4.15, 16.9]
			},
			"faces": {
				"north": {
					"uv": [1, 0, 0, 4],
					"texture": "#2"
				},
				"east": {
					"uv": [0.5, 0, 0, 4],
					"texture": "#2"
				},
				"south": {
					"uv": [1, 0, 0, 4],
					"texture": "#2"
				},
				"west": {
					"uv": [0.5, 0, 0, 4],
					"texture": "#2"
				},
				"up": {
					"uv": [1, 0, 0, 0.5],
					"texture": "#2"
				},
				"down": {
					"uv": [1, 0, 0, 0.5],
					"texture": "#2"
				}
			}
		},
		{
			"from": [11, -7.15, 14.4],
			"to": [11.5, 0.85, 14.9],
			"rotation": {
				"angle": -22.5,
				"axis": "x",
				"origin": [10.5, -4.15, 16.9]
			},
			"faces": {
				"north": {
					"uv": [0.5, 0, 0, 8],
					"texture": "#2"
				},
				"east": {
					"uv": [0.5, 0, 0, 8],
					"texture": "#2"
				},
				"south": {
					"uv": [0.5, 0, 0, 8],
					"texture": "#2"
				},
				"west": {
					"uv": [0.5, 0, 0, 8],
					"texture": "#2"
				},
				"up": {
					"uv": [0.5, 0, 0, 0.5],
					"texture": "#2"
				},
				"down": {
					"uv": [0.5, 0, 0, 0.5],
					"texture": "#2"
				}
			}
		},
		{
			"from": [11.5, -8.15, 14.4],
			"to": [12.5, 0.85, 14.9],
			"rotation": {
				"angle": -22.5,
				"axis": "x",
				"origin": [11, -4.15, 16.9]
			},
			"faces": {
				"north": {
					"uv": [0, 1.09524, 7.53061, 0],
					"rotation": 90,
					"texture": "#2"
				},
				"east": {
					"uv": [0, 1.09524, 7.53061, 0],
					"rotation": 90,
					"texture": "#2"
				},
				"south": {
					"uv": [0, 1.09524, 7.53061, 0],
					"rotation": 90,
					"texture": "#2"
				},
				"west": {
					"uv": [0, 1.09524, 7.53061, 0],
					"rotation": 90,
					"texture": "#2"
				},
				"up": {
					"uv": [0.5, 0, 0, 0.5],
					"texture": "#2"
				},
				"down": {
					"uv": [0.5, 0, 0, 0.5],
					"texture": "#2"
				}
			}
		}
	]
}