{
	"textures": {
		"1": "minecraft:item/weapon_jack",
		"2": "animated_java:blueprint/jack_model/jack",
		"particle": "minecraft:item/pufferfish"
	},
	"display": {
		"head": {
			"rotation": [0, 180, 0]
		}
	},
	"elements": [
		{
			"from": [1.9, 8, 6.25],
			"to": [14.1, 13, 13.25],
			"rotation": {
				"angle": 0,
				"axis": "y",
				"origin": [8, 8, 8]
			},
			"faces": {
				"north": {
					"uv": [0.16667, 8.33333, 5.11667, 11.08333],
					"texture": "#2"
				},
				"east": {
					"uv": [0, 8.16667, 4.08333, 13.08333],
					"texture": "#2"
				},
				"south": {
					"uv": [0.16667, 8.33333, 5.11667, 11.08333],
					"texture": "#2"
				},
				"west": {
					"uv": [0, 8.16667, 4.08333, 13.08333],
					"texture": "#2"
				},
				"up": {
					"uv": [0.16667, 8.33333, 5.11667, 13.08333],
					"texture": "#2"
				},
				"down": {
					"uv": [0.16667, 8.33333, 5.11667, 13.08333],
					"texture": "#2"
				}
			}
		},
		{
			"from": [7.4, 3.5, 6],
			"to": [8.6, 11.5, 6.25],
			"rotation": {
				"angle": 0,
				"axis": "y",
				"origin": [8, 8, 1]
			},
			"faces": {
				"north": {
					"uv": [13.83333, 8.75, 15.36667, 10.41667],
					"texture": "#2"
				},
				"east": {
					"uv": [13.41667, 8.5, 15.33333, 10.08333],
					"texture": "#2"
				},
				"south": {
					"uv": [13.83333, 8.75, 15.36667, 10.41667],
					"texture": "#2"
				},
				"west": {
					"uv": [13.41667, 8.5, 15.33333, 10.08333],
					"texture": "#2"
				},
				"up": {
					"uv": [14.33333, 8.75, 15.53333, 9],
					"texture": "#2"
				},
				"down": {
					"uv": [14.33333, 8.75, 15.53333, 9],
					"texture": "#2"
				}
			}
		},
		{
			"from": [6.9, 11.5, 6],
			"to": [9.1, 13, 6.25],
			"rotation": {
				"angle": 0,
				"axis": "y",
				"origin": [8, 9.5, 1]
			},
			"faces": {
				"north": {
					"uv": [13.8, 8.66667, 16, 10.16667],
					"texture": "#2"
				},
				"east": {
					"uv": [14.33333, 8.75, 14.58333, 10.25],
					"texture": "#2"
				},
				"south": {
					"uv": [13.8, 8.66667, 16, 10.16667],
					"texture": "#2"
				},
				"west": {
					"uv": [14.33333, 8.75, 14.58333, 10.25],
					"texture": "#2"
				},
				"up": {
					"uv": [13.6, 8.5, 15.8, 8.75],
					"texture": "#2"
				},
				"down": {
					"uv": [13.6, 8.5, 15.8, 8.75],
					"texture": "#2"
				}
			}
		},
		{
			"from": [9.1, 12.5, 6],
			"to": [11.5, 13, 6.25],
			"rotation": {
				"angle": 0,
				"axis": "y",
				"origin": [10.2, 9.5, 1]
			},
			"faces": {
				"north": {
					"uv": [13.6, 8.5, 16, 9],
					"texture": "#2"
				},
				"east": {
					"uv": [14.33333, 8.75, 14.58333, 9.25],
					"texture": "#2"
				},
				"south": {
					"uv": [13.6, 8.5, 16, 9],
					"texture": "#2"
				},
				"west": {
					"uv": [14.33333, 8.75, 14.58333, 9.25],
					"texture": "#2"
				},
				"up": {
					"uv": [13.6, 8.5, 16, 8.75],
					"texture": "#2"
				},
				"down": {
					"uv": [13.6, 8.5, 16, 8.75],
					"texture": "#2"
				}
			}
		},
		{
			"from": [5.15, 13, 10.7],
			"to": [10.85, 13.75, 11],
			"rotation": {
				"angle": 0,
				"axis": "y",
				"origin": [8, 13, 8]
			},
			"faces": {
				"north": {
					"uv": [13.8, 3.41667, 16, 4.66667],
					"texture": "#2"
				},
				"east": {
					"uv": [0, 0, 0.3, 0.75],
					"texture": "#2"
				},
				"south": {
					"uv": [13.8, 3.41667, 16, 4.66667],
					"texture": "#2"
				},
				"west": {
					"uv": [0, 0, 0.3, 0.75],
					"texture": "#2"
				},
				"up": {
					"uv": [13.8, 3.33333, 16, 4.88333],
					"texture": "#2"
				},
				"down": {
					"uv": [13.63333, 3.08333, 16, 4.96667],
					"texture": "#2"
				}
			}
		},
		{
			"from": [4.15, 15.75, 11.45],
			"to": [11.85, 17.5, 11.75],
			"rotation": {
				"angle": 45,
				"axis": "x",
				"origin": [8, 15.75, 8.75]
			},
			"faces": {
				"north": {
					"uv": [13.63333, 3, 16, 5.08333],
					"texture": "#2"
				},
				"east": {
					"uv": [13.83333, 3.25, 15.13333, 4.75],
					"texture": "#2"
				},
				"south": {
					"uv": [13.63333, 3, 16, 5.08333],
					"texture": "#2"
				},
				"west": {
					"uv": [13.83333, 3.25, 15.13333, 4.75],
					"texture": "#2"
				},
				"up": {
					"uv": [13.63333, 3, 16, 4.8],
					"texture": "#2"
				},
				"down": {
					"uv": [13.63333, 3, 16, 4.8],
					"texture": "#2"
				}
			}
		},
		{
			"from": [10.55, 13, 6.7],
			"to": [10.85, 13.75, 10.7],
			"rotation": {
				"angle": 0,
				"axis": "y",
				"origin": [8, 13, 7.7]
			},
			"faces": {
				"north": {
					"uv": [0, 0, 0.3, 0.75],
					"texture": "#2"
				},
				"east": {
					"uv": [13.8, 3.41667, 14.3, 4.66667],
					"texture": "#2"
				},
				"south": {
					"uv": [0, 0, 0.3, 0.75],
					"texture": "#2"
				},
				"west": {
					"uv": [13.8, 3.41667, 14.3, 4.66667],
					"texture": "#2"
				},
				"up": {
					"uv": [13.83333, 3.25, 15.66667, 4],
					"texture": "#2"
				},
				"down": {
					"uv": [13.83333, 3.25, 15.66667, 4],
					"texture": "#2"
				}
			}
		},
		{
			"from": [10.85, 13, 5.95],
			"to": [11.5, 13.25, 11.3],
			"rotation": {
				"angle": 0,
				"axis": "y",
				"origin": [8.3, 13, 7.7]
			},
			"faces": {
				"north": {
					"uv": [14.33333, 8.75, 14.98333, 9],
					"texture": "#2"
				},
				"east": {
					"uv": [13.65, 8.75, 16, 10.08333],
					"texture": "#2"
				},
				"south": {
					"uv": [14.33333, 8.75, 14.98333, 9],
					"texture": "#2"
				},
				"west": {
					"uv": [13.65, 8.75, 16, 10.08333],
					"texture": "#2"
				},
				"up": {
					"uv": [13.91667, 8.5, 14.9, 10.18333],
					"texture": "#2"
				},
				"down": {
					"uv": [13.91667, 8.5, 14.9, 10.18333],
					"texture": "#2"
				}
			}
		},
		{
			"from": [11.3, 15.55, 6.7],
			"to": [11.6, 17.3, 11.75],
			"rotation": {
				"angle": -45,
				"axis": "z",
				"origin": [8.75, 15.55, 7.7]
			},
			"faces": {
				"north": {
					"uv": [13.83333, 3.25, 15.13333, 4.75],
					"texture": "#2"
				},
				"east": {
					"uv": [13.86667, 2.91667, 16, 5.08333],
					"texture": "#2"
				},
				"south": {
					"uv": [13.83333, 3.25, 15.13333, 4.75],
					"texture": "#2"
				},
				"west": {
					"uv": [13.86667, 2.91667, 16, 5.08333],
					"texture": "#2"
				},
				"up": {
					"uv": [13.83333, 3.25, 15.66667, 5.05],
					"texture": "#2"
				},
				"down": {
					"uv": [13.83333, 3.25, 15.66667, 5.05],
					"texture": "#2"
				}
			}
		},
		{
			"from": [1.9, 8, 13.25],
			"to": [14.1, 13, 13.75],
			"rotation": {
				"angle": 0,
				"axis": "y",
				"origin": [9.3, 14.65, 14.25]
			},
			"faces": {
				"north": {
					"uv": [0, 0, 10.36667, 4.83333],
					"texture": "#2"
				},
				"east": {
					"uv": [0, 0, 0.5, 5],
					"texture": "#2"
				},
				"south": {
					"uv": [0, 0, 10.36667, 4.83333],
					"texture": "#2"
				},
				"west": {
					"uv": [0, 0, 0.5, 5],
					"texture": "#2"
				},
				"up": {
					"uv": [0, 0, 1.58333, 7.7],
					"rotation": 90,
					"texture": "#2"
				},
				"down": {
					"uv": [0, 0, 1.58333, 7.7],
					"rotation": 270,
					"texture": "#2"
				}
			}
		},
		{
			"from": [1.9, 9.5, 12.45],
			"to": [14.1, 13.75, 12.95],
			"rotation": {
				"angle": -22.5,
				"axis": "x",
				"origin": [9.3, 15.15, 13.45]
			},
			"faces": {
				"north": {
					"uv": [0, 0, 10.36667, 4.08333],
					"texture": "#2"
				},
				"east": {
					"uv": [0, 0, 0.5, 4.25],
					"texture": "#2"
				},
				"south": {
					"uv": [0, 0, 10.36667, 4.08333],
					"texture": "#2"
				},
				"west": {
					"uv": [0, 0, 0.5, 4.25],
					"texture": "#2"
				},
				"up": {
					"uv": [0, 0, 1.58333, 7.7],
					"rotation": 90,
					"texture": "#2"
				},
				"down": {
					"uv": [0, 0, 1.58333, 7.7],
					"rotation": 270,
					"texture": "#2"
				}
			}
		},
		{
			"from": [14.1, 9.5, 12.45],
			"to": [15.3, 13.25, 12.95],
			"rotation": {
				"angle": -22.5,
				"axis": "x",
				"origin": [21.5, 15.15, 13.45]
			},
			"faces": {
				"north": {
					"uv": [0, 0, 1.2, 3.75],
					"texture": "#2"
				},
				"east": {
					"uv": [0, 0, 0.5, 3.75],
					"texture": "#2"
				},
				"south": {
					"uv": [0, 0, 1.2, 3.75],
					"texture": "#2"
				},
				"west": {
					"uv": [0, 0, 0.5, 3.75],
					"texture": "#2"
				},
				"up": {
					"uv": [0, 0, 0.5, 1.2],
					"rotation": 90,
					"texture": "#2"
				},
				"down": {
					"uv": [0, 0, 0.5, 1.2],
					"rotation": 270,
					"texture": "#2"
				}
			}
		},
		{
			"from": [15.3, 9.5, 12.45],
			"to": [16.5, 12.55, 12.95],
			"rotation": {
				"angle": -22.5,
				"axis": "x",
				"origin": [22.7, 15.15, 13.45]
			},
			"faces": {
				"north": {
					"uv": [0, 0, 1.2, 3.05],
					"texture": "#2"
				},
				"east": {
					"uv": [0, 0, 0.5, 3.05],
					"texture": "#2"
				},
				"south": {
					"uv": [0, 0, 1.2, 3.05],
					"texture": "#2"
				},
				"west": {
					"uv": [0, 0, 0.5, 3.05],
					"texture": "#2"
				},
				"up": {
					"uv": [0, 0, 0.5, 1.2],
					"rotation": 90,
					"texture": "#2"
				},
				"down": {
					"uv": [0, 0, 0.5, 1.2],
					"rotation": 270,
					"texture": "#2"
				}
			}
		},
		{
			"from": [16.5, 9.5, 12.45],
			"to": [17.7, 12.05, 12.95],
			"rotation": {
				"angle": -22.5,
				"axis": "x",
				"origin": [23.9, 15.15, 13.45]
			},
			"faces": {
				"north": {
					"uv": [0, 0, 1.2, 2.55],
					"texture": "#2"
				},
				"east": {
					"uv": [0, 0, 0.5, 2.55],
					"texture": "#2"
				},
				"south": {
					"uv": [0, 0, 1.2, 2.55],
					"texture": "#2"
				},
				"west": {
					"uv": [0, 0, 0.5, 2.55],
					"texture": "#2"
				},
				"up": {
					"uv": [0, 0, 0.5, 1.2],
					"rotation": 90,
					"texture": "#2"
				},
				"down": {
					"uv": [0, 0, 0.5, 1.2],
					"rotation": 270,
					"texture": "#2"
				}
			}
		},
		{
			"from": [17.7, 9.5, 12.45],
			"to": [18.65, 11.55, 12.95],
			"rotation": {
				"angle": -22.5,
				"axis": "x",
				"origin": [25.1, 15.15, 13.45]
			},
			"faces": {
				"north": {
					"uv": [0, 0, 0.95, 2.05],
					"texture": "#2"
				},
				"east": {
					"uv": [0, 0, 0.5, 2.05],
					"texture": "#2"
				},
				"south": {
					"uv": [0, 0, 0.95, 2.05],
					"texture": "#2"
				},
				"west": {
					"uv": [0, 0, 0.5, 2.05],
					"texture": "#2"
				},
				"up": {
					"uv": [0, 0, 0.5, 0.95],
					"rotation": 90,
					"texture": "#2"
				},
				"down": {
					"uv": [0, 0, 0.5, 0.95],
					"rotation": 270,
					"texture": "#2"
				}
			}
		},
		{
			"from": [18.65, 9.5, 12.45],
			"to": [19, 10.8, 12.95],
			"rotation": {
				"angle": -22.5,
				"axis": "x",
				"origin": [26.05, 15.15, 13.45]
			},
			"faces": {
				"north": {
					"uv": [0, 0, 0.35, 1.3],
					"texture": "#2"
				},
				"east": {
					"uv": [0, 0, 0.5, 1.3],
					"texture": "#2"
				},
				"south": {
					"uv": [0, 0, 0.35, 1.3],
					"texture": "#2"
				},
				"west": {
					"uv": [0, 0, 0.5, 1.3],
					"texture": "#2"
				},
				"up": {
					"uv": [0, 0, 0.5, 0.35],
					"rotation": 90,
					"texture": "#2"
				},
				"down": {
					"uv": [0, 0, 0.5, 0.35],
					"rotation": 270,
					"texture": "#2"
				}
			}
		},
		{
			"from": [8.15, 6.825, 13.975],
			"to": [9.35, 9.825, 14.475],
			"rotation": {
				"angle": -22.5,
				"axis": "x",
				"origin": [8.55, 11.475, 14.975]
			},
			"faces": {
				"north": {
					"uv": [2.4, 0, 1.2, 3],
					"texture": "#2"
				},
				"east": {
					"uv": [1, 0, 0.5, 3],
					"texture": "#2"
				},
				"south": {
					"uv": [2.4, 0, 1.2, 3],
					"texture": "#2"
				},
				"west": {
					"uv": [1, 0, 0.5, 3],
					"texture": "#2"
				},
				"up": {
					"uv": [0, 2.4, 0.5, 1.2],
					"rotation": 90,
					"texture": "#2"
				},
				"down": {
					"uv": [0, 2.4, 0.5, 1.2],
					"rotation": 270,
					"texture": "#2"
				}
			}
		},
		{
			"from": [9.3, 8.325, 13.975],
			"to": [9.75, 9.825, 14.475],
			"rotation": {
				"angle": -22.5,
				"axis": "x",
				"origin": [9.7, 11.475, 14.975]
			},
			"faces": {
				"north": {
					"uv": [0.9, 0, 0.45, 1.5],
					"texture": "#2"
				},
				"east": {
					"uv": [1, 0, 0.5, 1.5],
					"texture": "#2"
				},
				"south": {
					"uv": [0.9, 0, 0.45, 1.5],
					"texture": "#2"
				},
				"west": {
					"uv": [1, 0, 0.5, 1.5],
					"texture": "#2"
				},
				"up": {
					"uv": [0, 0.9, 0.5, 0.45],
					"rotation": 90,
					"texture": "#2"
				},
				"down": {
					"uv": [0, 0.9, 0.5, 0.45],
					"rotation": 270,
					"texture": "#2"
				}
			}
		},
		{
			"from": [9.7, 7.075, 13.975],
			"to": [11.25, 9.825, 14.475],
			"rotation": {
				"angle": -22.5,
				"axis": "x",
				"origin": [10.1, 11.475, 14.975]
			},
			"faces": {
				"north": {
					"uv": [3.1, 0, 1.55, 2.75],
					"texture": "#2"
				},
				"east": {
					"uv": [1, 0, 0.5, 2.75],
					"texture": "#2"
				},
				"south": {
					"uv": [3.1, 0, 1.55, 2.75],
					"texture": "#2"
				},
				"west": {
					"uv": [1, 0, 0.5, 2.75],
					"texture": "#2"
				},
				"up": {
					"uv": [0, 3.1, 0.5, 1.55],
					"rotation": 90,
					"texture": "#2"
				},
				"down": {
					"uv": [0, 3.1, 0.5, 1.55],
					"rotation": 270,
					"texture": "#2"
				}
			}
		},
		{
			"from": [11.2, 7.575, 13.975],
			"to": [11.75, 9.825, 14.475],
			"rotation": {
				"angle": -22.5,
				"axis": "x",
				"origin": [10.6, 11.475, 14.975]
			},
			"faces": {
				"north": {
					"uv": [1.1, 0, 0.55, 2.25],
					"texture": "#2"
				},
				"east": {
					"uv": [1, 0, 0.5, 2.25],
					"texture": "#2"
				},
				"south": {
					"uv": [1.1, 0, 0.55, 2.25],
					"texture": "#2"
				},
				"west": {
					"uv": [1, 0, 0.5, 2.25],
					"texture": "#2"
				},
				"up": {
					"uv": [0, 1.1, 0.5, 0.55],
					"rotation": 90,
					"texture": "#2"
				},
				"down": {
					"uv": [0, 1.1, 0.5, 0.55],
					"rotation": 270,
					"texture": "#2"
				}
			}
		},
		{
			"from": [11.7, 7.075, 13.975],
			"to": [13.25, 9.825, 14.475],
			"rotation": {
				"angle": -22.5,
				"axis": "x",
				"origin": [12.1, 11.475, 14.975]
			},
			"faces": {
				"north": {
					"uv": [3.1, 0, 1.55, 2.75],
					"texture": "#2"
				},
				"east": {
					"uv": [1, 0, 0.5, 2.75],
					"texture": "#2"
				},
				"south": {
					"uv": [3.1, 0, 1.55, 2.75],
					"texture": "#2"
				},
				"west": {
					"uv": [1, 0, 0.5, 2.75],
					"texture": "#2"
				},
				"up": {
					"uv": [0, 3.1, 0.5, 1.55],
					"rotation": 90,
					"texture": "#2"
				},
				"down": {
					"uv": [0, 3.1, 0.5, 1.55],
					"rotation": 270,
					"texture": "#2"
				}
			}
		},
		{
			"from": [13.95, 8.075, 13.975],
			"to": [15.5, 9.825, 14.475],
			"rotation": {
				"angle": -22.5,
				"axis": "x",
				"origin": [14.35, 11.475, 14.975]
			},
			"faces": {
				"north": {
					"uv": [3.1, 0, 1.55, 1.75],
					"texture": "#2"
				},
				"east": {
					"uv": [1, 0, 0.5, 1.75],
					"texture": "#2"
				},
				"south": {
					"uv": [3.1, 0, 1.55, 1.75],
					"texture": "#2"
				},
				"west": {
					"uv": [1, 0, 0.5, 1.75],
					"texture": "#2"
				},
				"up": {
					"uv": [0, 3.1, 0.5, 1.55],
					"rotation": 90,
					"texture": "#2"
				},
				"down": {
					"uv": [0, 3.1, 0.5, 1.55],
					"rotation": 270,
					"texture": "#2"
				}
			}
		},
		{
			"from": [16.2, 9.075, 13.975],
			"to": [17.75, 9.825, 14.475],
			"rotation": {
				"angle": -22.5,
				"axis": "x",
				"origin": [16.6, 11.475, 14.975]
			},
			"faces": {
				"north": {
					"uv": [3.1, 0, 1.55, 0.75],
					"texture": "#2"
				},
				"east": {
					"uv": [1, 0, 0.5, 0.75],
					"texture": "#2"
				},
				"south": {
					"uv": [3.1, 0, 1.55, 0.75],
					"texture": "#2"
				},
				"west": {
					"uv": [1, 0, 0.5, 0.75],
					"texture": "#2"
				},
				"up": {
					"uv": [0, 3.1, 0.5, 1.55],
					"rotation": 90,
					"texture": "#2"
				},
				"down": {
					"uv": [0, 3.1, 0.5, 1.55],
					"rotation": 270,
					"texture": "#2"
				}
			}
		},
		{
			"from": [13.2, 7.325, 13.975],
			"to": [14, 9.825, 14.475],
			"rotation": {
				"angle": -22.5,
				"axis": "x",
				"origin": [13.6, 11.475, 14.975]
			},
			"faces": {
				"north": {
					"uv": [1.6, 0, 0.8, 2.5],
					"texture": "#2"
				},
				"east": {
					"uv": [1, 0, 0.5, 2.5],
					"texture": "#2"
				},
				"south": {
					"uv": [1.6, 0, 0.8, 2.5],
					"texture": "#2"
				},
				"west": {
					"uv": [1, 0, 0.5, 2.5],
					"texture": "#2"
				},
				"up": {
					"uv": [0, 1.6, 0.5, 0.8],
					"rotation": 90,
					"texture": "#2"
				},
				"down": {
					"uv": [0, 1.6, 0.5, 0.8],
					"rotation": 270,
					"texture": "#2"
				}
			}
		},
		{
			"from": [15.45, 8.325, 13.975],
			"to": [16.25, 9.825, 14.475],
			"rotation": {
				"angle": -22.5,
				"axis": "x",
				"origin": [15.85, 11.475, 14.975]
			},
			"faces": {
				"north": {
					"uv": [1.6, 0, 0.8, 1.5],
					"texture": "#2"
				},
				"east": {
					"uv": [1, 0, 0.5, 1.5],
					"texture": "#2"
				},
				"south": {
					"uv": [1.6, 0, 0.8, 1.5],
					"texture": "#2"
				},
				"west": {
					"uv": [1, 0, 0.5, 1.5],
					"texture": "#2"
				},
				"up": {
					"uv": [0, 1.6, 0.5, 0.8],
					"rotation": 90,
					"texture": "#2"
				},
				"down": {
					"uv": [0, 1.6, 0.5, 0.8],
					"rotation": 270,
					"texture": "#2"
				}
			}
		},
		{
			"from": [1.9, 13, 11.25],
			"to": [14.1, 13.5, 13.25],
			"rotation": {
				"angle": 0,
				"axis": "y",
				"origin": [9.3, 19.65, 13.75]
			},
			"faces": {
				"north": {
					"uv": [0, 0, 10.28333, 0.83333],
					"texture": "#2"
				},
				"east": {
					"uv": [0, 0, 2, 0.5],
					"texture": "#2"
				},
				"south": {
					"uv": [0, 0, 10.28333, 0.83333],
					"texture": "#2"
				},
				"west": {
					"uv": [0, 0, 2, 0.5],
					"texture": "#2"
				},
				"up": {
					"uv": [0, 0, 3.08333, 7.7],
					"rotation": 90,
					"texture": "#2"
				},
				"down": {
					"uv": [0, 0, 3.08333, 7.7],
					"rotation": 270,
					"texture": "#2"
				}
			}
		},
		{
			"from": [3, 13, 6.25],
			"to": [13, 13.5, 7.75],
			"rotation": {
				"angle": -45,
				"axis": "x",
				"origin": [9.3, 19.65, 8.75]
			},
			"faces": {
				"north": {
					"uv": [0, 0, 10, 0.5],
					"texture": "#2"
				},
				"east": {
					"uv": [0, 0, 1.5, 0.5],
					"texture": "#2"
				},
				"south": {
					"uv": [0, 0, 10, 0.5],
					"texture": "#2"
				},
				"west": {
					"uv": [0, 0, 1.5, 0.5],
					"texture": "#2"
				},
				"up": {
					"uv": [0, 0, 2.58333, 5.5],
					"rotation": 90,
					"texture": "#2"
				},
				"down": {
					"uv": [0, 0, 2.58333, 5.5],
					"rotation": 270,
					"texture": "#2"
				}
			}
		},
		{
			"from": [5, 14.05, 7.3],
			"to": [11, 14.55, 8.8],
			"rotation": {
				"angle": -45,
				"axis": "x",
				"origin": [9.3, 20.7, 9.8]
			},
			"faces": {
				"north": {
					"uv": [0, 0, 6, 0.5],
					"texture": "#2"
				},
				"east": {
					"uv": [0, 0, 1.5, 0.5],
					"texture": "#2"
				},
				"south": {
					"uv": [0, 0, 6, 0.5],
					"texture": "#2"
				},
				"west": {
					"uv": [0, 0, 1.5, 0.5],
					"texture": "#2"
				},
				"up": {
					"uv": [0, 0, 1.5, 6],
					"rotation": 90,
					"texture": "#2"
				},
				"down": {
					"uv": [0, 0, 1.5, 6],
					"rotation": 270,
					"texture": "#2"
				}
			}
		},
		{
			"from": [5.5, 14.4, 8.65],
			"to": [10.5, 14.9, 10.65],
			"rotation": {
				"angle": -45,
				"axis": "x",
				"origin": [9.3, 21.05, 10.15]
			},
			"faces": {
				"north": {
					"uv": [0, 0, 5, 0.5],
					"texture": "#2"
				},
				"east": {
					"uv": [0, 0, 2, 0.5],
					"texture": "#2"
				},
				"south": {
					"uv": [0, 0, 5, 0.5],
					"texture": "#2"
				},
				"west": {
					"uv": [0, 0, 2, 0.5],
					"texture": "#2"
				},
				"up": {
					"uv": [0, 0, 2, 5],
					"rotation": 90,
					"texture": "#2"
				},
				"down": {
					"uv": [0, 0, 2, 5],
					"rotation": 270,
					"texture": "#2"
				}
			}
		},
		{
			"from": [6, 15.8, 10.05],
			"to": [10, 16.3, 12.05],
			"rotation": {
				"angle": -45,
				"axis": "x",
				"origin": [9.3, 22.45, 11.55]
			},
			"faces": {
				"north": {
					"uv": [0, 0, 4, 0.5],
					"texture": "#2"
				},
				"east": {
					"uv": [0, 0, 2, 0.5],
					"texture": "#2"
				},
				"south": {
					"uv": [0, 0, 4, 0.5],
					"texture": "#2"
				},
				"west": {
					"uv": [0, 0, 2, 0.5],
					"texture": "#2"
				},
				"up": {
					"uv": [0, 0, 2, 4],
					"rotation": 90,
					"texture": "#2"
				},
				"down": {
					"uv": [0, 0, 2, 4],
					"rotation": 270,
					"texture": "#2"
				}
			}
		},
		{
			"from": [6.5, 17.2, 11.45],
			"to": [9.5, 17.7, 13.45],
			"rotation": {
				"angle": -45,
				"axis": "x",
				"origin": [9.3, 23.85, 12.95]
			},
			"faces": {
				"north": {
					"uv": [0, 0, 3, 0.5],
					"texture": "#2"
				},
				"east": {
					"uv": [0, 0, 2, 0.5],
					"texture": "#2"
				},
				"south": {
					"uv": [0, 0, 3, 0.5],
					"texture": "#2"
				},
				"west": {
					"uv": [0, 0, 2, 0.5],
					"texture": "#2"
				},
				"up": {
					"uv": [0, 0, 2, 3],
					"rotation": 90,
					"texture": "#2"
				},
				"down": {
					"uv": [0, 0, 2, 3],
					"rotation": 270,
					"texture": "#2"
				}
			}
		},
		{
			"from": [7, 19.45, 15.2],
			"to": [9, 19.95, 18.2],
			"rotation": {
				"angle": -22.5,
				"axis": "x",
				"origin": [9.3, 26.1, 16.7]
			},
			"faces": {
				"north": {
					"uv": [0, 0, 2, 0.5],
					"texture": "#2"
				},
				"east": {
					"uv": [0, 0, 3, 0.5],
					"texture": "#2"
				},
				"south": {
					"uv": [0, 0, 2, 0.5],
					"texture": "#2"
				},
				"west": {
					"uv": [0, 0, 3, 0.5],
					"texture": "#2"
				},
				"up": {
					"uv": [0, 0, 3, 2],
					"rotation": 90,
					"texture": "#2"
				},
				"down": {
					"uv": [0, 0, 3, 2],
					"rotation": 270,
					"texture": "#2"
				}
			}
		},
		{
			"from": [11.9, 13, 6.25],
			"to": [14.1, 13.5, 11.25],
			"rotation": {
				"angle": 0,
				"axis": "y",
				"origin": [16.7, 19.65, 11.75]
			},
			"faces": {
				"north": {
					"uv": [2.2, 0, 0, 0.5],
					"texture": "#2"
				},
				"east": {
					"uv": [5, 0, 0, 0.5],
					"texture": "#2"
				},
				"south": {
					"uv": [2.2, 0, 0, 0.5],
					"texture": "#2"
				},
				"west": {
					"uv": [5, 0, 0, 0.5],
					"texture": "#2"
				},
				"up": {
					"uv": [0, 2.2, 5, 0],
					"rotation": 90,
					"texture": "#2"
				},
				"down": {
					"uv": [0, 2.2, 5, 0],
					"rotation": 270,
					"texture": "#2"
				}
			}
		},
		{
			"from": [8.35, 9.35, 5.85],
			"to": [9.85, 9.85, 11.85],
			"rotation": {
				"angle": 45,
				"axis": "z",
				"origin": [5.75, 16, 11.85]
			},
			"faces": {
				"north": {
					"uv": [0, 0, 1.5, 0.5],
					"texture": "#2"
				},
				"east": {
					"uv": [0, 0, 6, 0.5],
					"texture": "#2"
				},
				"south": {
					"uv": [0, 0, 1.5, 0.5],
					"texture": "#2"
				},
				"west": {
					"uv": [0, 0, 6, 0.5],
					"texture": "#2"
				},
				"up": {
					"uv": [0, 0, 6, 1.5],
					"rotation": 90,
					"texture": "#2"
				},
				"down": {
					"uv": [0, 0, 6, 1.5],
					"rotation": 270,
					"texture": "#2"
				}
			}
		},
		{
			"from": [9.4, 10.4, 7.1],
			"to": [10.9, 10.9, 11.35],
			"rotation": {
				"angle": 45,
				"axis": "z",
				"origin": [6.8, 17.05, 11.85]
			},
			"faces": {
				"north": {
					"uv": [0, 0, 1.5, 0.5],
					"texture": "#2"
				},
				"east": {
					"uv": [0, 0, 4.25, 0.5],
					"texture": "#2"
				},
				"south": {
					"uv": [0, 0, 1.5, 0.5],
					"texture": "#2"
				},
				"west": {
					"uv": [0, 0, 4.25, 0.5],
					"texture": "#2"
				},
				"up": {
					"uv": [0, 0, 4.25, 1.5],
					"rotation": 90,
					"texture": "#2"
				},
				"down": {
					"uv": [0, 0, 4.25, 1.5],
					"rotation": 270,
					"texture": "#2"
				}
			}
		},
		{
			"from": [10.45, 11.45, 7.6],
			"to": [11.95, 11.95, 10.85],
			"rotation": {
				"angle": 45,
				"axis": "z",
				"origin": [7.85, 18.1, 11.85]
			},
			"faces": {
				"north": {
					"uv": [0, 0, 1.5, 0.5],
					"texture": "#2"
				},
				"east": {
					"uv": [0, 0, 3.25, 0.5],
					"texture": "#2"
				},
				"south": {
					"uv": [0, 0, 1.5, 0.5],
					"texture": "#2"
				},
				"west": {
					"uv": [0, 0, 3.25, 0.5],
					"texture": "#2"
				},
				"up": {
					"uv": [0, 0, 3.25, 1.5],
					"rotation": 90,
					"texture": "#2"
				},
				"down": {
					"uv": [0, 0, 3.25, 1.5],
					"rotation": 270,
					"texture": "#2"
				}
			}
		},
		{
			"from": [11.5, 12.5, 8.1],
			"to": [13, 13, 10.35],
			"rotation": {
				"angle": 45,
				"axis": "z",
				"origin": [8.9, 19.15, 11.85]
			},
			"faces": {
				"north": {
					"uv": [0, 0, 1.5, 0.5],
					"texture": "#2"
				},
				"east": {
					"uv": [0, 0, 2.25, 0.5],
					"texture": "#2"
				},
				"south": {
					"uv": [0, 0, 1.5, 0.5],
					"texture": "#2"
				},
				"west": {
					"uv": [0, 0, 2.25, 0.5],
					"texture": "#2"
				},
				"up": {
					"uv": [0, 0, 2.25, 1.5],
					"rotation": 90,
					"texture": "#2"
				},
				"down": {
					"uv": [0, 0, 2.25, 1.5],
					"rotation": 270,
					"texture": "#2"
				}
			}
		},
		{
			"from": [12.55, 13.55, 8.6],
			"to": [14.05, 14.05, 9.85],
			"rotation": {
				"angle": 45,
				"axis": "z",
				"origin": [9.95, 20.2, 11.85]
			},
			"faces": {
				"north": {
					"uv": [0, 0, 1.5, 0.5],
					"texture": "#2"
				},
				"east": {
					"uv": [0, 0, 1.25, 0.5],
					"texture": "#2"
				},
				"south": {
					"uv": [0, 0, 1.5, 0.5],
					"texture": "#2"
				},
				"west": {
					"uv": [0, 0, 1.25, 0.5],
					"texture": "#2"
				},
				"up": {
					"uv": [0, 0, 1.25, 1.5],
					"rotation": 90,
					"texture": "#2"
				},
				"down": {
					"uv": [0, 0, 1.25, 1.5],
					"rotation": 270,
					"texture": "#2"
				}
			}
		},
		{
			"from": [15.05, 16.8, 8.85],
			"to": [16.55, 17.3, 9.6],
			"rotation": {
				"angle": 22.5,
				"axis": "z",
				"origin": [12.45, 23.45, 11.85]
			},
			"faces": {
				"north": {
					"uv": [0, 0, 1.5, 0.5],
					"texture": "#2"
				},
				"east": {
					"uv": [0, 0, 0.75, 0.5],
					"texture": "#2"
				},
				"south": {
					"uv": [0, 0, 1.5, 0.5],
					"texture": "#2"
				},
				"west": {
					"uv": [0, 0, 0.75, 0.5],
					"texture": "#2"
				},
				"up": {
					"uv": [0, 0, 0.75, 1.5],
					"rotation": 90,
					"texture": "#2"
				},
				"down": {
					"uv": [0, 0, 0.75, 1.5],
					"rotation": 270,
					"texture": "#2"
				}
			}
		},
		{
			"from": [1.9, 13, 6.25],
			"to": [4.1, 13.5, 11.25],
			"rotation": {
				"angle": 0,
				"axis": "y",
				"origin": [-0.7, 19.65, 11.75]
			},
			"faces": {
				"north": {
					"uv": [0, 0, 2.2, 0.5],
					"texture": "#2"
				},
				"east": {
					"uv": [0, 0, 5, 0.5],
					"texture": "#2"
				},
				"south": {
					"uv": [0, 0, 2.2, 0.5],
					"texture": "#2"
				},
				"west": {
					"uv": [0, 0, 5, 0.5],
					"texture": "#2"
				},
				"up": {
					"uv": [0, 0, 5, 2.2],
					"rotation": 90,
					"texture": "#2"
				},
				"down": {
					"uv": [0, 0, 5, 2.2],
					"rotation": 270,
					"texture": "#2"
				}
			}
		},
		{
			"from": [14.1, 7.8, 6],
			"to": [14.6, 13, 13.25],
			"rotation": {
				"angle": 0,
				"axis": "y",
				"origin": [18.9, 14.65, 13.75]
			},
			"faces": {
				"north": {
					"uv": [0.5, 0, 0, 5.2],
					"texture": "#2"
				},
				"east": {
					"uv": [7.25, 0, 0, 5.2],
					"texture": "#2"
				},
				"south": {
					"uv": [0.5, 0, 0, 5.2],
					"texture": "#2"
				},
				"west": {
					"uv": [7.25, 0, 0, 5.2],
					"texture": "#2"
				},
				"up": {
					"uv": [0, 0.5, 7.25, 0],
					"rotation": 90,
					"texture": "#2"
				},
				"down": {
					"uv": [0, 0.5, 7.25, 0],
					"rotation": 270,
					"texture": "#2"
				}
			}
		},
		{
			"from": [13.95, 13.15, 8],
			"to": [18.95, 13.65, 13.25],
			"rotation": {
				"angle": -22.5,
				"axis": "z",
				"origin": [13.65, 13.3, 8.75]
			},
			"faces": {
				"north": {
					"uv": [0, 0, 5, 0.5],
					"texture": "#2"
				},
				"east": {
					"uv": [0, 0, 5.25, 0.5],
					"texture": "#2"
				},
				"south": {
					"uv": [0, 0, 5, 0.5],
					"texture": "#2"
				},
				"west": {
					"uv": [0, 0, 5.25, 0.5],
					"texture": "#2"
				},
				"up": {
					"uv": [0, 0, 5.25, 5],
					"rotation": 90,
					"texture": "#2"
				},
				"down": {
					"uv": [0, 0, 5.25, 5],
					"rotation": 270,
					"texture": "#2"
				}
			}
		},
		{
			"from": [15.2, 13.15, 13.25],
			"to": [18.95, 13.65, 13.75],
			"rotation": {
				"angle": -22.5,
				"axis": "z",
				"origin": [13.65, 13.3, 14]
			},
			"faces": {
				"north": {
					"uv": [0, 0, 3.75, 0.5],
					"texture": "#2"
				},
				"east": {
					"uv": [0, 0, 0.5, 0.5],
					"texture": "#2"
				},
				"south": {
					"uv": [0, 0, 3.75, 0.5],
					"texture": "#2"
				},
				"west": {
					"uv": [0, 0, 0.5, 0.5],
					"texture": "#2"
				},
				"up": {
					"uv": [0, 0, 0.5, 3.75],
					"rotation": 90,
					"texture": "#2"
				},
				"down": {
					"uv": [0, 0, 0.5, 3.75],
					"rotation": 270,
					"texture": "#2"
				}
			}
		},
		{
			"from": [17.95, 13.15, 13.75],
			"to": [18.95, 13.65, 14.25],
			"rotation": {
				"angle": -22.5,
				"axis": "z",
				"origin": [13.65, 13.3, 14.5]
			},
			"faces": {
				"north": {
					"uv": [0, 0, 1, 0.5],
					"texture": "#2"
				},
				"east": {
					"uv": [0, 0, 0.5, 0.5],
					"texture": "#2"
				},
				"south": {
					"uv": [0, 0, 1, 0.5],
					"texture": "#2"
				},
				"west": {
					"uv": [0, 0, 0.5, 0.5],
					"texture": "#2"
				},
				"up": {
					"uv": [0, 0, 0.5, 1],
					"rotation": 90,
					"texture": "#2"
				},
				"down": {
					"uv": [0, 0, 0.5, 1],
					"rotation": 270,
					"texture": "#2"
				}
			}
		},
		{
			"from": [14.95, 13.15, 7.75],
			"to": [18.95, 13.65, 8],
			"rotation": {
				"angle": -22.5,
				"axis": "z",
				"origin": [13.65, 13.3, 8.5]
			},
			"faces": {
				"north": {
					"uv": [0, 0, 4, 0.5],
					"texture": "#2"
				},
				"east": {
					"uv": [0, 0, 0.25, 0.5],
					"texture": "#2"
				},
				"south": {
					"uv": [0, 0, 4, 0.5],
					"texture": "#2"
				},
				"west": {
					"uv": [0, 0, 0.25, 0.5],
					"texture": "#2"
				},
				"up": {
					"uv": [0, 0, 0.25, 4],
					"rotation": 90,
					"texture": "#2"
				},
				"down": {
					"uv": [0, 0, 0.25, 4],
					"rotation": 270,
					"texture": "#2"
				}
			}
		},
		{
			"from": [16.95, 13.15, 7.5],
			"to": [18.95, 13.65, 7.75],
			"rotation": {
				"angle": -22.5,
				"axis": "z",
				"origin": [13.65, 13.3, 8.25]
			},
			"faces": {
				"north": {
					"uv": [0, 0, 2, 0.5],
					"texture": "#2"
				},
				"east": {
					"uv": [0, 0, 0.25, 0.5],
					"texture": "#2"
				},
				"south": {
					"uv": [0, 0, 2, 0.5],
					"texture": "#2"
				},
				"west": {
					"uv": [0, 0, 0.25, 0.5],
					"texture": "#2"
				},
				"up": {
					"uv": [0, 0, 0.25, 2],
					"rotation": 90,
					"texture": "#2"
				},
				"down": {
					"uv": [0, 0, 0.25, 2],
					"rotation": 270,
					"texture": "#2"
				}
			}
		},
		{
			"from": [13.95, 7.9, 6.5],
			"to": [14.95, 13.3, 7],
			"rotation": {
				"angle": 22.5,
				"axis": "x",
				"origin": [13.65, 9.9, 6.85]
			},
			"faces": {
				"north": {
					"uv": [0, 0, 5.4, 1],
					"rotation": 270,
					"texture": "#2"
				},
				"east": {
					"uv": [0, 0, 5.4, 0.5],
					"rotation": 90,
					"texture": "#2"
				},
				"south": {
					"uv": [0, 0, 5.4, 1],
					"rotation": 270,
					"texture": "#2"
				},
				"west": {
					"uv": [0, 0, 5.4, 0.5],
					"rotation": 270,
					"texture": "#2"
				},
				"up": {
					"uv": [0, 0, 1, 0.5],
					"texture": "#2"
				},
				"down": {
					"uv": [0, 0, 1, 0.5],
					"rotation": 180,
					"texture": "#2"
				}
			}
		},
		{
			"from": [14.95, 8.15, 6.5],
			"to": [15.95, 12.9, 7],
			"rotation": {
				"angle": 22.5,
				"axis": "x",
				"origin": [14.65, 9.9, 6.85]
			},
			"faces": {
				"north": {
					"uv": [0, 0, 4.75, 1],
					"rotation": 270,
					"texture": "#2"
				},
				"east": {
					"uv": [0, 0, 4.75, 0.5],
					"rotation": 90,
					"texture": "#2"
				},
				"south": {
					"uv": [0, 0, 4.75, 1],
					"rotation": 270,
					"texture": "#2"
				},
				"west": {
					"uv": [0, 0, 4.75, 0.5],
					"rotation": 270,
					"texture": "#2"
				},
				"up": {
					"uv": [0, 0, 1, 0.5],
					"texture": "#2"
				},
				"down": {
					"uv": [0, 0, 1, 0.5],
					"rotation": 180,
					"texture": "#2"
				}
			}
		},
		{
			"from": [16.95, 8.4, 6.5],
			"to": [17.95, 11.9, 7],
			"rotation": {
				"angle": 22.5,
				"axis": "x",
				"origin": [16.65, 9.9, 6.85]
			},
			"faces": {
				"north": {
					"uv": [0, 0, 3.5, 1],
					"rotation": 270,
					"texture": "#2"
				},
				"east": {
					"uv": [0, 0, 3.5, 0.5],
					"rotation": 90,
					"texture": "#2"
				},
				"south": {
					"uv": [0, 0, 3.5, 1],
					"rotation": 270,
					"texture": "#2"
				},
				"west": {
					"uv": [0, 0, 3.5, 0.5],
					"rotation": 270,
					"texture": "#2"
				},
				"up": {
					"uv": [0, 0, 1, 0.5],
					"texture": "#2"
				},
				"down": {
					"uv": [0, 0, 1, 0.5],
					"rotation": 180,
					"texture": "#2"
				}
			}
		},
		{
			"from": [17.95, 7.9, 6.5],
			"to": [18.7, 11.65, 7],
			"rotation": {
				"angle": 22.5,
				"axis": "x",
				"origin": [17.65, 9.9, 6.85]
			},
			"faces": {
				"north": {
					"uv": [0, 0, 3.75, 0.75],
					"rotation": 270,
					"texture": "#2"
				},
				"east": {
					"uv": [0, 0, 3.75, 0.5],
					"rotation": 90,
					"texture": "#2"
				},
				"south": {
					"uv": [0, 0, 3.75, 0.75],
					"rotation": 270,
					"texture": "#2"
				},
				"west": {
					"uv": [0, 0, 3.75, 0.5],
					"rotation": 270,
					"texture": "#2"
				},
				"up": {
					"uv": [0, 0, 0.75, 0.5],
					"texture": "#2"
				},
				"down": {
					"uv": [0, 0, 0.75, 0.5],
					"rotation": 180,
					"texture": "#2"
				}
			}
		},
		{
			"from": [18.7, 7.9, 6.5],
			"to": [18.95, 10.9, 7],
			"rotation": {
				"angle": 22.5,
				"axis": "x",
				"origin": [18.4, 9.9, 6.85]
			},
			"faces": {
				"north": {
					"uv": [0, 0, 3, 0.25],
					"rotation": 270,
					"texture": "#2"
				},
				"east": {
					"uv": [0, 0, 3, 0.5],
					"rotation": 90,
					"texture": "#2"
				},
				"south": {
					"uv": [0, 0, 3, 0.25],
					"rotation": 270,
					"texture": "#2"
				},
				"west": {
					"uv": [0, 0, 3, 0.5],
					"rotation": 270,
					"texture": "#2"
				},
				"up": {
					"uv": [0, 0, 0.25, 0.5],
					"texture": "#2"
				},
				"down": {
					"uv": [0, 0, 0.25, 0.5],
					"rotation": 180,
					"texture": "#2"
				}
			}
		},
		{
			"from": [18.95, 8.15, 6.5],
			"to": [19.2, 10.15, 7],
			"rotation": {
				"angle": 22.5,
				"axis": "x",
				"origin": [18.65, 9.9, 6.85]
			},
			"faces": {
				"north": {
					"uv": [0, 0, 2, 0.25],
					"rotation": 270,
					"texture": "#2"
				},
				"east": {
					"uv": [0, 0, 2, 0.5],
					"rotation": 90,
					"texture": "#2"
				},
				"south": {
					"uv": [0, 0, 2, 0.25],
					"rotation": 270,
					"texture": "#2"
				},
				"west": {
					"uv": [0, 0, 2, 0.5],
					"rotation": 270,
					"texture": "#2"
				},
				"up": {
					"uv": [0, 0, 0.25, 0.5],
					"texture": "#2"
				},
				"down": {
					"uv": [0, 0, 0.25, 0.5],
					"rotation": 180,
					"texture": "#2"
				}
			}
		},
		{
			"from": [19.2, 8.4, 6.5],
			"to": [19.45, 9.4, 7],
			"rotation": {
				"angle": 22.5,
				"axis": "x",
				"origin": [18.9, 9.9, 6.85]
			},
			"faces": {
				"north": {
					"uv": [0, 0, 1, 0.25],
					"rotation": 270,
					"texture": "#2"
				},
				"east": {
					"uv": [0, 0, 1, 0.5],
					"rotation": 90,
					"texture": "#2"
				},
				"south": {
					"uv": [0, 0, 1, 0.25],
					"rotation": 270,
					"texture": "#2"
				},
				"west": {
					"uv": [0, 0, 1, 0.5],
					"rotation": 270,
					"texture": "#2"
				},
				"up": {
					"uv": [0, 0, 0.25, 0.5],
					"texture": "#2"
				},
				"down": {
					"uv": [0, 0, 0.25, 0.5],
					"rotation": 180,
					"texture": "#2"
				}
			}
		},
		{
			"from": [15.95, 7.9, 6.5],
			"to": [16.95, 12.4, 7],
			"rotation": {
				"angle": 22.5,
				"axis": "x",
				"origin": [15.65, 9.9, 6.85]
			},
			"faces": {
				"north": {
					"uv": [0, 0, 4.5, 1],
					"rotation": 270,
					"texture": "#2"
				},
				"east": {
					"uv": [0, 0, 4.5, 0.5],
					"rotation": 90,
					"texture": "#2"
				},
				"south": {
					"uv": [0, 0, 4.5, 1],
					"rotation": 270,
					"texture": "#2"
				},
				"west": {
					"uv": [0, 0, 4.5, 0.5],
					"rotation": 270,
					"texture": "#2"
				},
				"up": {
					"uv": [0, 0, 1, 0.5],
					"texture": "#2"
				},
				"down": {
					"uv": [0, 0, 1, 0.5],
					"rotation": 180,
					"texture": "#2"
				}
			}
		},
		{
			"from": [18.125, 8.425, 7.25],
			"to": [18.625, 11.425, 12.25],
			"rotation": {
				"angle": 22.5,
				"axis": "z",
				"origin": [18.275, 11.725, 8.75]
			},
			"faces": {
				"north": {
					"uv": [0, 1, 3, 0.5],
					"rotation": 270,
					"texture": "#2"
				},
				"east": {
					"uv": [9.66667, 0, 4.66667, 3],
					"rotation": 180,
					"texture": "#2"
				},
				"south": {
					"uv": [0, 1, 3, 0.5],
					"rotation": 90,
					"texture": "#2"
				},
				"west": {
					"uv": [9.66667, 0, 4.66667, 3],
					"texture": "#2"
				},
				"up": {
					"uv": [0, 1, 5, 0.5],
					"rotation": 90,
					"texture": "#2"
				},
				"down": {
					"uv": [0, 1, 5, 0.5],
					"rotation": 90,
					"texture": "#2"
				}
			}
		},
		{
			"from": [18.125, 8.675, 7],
			"to": [18.625, 10.925, 7.25],
			"rotation": {
				"angle": 22.5,
				"axis": "z",
				"origin": [18.275, 11.725, 3.5]
			},
			"faces": {
				"north": {
					"uv": [0, 0, 2.25, 0.5],
					"rotation": 270,
					"texture": "#2"
				},
				"east": {
					"uv": [0, 0, 0.25, 2.25],
					"rotation": 180,
					"texture": "#2"
				},
				"south": {
					"uv": [0, 0, 2.25, 0.5],
					"rotation": 90,
					"texture": "#2"
				},
				"west": {
					"uv": [0, 0, 0.25, 2.25],
					"texture": "#2"
				},
				"up": {
					"uv": [0, 0, 0.25, 0.5],
					"rotation": 90,
					"texture": "#2"
				},
				"down": {
					"uv": [0, 0, 0.25, 0.5],
					"rotation": 90,
					"texture": "#2"
				}
			}
		},
		{
			"from": [18.125, 8.425, 6.75],
			"to": [18.625, 10.175, 7],
			"rotation": {
				"angle": 22.5,
				"axis": "z",
				"origin": [18.275, 11.725, 3.25]
			},
			"faces": {
				"north": {
					"uv": [0, 0, 1.75, 0.5],
					"rotation": 270,
					"texture": "#2"
				},
				"east": {
					"uv": [0, 0, 0.25, 1.75],
					"rotation": 180,
					"texture": "#2"
				},
				"south": {
					"uv": [0, 0, 1.75, 0.5],
					"rotation": 90,
					"texture": "#2"
				},
				"west": {
					"uv": [0, 0, 0.25, 1.75],
					"texture": "#2"
				},
				"up": {
					"uv": [0, 0, 0.25, 0.5],
					"rotation": 90,
					"texture": "#2"
				},
				"down": {
					"uv": [0, 0, 0.25, 0.5],
					"rotation": 90,
					"texture": "#2"
				}
			}
		},
		{
			"from": [18.125, 8.425, 6.5],
			"to": [18.625, 9.675, 6.75],
			"rotation": {
				"angle": 22.5,
				"axis": "z",
				"origin": [18.275, 11.725, 3]
			},
			"faces": {
				"north": {
					"uv": [0, 0, 1.25, 0.5],
					"rotation": 270,
					"texture": "#2"
				},
				"east": {
					"uv": [0, 0, 0.25, 1.25],
					"rotation": 180,
					"texture": "#2"
				},
				"south": {
					"uv": [0, 0, 1.25, 0.5],
					"rotation": 90,
					"texture": "#2"
				},
				"west": {
					"uv": [0, 0, 0.25, 1.25],
					"texture": "#2"
				},
				"up": {
					"uv": [0, 0, 0.25, 0.5],
					"rotation": 90,
					"texture": "#2"
				},
				"down": {
					"uv": [0, 0, 0.25, 0.5],
					"rotation": 90,
					"texture": "#2"
				}
			}
		},
		{
			"from": [11.85, 8.05, 6],
			"to": [14.1, 13, 6.25],
			"rotation": {
				"angle": 0,
				"axis": "y",
				"origin": [9.3, 14.65, 6.75]
			},
			"faces": {
				"north": {
					"uv": [0, 0, 2.25, 4.95],
					"texture": "#2"
				},
				"east": {
					"uv": [0, 0, 0.25, 4.95],
					"texture": "#2"
				},
				"south": {
					"uv": [0, 0, 2.25, 4.95],
					"texture": "#2"
				},
				"west": {
					"uv": [0, 0, 0.25, 4.95],
					"texture": "#2"
				},
				"up": {
					"uv": [0, 0, 0.25, 2.25],
					"rotation": 90,
					"texture": "#2"
				},
				"down": {
					"uv": [0, 0, 0.25, 2.25],
					"rotation": 270,
					"texture": "#2"
				}
			}
		},
		{
			"from": [13.4, 8, 7.45],
			"to": [14.9, 13.5, 7.95],
			"rotation": {
				"angle": 45,
				"axis": "y",
				"origin": [10.85, 14.65, 8.45]
			},
			"faces": {
				"north": {
					"uv": [0, 0, 1.5, 5.5],
					"texture": "#2"
				},
				"east": {
					"uv": [0, 0, 0.5, 5.5],
					"texture": "#2"
				},
				"south": {
					"uv": [0, 0, 1.5, 5.5],
					"texture": "#2"
				},
				"west": {
					"uv": [0, 0, 0.5, 5.5],
					"texture": "#2"
				},
				"up": {
					"uv": [0, 0, 0.5, 1.5],
					"rotation": 90,
					"texture": "#2"
				},
				"down": {
					"uv": [0, 0, 0.5, 1.5],
					"rotation": 270,
					"texture": "#2"
				}
			}
		},
		{
			"from": [13.575, 12.75, 5.75],
			"to": [17.075, 13.5, 6.25],
			"rotation": {
				"angle": 22.5,
				"axis": "y",
				"origin": [11.025, 14.65, 6.75]
			},
			"faces": {
				"north": {
					"uv": [0, 0, 3.5, 0.75],
					"texture": "#2"
				},
				"east": {
					"uv": [0, 0, 0.5, 0.75],
					"texture": "#2"
				},
				"south": {
					"uv": [0, 0, 3.5, 0.75],
					"texture": "#2"
				},
				"west": {
					"uv": [0, 0, 0.5, 0.75],
					"texture": "#2"
				},
				"up": {
					"uv": [0, 0, 0.5, 3.5],
					"rotation": 90,
					"texture": "#2"
				},
				"down": {
					"uv": [0, 0, 0.5, 3.5],
					"rotation": 270,
					"texture": "#2"
				}
			}
		},
		{
			"from": [13.575, 10.5, 5.75],
			"to": [16.575, 11.5, 6.25],
			"rotation": {
				"angle": 22.5,
				"axis": "y",
				"origin": [11.025, 12.65, 6.75]
			},
			"faces": {
				"north": {
					"uv": [0, 0, 3, 1],
					"texture": "#2"
				},
				"east": {
					"uv": [0, 0, 0.5, 1],
					"texture": "#2"
				},
				"south": {
					"uv": [0, 0, 3, 1],
					"texture": "#2"
				},
				"west": {
					"uv": [0, 0, 0.5, 1],
					"texture": "#2"
				},
				"up": {
					"uv": [0, 0, 0.5, 3],
					"rotation": 90,
					"texture": "#2"
				},
				"down": {
					"uv": [0, 0, 0.5, 3],
					"rotation": 270,
					"texture": "#2"
				}
			}
		},
		{
			"from": [13.575, 9, 5.75],
			"to": [16.325, 10, 6.25],
			"rotation": {
				"angle": 22.5,
				"axis": "y",
				"origin": [11.025, 11.15, 6.75]
			},
			"faces": {
				"north": {
					"uv": [0, 0, 2.75, 1],
					"texture": "#2"
				},
				"east": {
					"uv": [0, 0, 0.5, 1],
					"texture": "#2"
				},
				"south": {
					"uv": [0, 0, 2.75, 1],
					"texture": "#2"
				},
				"west": {
					"uv": [0, 0, 0.5, 1],
					"texture": "#2"
				},
				"up": {
					"uv": [0, 0, 0.5, 2.75],
					"rotation": 90,
					"texture": "#2"
				},
				"down": {
					"uv": [0, 0, 0.5, 2.75],
					"rotation": 270,
					"texture": "#2"
				}
			}
		},
		{
			"from": [13.575, 8, 5.75],
			"to": [15.575, 9, 6.25],
			"rotation": {
				"angle": 22.5,
				"axis": "y",
				"origin": [11.025, 10.15, 6.75]
			},
			"faces": {
				"north": {
					"uv": [0, 0, 2, 1],
					"texture": "#2"
				},
				"east": {
					"uv": [0, 0, 0.5, 1],
					"texture": "#2"
				},
				"south": {
					"uv": [0, 0, 2, 1],
					"texture": "#2"
				},
				"west": {
					"uv": [0, 0, 0.5, 1],
					"texture": "#2"
				},
				"up": {
					"uv": [0, 0, 0.5, 2],
					"rotation": 90,
					"texture": "#2"
				},
				"down": {
					"uv": [0, 0, 0.5, 2],
					"rotation": 270,
					"texture": "#2"
				}
			}
		},
		{
			"from": [13.575, 10, 5.75],
			"to": [15.825, 10.5, 6.25],
			"rotation": {
				"angle": 22.5,
				"axis": "y",
				"origin": [11.025, 11.65, 6.75]
			},
			"faces": {
				"north": {
					"uv": [0, 0, 2.25, 0.5],
					"texture": "#2"
				},
				"east": {
					"uv": [0, 0, 0.5, 0.5],
					"texture": "#2"
				},
				"south": {
					"uv": [0, 0, 2.25, 0.5],
					"texture": "#2"
				},
				"west": {
					"uv": [0, 0, 0.5, 0.5],
					"texture": "#2"
				},
				"up": {
					"uv": [0, 0, 0.5, 2.25],
					"rotation": 90,
					"texture": "#2"
				},
				"down": {
					"uv": [0, 0, 0.5, 2.25],
					"rotation": 270,
					"texture": "#2"
				}
			}
		},
		{
			"from": [13.575, 12.25, 5.75],
			"to": [16.325, 12.75, 6.25],
			"rotation": {
				"angle": 22.5,
				"axis": "y",
				"origin": [11.025, 13.4, 6.75]
			},
			"faces": {
				"north": {
					"uv": [0, 0, 2.75, 0.5],
					"texture": "#2"
				},
				"east": {
					"uv": [0, 0, 0.5, 0.5],
					"texture": "#2"
				},
				"south": {
					"uv": [0, 0, 2.75, 0.5],
					"texture": "#2"
				},
				"west": {
					"uv": [0, 0, 0.5, 0.5],
					"texture": "#2"
				},
				"up": {
					"uv": [0, 0, 0.5, 2.75],
					"rotation": 90,
					"texture": "#2"
				},
				"down": {
					"uv": [0, 0, 0.5, 2.75],
					"rotation": 270,
					"texture": "#2"
				}
			}
		},
		{
			"from": [13.575, 12, 5.75],
			"to": [16.075, 12.25, 6.25],
			"rotation": {
				"angle": 22.5,
				"axis": "y",
				"origin": [11.025, 12.9, 6.75]
			},
			"faces": {
				"north": {
					"uv": [0, 0, 2.5, 0.25],
					"texture": "#2"
				},
				"east": {
					"uv": [0, 0, 0.5, 0.25],
					"texture": "#2"
				},
				"south": {
					"uv": [0, 0, 2.5, 0.25],
					"texture": "#2"
				},
				"west": {
					"uv": [0, 0, 0.5, 0.25],
					"texture": "#2"
				},
				"up": {
					"uv": [0, 0, 0.5, 2.5],
					"rotation": 90,
					"texture": "#2"
				},
				"down": {
					"uv": [0, 0, 0.5, 2.5],
					"rotation": 270,
					"texture": "#2"
				}
			}
		},
		{
			"from": [13.575, 11.5, 5.75],
			"to": [15.825, 12, 6.25],
			"rotation": {
				"angle": 22.5,
				"axis": "y",
				"origin": [11.025, 12.65, 6.75]
			},
			"faces": {
				"north": {
					"uv": [0, 0, 2.25, 0.5],
					"texture": "#2"
				},
				"east": {
					"uv": [0, 0, 0.5, 0.5],
					"texture": "#2"
				},
				"south": {
					"uv": [0, 0, 2.25, 0.5],
					"texture": "#2"
				},
				"west": {
					"uv": [0, 0, 0.5, 0.5],
					"texture": "#2"
				},
				"up": {
					"uv": [0, 0, 0.5, 2.25],
					"rotation": 90,
					"texture": "#2"
				},
				"down": {
					"uv": [0, 0, 0.5, 2.25],
					"rotation": 270,
					"texture": "#2"
				}
			}
		},
		{
			"from": [10.6, 8.05, 6.2],
			"to": [11.85, 13, 6.25],
			"rotation": {
				"angle": 0,
				"axis": "y",
				"origin": [7.05, 14.65, 6.75]
			},
			"faces": {
				"north": {
					"uv": [13.66667, 3, 15, 4.95],
					"texture": "#2"
				},
				"east": {
					"uv": [13.83333, 3.25, 15.55, 4.95],
					"texture": "#2"
				},
				"south": {
					"uv": [13.66667, 3, 15, 4.95],
					"texture": "#2"
				},
				"west": {
					"uv": [13.83333, 3.25, 15.55, 4.95],
					"texture": "#2"
				},
				"up": {
					"uv": [13.83333, 3.25, 14.88333, 4.25],
					"rotation": 90,
					"texture": "#2"
				},
				"down": {
					"uv": [13.83333, 3.25, 14.88333, 4.25],
					"rotation": 270,
					"texture": "#2"
				}
			}
		},
		{
			"from": [4.1, 8.05, 6.2],
			"to": [5.35, 13, 6.25],
			"rotation": {
				"angle": 0,
				"axis": "y",
				"origin": [0.55, 14.65, 6.75]
			},
			"faces": {
				"north": {
					"uv": [13.66667, 3, 15, 4.95],
					"texture": "#2"
				},
				"east": {
					"uv": [13.83333, 3.25, 15.55, 4.95],
					"texture": "#2"
				},
				"south": {
					"uv": [13.66667, 3, 15, 4.95],
					"texture": "#2"
				},
				"west": {
					"uv": [13.83333, 3.25, 15.55, 4.95],
					"texture": "#2"
				},
				"up": {
					"uv": [13.83333, 3.25, 14.88333, 4.25],
					"rotation": 90,
					"texture": "#2"
				},
				"down": {
					"uv": [13.83333, 3.25, 14.88333, 4.25],
					"rotation": 270,
					"texture": "#2"
				}
			}
		},
		{
			"from": [1.4, 7.8, 6],
			"to": [1.9, 13, 13.25],
			"rotation": {
				"angle": 0,
				"axis": "y",
				"origin": [-2.9, 14.65, 13.75]
			},
			"faces": {
				"north": {
					"uv": [0, 0, 0.5, 5.2],
					"texture": "#2"
				},
				"east": {
					"uv": [0, 0, 7.25, 5.2],
					"texture": "#2"
				},
				"south": {
					"uv": [0, 0, 0.5, 5.2],
					"texture": "#2"
				},
				"west": {
					"uv": [0, 0, 7.25, 5.2],
					"texture": "#2"
				},
				"up": {
					"uv": [0, 0, 7.25, 0.5],
					"rotation": 90,
					"texture": "#2"
				},
				"down": {
					"uv": [0, 0, 7.25, 0.5],
					"rotation": 270,
					"texture": "#2"
				}
			}
		},
		{
			"from": [0.175, 11.5, 5.75],
			"to": [2.425, 12, 6.25],
			"rotation": {
				"angle": -22.5,
				"axis": "y",
				"origin": [4.975, 12.65, 6.75]
			},
			"faces": {
				"north": {
					"uv": [2.25, 0, 0, 0.5],
					"texture": "#2"
				},
				"east": {
					"uv": [0.5, 0, 0, 0.5],
					"texture": "#2"
				},
				"south": {
					"uv": [2.25, 0, 0, 0.5],
					"texture": "#2"
				},
				"west": {
					"uv": [0.5, 0, 0, 0.5],
					"texture": "#2"
				},
				"up": {
					"uv": [0, 2.25, 0.5, 0],
					"rotation": 90,
					"texture": "#2"
				},
				"down": {
					"uv": [0, 2.25, 0.5, 0],
					"rotation": 270,
					"texture": "#2"
				}
			}
		},
		{
			"from": [0.675, 11.5, 5.4],
			"to": [2.175, 12, 5.9],
			"rotation": {
				"angle": -22.5,
				"axis": "y",
				"origin": [5.475, 12.65, 6.4]
			},
			"faces": {
				"north": {
					"uv": [0, 14.41667, 1.5, 14.91667],
					"texture": "#2"
				},
				"east": {
					"uv": [1.33333, 14.5, 1.83333, 15],
					"texture": "#2"
				},
				"south": {
					"uv": [0, 14.41667, 1.5, 14.91667],
					"texture": "#2"
				},
				"west": {
					"uv": [1.33333, 14.5, 1.83333, 15],
					"texture": "#2"
				},
				"up": {
					"uv": [0.58333, 13.83333, 1.08333, 15.33333],
					"rotation": 90,
					"texture": "#2"
				},
				"down": {
					"uv": [0.58333, 13.83333, 1.08333, 15.33333],
					"rotation": 270,
					"texture": "#2"
				}
			}
		},
		{
			"from": [1.175, 10, 5.65],
			"to": [1.675, 12, 5.9],
			"rotation": {
				"angle": -22.5,
				"axis": "y",
				"origin": [5.475, 12.65, 6.4]
			},
			"faces": {
				"north": {
					"uv": [2.25, 0, 2.75, 2],
					"texture": "#1"
				},
				"east": {
					"uv": [0.5, 0, 0.75, 2],
					"texture": "#1"
				},
				"south": {
					"uv": [2.25, 0, 2.75, 2],
					"texture": "#1"
				},
				"west": {
					"uv": [0.5, 0, 0.75, 2],
					"texture": "#1"
				},
				"up": {
					"uv": [0, 2.25, 0.25, 2.75],
					"rotation": 90,
					"texture": "#1"
				},
				"down": {
					"uv": [0, 2.25, 0.25, 2.75],
					"rotation": 270,
					"texture": "#1"
				}
			}
		},
		{
			"from": [1.525, 12, 5.75],
			"to": [1.775, 14, 6],
			"rotation": {
				"angle": -22.5,
				"axis": "y",
				"origin": [5.575, 14.65, 6.5]
			},
			"faces": {
				"north": {
					"uv": [2.25, 0, 2.5, 2],
					"texture": "#1"
				},
				"east": {
					"uv": [0.5, 0, 0.75, 2],
					"texture": "#1"
				},
				"south": {
					"uv": [2.25, 0, 2.5, 2],
					"texture": "#1"
				},
				"west": {
					"uv": [0.5, 0, 0.75, 2],
					"texture": "#1"
				},
				"up": {
					"uv": [0, 2.25, 0.25, 2.5],
					"rotation": 90,
					"texture": "#1"
				},
				"down": {
					"uv": [0, 2.25, 0.25, 2.5],
					"rotation": 270,
					"texture": "#1"
				}
			}
		},
		{
			"from": [2.125, 13, 6],
			"to": [2.375, 14, 6.25],
			"rotation": {
				"angle": -22.5,
				"axis": "y",
				"origin": [6.175, 14.65, 6.75]
			},
			"faces": {
				"north": {
					"uv": [2.25, 0, 2.5, 1],
					"texture": "#1"
				},
				"east": {
					"uv": [0.5, 0, 0.75, 1],
					"texture": "#1"
				},
				"south": {
					"uv": [2.25, 0, 2.5, 1],
					"texture": "#1"
				},
				"west": {
					"uv": [0.5, 0, 0.75, 1],
					"texture": "#1"
				},
				"up": {
					"uv": [0, 2.25, 0.25, 2.5],
					"rotation": 90,
					"texture": "#1"
				},
				"down": {
					"uv": [0, 2.25, 0.25, 2.5],
					"rotation": 270,
					"texture": "#1"
				}
			}
		},
		{
			"from": [1.725, 13, 6],
			"to": [2.175, 13.25, 6.25],
			"rotation": {
				"angle": -22.5,
				"axis": "y",
				"origin": [6.175, 14.65, 6.75]
			},
			"faces": {
				"north": {
					"uv": [2.25, 0, 2.7, 0.25],
					"texture": "#1"
				},
				"east": {
					"uv": [0.5, 0, 0.75, 0.25],
					"texture": "#1"
				},
				"south": {
					"uv": [2.25, 0, 2.7, 0.25],
					"texture": "#1"
				},
				"west": {
					"uv": [0.5, 0, 0.75, 0.25],
					"texture": "#1"
				},
				"up": {
					"uv": [0, 2.25, 0.25, 2.7],
					"rotation": 90,
					"texture": "#1"
				},
				"down": {
					"uv": [0, 2.25, 0.25, 2.7],
					"rotation": 270,
					"texture": "#1"
				}
			}
		},
		{
			"from": [1.725, 13.75, 6],
			"to": [2.175, 14, 6.25],
			"rotation": {
				"angle": -22.5,
				"axis": "y",
				"origin": [6.175, 15.4, 6.75]
			},
			"faces": {
				"north": {
					"uv": [2.25, 0, 2.7, 0.25],
					"texture": "#1"
				},
				"east": {
					"uv": [0.5, 0, 0.75, 0.25],
					"texture": "#1"
				},
				"south": {
					"uv": [2.25, 0, 2.7, 0.25],
					"texture": "#1"
				},
				"west": {
					"uv": [0.5, 0, 0.75, 0.25],
					"texture": "#1"
				},
				"up": {
					"uv": [0, 2.25, 0.25, 2.7],
					"rotation": 90,
					"texture": "#1"
				},
				"down": {
					"uv": [0, 2.25, 0.25, 2.7],
					"rotation": 270,
					"texture": "#1"
				}
			}
		},
		{
			"from": [0.375, 13, 5.2],
			"to": [0.625, 14, 5.45],
			"rotation": {
				"angle": -22.5,
				"axis": "y",
				"origin": [4.425, 14.65, 5.95]
			},
			"faces": {
				"north": {
					"uv": [2.25, 0, 2.5, 1],
					"texture": "#1"
				},
				"east": {
					"uv": [0.5, 0, 0.75, 1],
					"texture": "#1"
				},
				"south": {
					"uv": [2.25, 0, 2.5, 1],
					"texture": "#1"
				},
				"west": {
					"uv": [0.5, 0, 0.75, 1],
					"texture": "#1"
				},
				"up": {
					"uv": [0, 2.25, 0.25, 2.5],
					"rotation": 90,
					"texture": "#1"
				},
				"down": {
					"uv": [0, 2.25, 0.25, 2.5],
					"rotation": 270,
					"texture": "#1"
				}
			}
		},
		{
			"from": [0.575, 13.75, 5.45],
			"to": [1.025, 14, 5.7],
			"rotation": {
				"angle": -22.5,
				"axis": "y",
				"origin": [5.025, 15.4, 6.2]
			},
			"faces": {
				"north": {
					"uv": [2.25, 0, 2.7, 0.25],
					"texture": "#1"
				},
				"east": {
					"uv": [0.5, 0, 0.75, 0.25],
					"texture": "#1"
				},
				"south": {
					"uv": [2.25, 0, 2.7, 0.25],
					"texture": "#1"
				},
				"west": {
					"uv": [0.5, 0, 0.75, 0.25],
					"texture": "#1"
				},
				"up": {
					"uv": [0, 2.25, 0.25, 2.7],
					"rotation": 90,
					"texture": "#1"
				},
				"down": {
					"uv": [0, 2.25, 0.25, 2.7],
					"rotation": 270,
					"texture": "#1"
				}
			}
		},
		{
			"from": [0.575, 13, 5.45],
			"to": [1.025, 13.25, 5.7],
			"rotation": {
				"angle": -22.5,
				"axis": "y",
				"origin": [5.025, 14.65, 6.2]
			},
			"faces": {
				"north": {
					"uv": [2.25, 0, 2.7, 0.25],
					"texture": "#1"
				},
				"east": {
					"uv": [0.5, 0, 0.75, 0.25],
					"texture": "#1"
				},
				"south": {
					"uv": [2.25, 0, 2.7, 0.25],
					"texture": "#1"
				},
				"west": {
					"uv": [0.5, 0, 0.75, 0.25],
					"texture": "#1"
				},
				"up": {
					"uv": [0, 2.25, 0.25, 2.7],
					"rotation": 90,
					"texture": "#1"
				},
				"down": {
					"uv": [0, 2.25, 0.25, 2.7],
					"rotation": 270,
					"texture": "#1"
				}
			}
		},
		{
			"from": [1.025, 12, 5.5],
			"to": [1.275, 14, 5.75],
			"rotation": {
				"angle": -22.5,
				"axis": "y",
				"origin": [5.075, 14.65, 6.25]
			},
			"faces": {
				"north": {
					"uv": [2.25, 0, 2.5, 2],
					"texture": "#1"
				},
				"east": {
					"uv": [0.5, 0, 0.75, 2],
					"texture": "#1"
				},
				"south": {
					"uv": [2.25, 0, 2.5, 2],
					"texture": "#1"
				},
				"west": {
					"uv": [0.5, 0, 0.75, 2],
					"texture": "#1"
				},
				"up": {
					"uv": [0, 2.25, 0.25, 2.5],
					"rotation": 90,
					"texture": "#1"
				},
				"down": {
					"uv": [0, 2.25, 0.25, 2.5],
					"rotation": 270,
					"texture": "#1"
				}
			}
		},
		{
			"from": [-2.625, 8.425, 6.5],
			"to": [-2.125, 9.675, 6.75],
			"rotation": {
				"angle": -22.5,
				"axis": "z",
				"origin": [-2.275, 11.725, 3]
			},
			"faces": {
				"north": {
					"uv": [0, 0.5, 1.25, 0],
					"rotation": 270,
					"texture": "#2"
				},
				"east": {
					"uv": [0.25, 0, 0, 1.25],
					"texture": "#2"
				},
				"south": {
					"uv": [0, 0.5, 1.25, 0],
					"rotation": 90,
					"texture": "#2"
				},
				"west": {
					"uv": [0.25, 0, 0, 1.25],
					"rotation": 180,
					"texture": "#2"
				},
				"up": {
					"uv": [0, 0.5, 0.25, 0],
					"rotation": 90,
					"texture": "#2"
				},
				"down": {
					"uv": [0, 0.5, 0.25, 0],
					"rotation": 90,
					"texture": "#2"
				}
			}
		},
		{
			"from": [-3.45, 8.4, 6.5],
			"to": [-3.2, 9.4, 7],
			"rotation": {
				"angle": 22.5,
				"axis": "x",
				"origin": [-2.9, 9.9, 6.85]
			},
			"faces": {
				"north": {
					"uv": [0, 0.25, 1, 0],
					"rotation": 270,
					"texture": "#2"
				},
				"east": {
					"uv": [0, 0.5, 1, 0],
					"rotation": 270,
					"texture": "#2"
				},
				"south": {
					"uv": [0, 0.25, 1, 0],
					"rotation": 270,
					"texture": "#2"
				},
				"west": {
					"uv": [0, 0.5, 1, 0],
					"rotation": 90,
					"texture": "#2"
				},
				"up": {
					"uv": [0.25, 0, 0, 0.5],
					"texture": "#2"
				},
				"down": {
					"uv": [0.25, 0, 0, 0.5],
					"rotation": 180,
					"texture": "#2"
				}
			}
		},
		{
			"from": [-2.95, 13.15, 7.5],
			"to": [-0.95, 13.65, 7.75],
			"rotation": {
				"angle": 22.5,
				"axis": "z",
				"origin": [2.35, 13.3, 8.25]
			},
			"faces": {
				"north": {
					"uv": [2, 0, 0, 0.5],
					"texture": "#2"
				},
				"east": {
					"uv": [0.25, 0, 0, 0.5],
					"texture": "#2"
				},
				"south": {
					"uv": [2, 0, 0, 0.5],
					"texture": "#2"
				},
				"west": {
					"uv": [0.25, 0, 0, 0.5],
					"texture": "#2"
				},
				"up": {
					"uv": [0, 2, 0.25, 0],
					"rotation": 90,
					"texture": "#2"
				},
				"down": {
					"uv": [0, 2, 0.25, 0],
					"rotation": 270,
					"texture": "#2"
				}
			}
		},
		{
			"from": [1.05, 7.9, 6.5],
			"to": [2.05, 13.3, 7],
			"rotation": {
				"angle": 22.5,
				"axis": "x",
				"origin": [2.35, 9.9, 6.85]
			},
			"faces": {
				"north": {
					"uv": [0, 1, 5.4, 0],
					"rotation": 270,
					"texture": "#2"
				},
				"east": {
					"uv": [0, 0.5, 5.4, 0],
					"rotation": 270,
					"texture": "#2"
				},
				"south": {
					"uv": [0, 1, 5.4, 0],
					"rotation": 270,
					"texture": "#2"
				},
				"west": {
					"uv": [0, 0.5, 5.4, 0],
					"rotation": 90,
					"texture": "#2"
				},
				"up": {
					"uv": [1, 0, 0, 0.5],
					"texture": "#2"
				},
				"down": {
					"uv": [1, 0, 0, 0.5],
					"rotation": 180,
					"texture": "#2"
				}
			}
		},
		{
			"from": [0.05, 8.15, 6.5],
			"to": [1.05, 12.9, 7],
			"rotation": {
				"angle": 22.5,
				"axis": "x",
				"origin": [1.35, 9.9, 6.85]
			},
			"faces": {
				"north": {
					"uv": [0, 1, 4.75, 0],
					"rotation": 270,
					"texture": "#2"
				},
				"east": {
					"uv": [0, 0.5, 4.75, 0],
					"rotation": 270,
					"texture": "#2"
				},
				"south": {
					"uv": [0, 1, 4.75, 0],
					"rotation": 270,
					"texture": "#2"
				},
				"west": {
					"uv": [0, 0.5, 4.75, 0],
					"rotation": 90,
					"texture": "#2"
				},
				"up": {
					"uv": [1, 0, 0, 0.5],
					"texture": "#2"
				},
				"down": {
					"uv": [1, 0, 0, 0.5],
					"rotation": 180,
					"texture": "#2"
				}
			}
		},
		{
			"from": [-0.95, 7.9, 6.5],
			"to": [0.05, 12.4, 7],
			"rotation": {
				"angle": 22.5,
				"axis": "x",
				"origin": [0.35, 9.9, 6.85]
			},
			"faces": {
				"north": {
					"uv": [0, 1, 4.5, 0],
					"rotation": 270,
					"texture": "#2"
				},
				"east": {
					"uv": [0, 0.5, 4.5, 0],
					"rotation": 270,
					"texture": "#2"
				},
				"south": {
					"uv": [0, 1, 4.5, 0],
					"rotation": 270,
					"texture": "#2"
				},
				"west": {
					"uv": [0, 0.5, 4.5, 0],
					"rotation": 90,
					"texture": "#2"
				},
				"up": {
					"uv": [1, 0, 0, 0.5],
					"texture": "#2"
				},
				"down": {
					"uv": [1, 0, 0, 0.5],
					"rotation": 180,
					"texture": "#2"
				}
			}
		},
		{
			"from": [-2.95, 13.15, 13.75],
			"to": [-1.95, 13.65, 14.25],
			"rotation": {
				"angle": 22.5,
				"axis": "z",
				"origin": [2.35, 13.3, 14.5]
			},
			"faces": {
				"north": {
					"uv": [1, 0, 0, 0.5],
					"texture": "#2"
				},
				"east": {
					"uv": [0.5, 0, 0, 0.5],
					"texture": "#2"
				},
				"south": {
					"uv": [1, 0, 0, 0.5],
					"texture": "#2"
				},
				"west": {
					"uv": [0.5, 0, 0, 0.5],
					"texture": "#2"
				},
				"up": {
					"uv": [0, 1, 0.5, 0],
					"rotation": 90,
					"texture": "#2"
				},
				"down": {
					"uv": [0, 1, 0.5, 0],
					"rotation": 270,
					"texture": "#2"
				}
			}
		},
		{
			"from": [-2.95, 13.15, 7.75],
			"to": [1.05, 13.65, 8],
			"rotation": {
				"angle": 22.5,
				"axis": "z",
				"origin": [2.35, 13.3, 8.5]
			},
			"faces": {
				"north": {
					"uv": [4, 0, 0, 0.5],
					"texture": "#2"
				},
				"east": {
					"uv": [0.25, 0, 0, 0.5],
					"texture": "#2"
				},
				"south": {
					"uv": [4, 0, 0, 0.5],
					"texture": "#2"
				},
				"west": {
					"uv": [0.25, 0, 0, 0.5],
					"texture": "#2"
				},
				"up": {
					"uv": [0, 4, 0.25, 0],
					"rotation": 90,
					"texture": "#2"
				},
				"down": {
					"uv": [0, 4, 0.25, 0],
					"rotation": 270,
					"texture": "#2"
				}
			}
		},
		{
			"from": [-1.95, 8.4, 6.5],
			"to": [-0.95, 11.9, 7],
			"rotation": {
				"angle": 22.5,
				"axis": "x",
				"origin": [-0.65, 9.9, 6.85]
			},
			"faces": {
				"north": {
					"uv": [0, 1, 3.5, 0],
					"rotation": 270,
					"texture": "#2"
				},
				"east": {
					"uv": [0, 0.5, 3.5, 0],
					"rotation": 270,
					"texture": "#2"
				},
				"south": {
					"uv": [0, 1, 3.5, 0],
					"rotation": 270,
					"texture": "#2"
				},
				"west": {
					"uv": [0, 0.5, 3.5, 0],
					"rotation": 90,
					"texture": "#2"
				},
				"up": {
					"uv": [1, 0, 0, 0.5],
					"texture": "#2"
				},
				"down": {
					"uv": [1, 0, 0, 0.5],
					"rotation": 180,
					"texture": "#2"
				}
			}
		},
		{
			"from": [-2.625, 8.425, 7.25],
			"to": [-2.125, 11.425, 12.25],
			"rotation": {
				"angle": -22.5,
				"axis": "z",
				"origin": [-2.275, 11.725, 8.75]
			},
			"faces": {
				"north": {
					"uv": [0, 0.5, 3, 1],
					"rotation": 270,
					"texture": "#2"
				},
				"east": {
					"uv": [4.66667, 0, 9.66667, 3],
					"texture": "#2"
				},
				"south": {
					"uv": [0, 0.5, 3, 1],
					"rotation": 90,
					"texture": "#2"
				},
				"west": {
					"uv": [4.66667, 0, 9.66667, 3],
					"rotation": 180,
					"texture": "#2"
				},
				"up": {
					"uv": [0, 0.5, 5, 1],
					"rotation": 90,
					"texture": "#2"
				},
				"down": {
					"uv": [0, 0.5, 5, 1],
					"rotation": 90,
					"texture": "#2"
				}
			}
		},
		{
			"from": [-2.625, 9.425, 12.25],
			"to": [-2.125, 11.425, 13.25],
			"rotation": {
				"angle": -22.5,
				"axis": "z",
				"origin": [-2.275, 11.725, 13.75]
			},
			"faces": {
				"north": {
					"uv": [0, 0.5, 2, 1],
					"rotation": 270,
					"texture": "#2"
				},
				"east": {
					"uv": [7, 0, 8, 2],
					"texture": "#2"
				},
				"south": {
					"uv": [0, 0.5, 2, 1],
					"rotation": 90,
					"texture": "#2"
				},
				"west": {
					"uv": [7, 0, 8, 2],
					"rotation": 180,
					"texture": "#2"
				},
				"up": {
					"uv": [0, 0.5, 1, 1],
					"rotation": 90,
					"texture": "#2"
				},
				"down": {
					"uv": [0, 0.5, 1, 1],
					"rotation": 90,
					"texture": "#2"
				}
			}
		},
		{
			"from": [-2.625, 10.175, 13.25],
			"to": [-2.125, 11.425, 14.25],
			"rotation": {
				"angle": -22.5,
				"axis": "z",
				"origin": [-2.275, 11.725, 14.75]
			},
			"faces": {
				"north": {
					"uv": [0, 0.5, 1.25, 1],
					"rotation": 270,
					"texture": "#2"
				},
				"east": {
					"uv": [7, 0, 8, 1.25],
					"texture": "#2"
				},
				"south": {
					"uv": [0, 0.5, 1.25, 1],
					"rotation": 90,
					"texture": "#2"
				},
				"west": {
					"uv": [7, 0, 8, 1.25],
					"rotation": 180,
					"texture": "#2"
				},
				"up": {
					"uv": [0, 0.5, 1, 1],
					"rotation": 90,
					"texture": "#2"
				},
				"down": {
					"uv": [0, 0.5, 1, 1],
					"rotation": 90,
					"texture": "#2"
				}
			}
		},
		{
			"from": [-2.7, 7.9, 6.5],
			"to": [-1.95, 11.65, 7],
			"rotation": {
				"angle": 22.5,
				"axis": "x",
				"origin": [-1.65, 9.9, 6.85]
			},
			"faces": {
				"north": {
					"uv": [0, 0.75, 3.75, 0],
					"rotation": 270,
					"texture": "#2"
				},
				"east": {
					"uv": [0, 0.5, 3.75, 0],
					"rotation": 270,
					"texture": "#2"
				},
				"south": {
					"uv": [0, 0.75, 3.75, 0],
					"rotation": 270,
					"texture": "#2"
				},
				"west": {
					"uv": [0, 0.5, 3.75, 0],
					"rotation": 90,
					"texture": "#2"
				},
				"up": {
					"uv": [0.75, 0, 0, 0.5],
					"texture": "#2"
				},
				"down": {
					"uv": [0.75, 0, 0, 0.5],
					"rotation": 180,
					"texture": "#2"
				}
			}
		},
		{
			"from": [-2.625, 8.675, 7],
			"to": [-2.125, 10.925, 7.25],
			"rotation": {
				"angle": -22.5,
				"axis": "z",
				"origin": [-2.275, 11.725, 3.5]
			},
			"faces": {
				"north": {
					"uv": [0, 0.5, 2.25, 0],
					"rotation": 270,
					"texture": "#2"
				},
				"east": {
					"uv": [0.25, 0, 0, 2.25],
					"texture": "#2"
				},
				"south": {
					"uv": [0, 0.5, 2.25, 0],
					"rotation": 90,
					"texture": "#2"
				},
				"west": {
					"uv": [0.25, 0, 0, 2.25],
					"rotation": 180,
					"texture": "#2"
				},
				"up": {
					"uv": [0, 0.5, 0.25, 0],
					"rotation": 90,
					"texture": "#2"
				},
				"down": {
					"uv": [0, 0.5, 0.25, 0],
					"rotation": 90,
					"texture": "#2"
				}
			}
		},
		{
			"from": [-2.95, 7.9, 6.5],
			"to": [-2.7, 10.9, 7],
			"rotation": {
				"angle": 22.5,
				"axis": "x",
				"origin": [-2.4, 9.9, 6.85]
			},
			"faces": {
				"north": {
					"uv": [0, 0.25, 3, 0],
					"rotation": 270,
					"texture": "#2"
				},
				"east": {
					"uv": [0, 0.5, 3, 0],
					"rotation": 270,
					"texture": "#2"
				},
				"south": {
					"uv": [0, 0.25, 3, 0],
					"rotation": 270,
					"texture": "#2"
				},
				"west": {
					"uv": [0, 0.5, 3, 0],
					"rotation": 90,
					"texture": "#2"
				},
				"up": {
					"uv": [0.25, 0, 0, 0.5],
					"texture": "#2"
				},
				"down": {
					"uv": [0.25, 0, 0, 0.5],
					"rotation": 180,
					"texture": "#2"
				}
			}
		},
		{
			"from": [-2.625, 8.425, 6.75],
			"to": [-2.125, 10.175, 7],
			"rotation": {
				"angle": -22.5,
				"axis": "z",
				"origin": [-2.275, 11.725, 3.25]
			},
			"faces": {
				"north": {
					"uv": [0, 0.5, 1.75, 0],
					"rotation": 270,
					"texture": "#2"
				},
				"east": {
					"uv": [0.25, 0, 0, 1.75],
					"texture": "#2"
				},
				"south": {
					"uv": [0, 0.5, 1.75, 0],
					"rotation": 90,
					"texture": "#2"
				},
				"west": {
					"uv": [0.25, 0, 0, 1.75],
					"rotation": 180,
					"texture": "#2"
				},
				"up": {
					"uv": [0, 0.5, 0.25, 0],
					"rotation": 90,
					"texture": "#2"
				},
				"down": {
					"uv": [0, 0.5, 0.25, 0],
					"rotation": 90,
					"texture": "#2"
				}
			}
		},
		{
			"from": [-3.2, 8.15, 6.5],
			"to": [-2.95, 10.15, 7],
			"rotation": {
				"angle": 22.5,
				"axis": "x",
				"origin": [-2.65, 9.9, 6.85]
			},
			"faces": {
				"north": {
					"uv": [0, 0.25, 2, 0],
					"rotation": 270,
					"texture": "#2"
				},
				"east": {
					"uv": [0, 0.5, 2, 0],
					"rotation": 270,
					"texture": "#2"
				},
				"south": {
					"uv": [0, 0.25, 2, 0],
					"rotation": 270,
					"texture": "#2"
				},
				"west": {
					"uv": [0, 0.5, 2, 0],
					"rotation": 90,
					"texture": "#2"
				},
				"up": {
					"uv": [0.25, 0, 0, 0.5],
					"texture": "#2"
				},
				"down": {
					"uv": [0.25, 0, 0, 0.5],
					"rotation": 180,
					"texture": "#2"
				}
			}
		},
		{
			"from": [7.75, 8.325, 13.975],
			"to": [8.2, 9.825, 14.475],
			"rotation": {
				"angle": -22.5,
				"axis": "x",
				"origin": [7.8, 11.475, 14.975]
			},
			"faces": {
				"north": {
					"uv": [0.45, 0, 0.9, 1.5],
					"texture": "#2"
				},
				"east": {
					"uv": [0.5, 0, 1, 1.5],
					"texture": "#2"
				},
				"south": {
					"uv": [0.45, 0, 0.9, 1.5],
					"texture": "#2"
				},
				"west": {
					"uv": [0.5, 0, 1, 1.5],
					"texture": "#2"
				},
				"up": {
					"uv": [0, 0.45, 0.5, 0.9],
					"rotation": 90,
					"texture": "#2"
				},
				"down": {
					"uv": [0, 0.45, 0.5, 0.9],
					"rotation": 270,
					"texture": "#2"
				}
			}
		},
		{
			"from": [6.65, 6.825, 13.975],
			"to": [7.85, 9.825, 14.475],
			"rotation": {
				"angle": -22.5,
				"axis": "x",
				"origin": [7.45, 11.475, 14.975]
			},
			"faces": {
				"north": {
					"uv": [1.2, 0, 2.4, 3],
					"texture": "#2"
				},
				"east": {
					"uv": [0.5, 0, 1, 3],
					"texture": "#2"
				},
				"south": {
					"uv": [1.2, 0, 2.4, 3],
					"texture": "#2"
				},
				"west": {
					"uv": [0.5, 0, 1, 3],
					"texture": "#2"
				},
				"up": {
					"uv": [0, 1.2, 0.5, 2.4],
					"rotation": 90,
					"texture": "#2"
				},
				"down": {
					"uv": [0, 1.2, 0.5, 2.4],
					"rotation": 270,
					"texture": "#2"
				}
			}
		},
		{
			"from": [-0.25, 8.325, 13.975],
			"to": [0.55, 9.825, 14.475],
			"rotation": {
				"angle": -22.5,
				"axis": "x",
				"origin": [0.15, 11.475, 14.975]
			},
			"faces": {
				"north": {
					"uv": [0.8, 0, 1.6, 1.5],
					"texture": "#2"
				},
				"east": {
					"uv": [0.5, 0, 1, 1.5],
					"texture": "#2"
				},
				"south": {
					"uv": [0.8, 0, 1.6, 1.5],
					"texture": "#2"
				},
				"west": {
					"uv": [0.5, 0, 1, 1.5],
					"texture": "#2"
				},
				"up": {
					"uv": [0, 0.8, 0.5, 1.6],
					"rotation": 90,
					"texture": "#2"
				},
				"down": {
					"uv": [0, 0.8, 0.5, 1.6],
					"rotation": 270,
					"texture": "#2"
				}
			}
		},
		{
			"from": [6.25, 8.325, 13.975],
			"to": [6.7, 9.825, 14.475],
			"rotation": {
				"angle": -22.5,
				"axis": "x",
				"origin": [6.3, 11.475, 14.975]
			},
			"faces": {
				"north": {
					"uv": [0.45, 0, 0.9, 1.5],
					"texture": "#2"
				},
				"east": {
					"uv": [0.5, 0, 1, 1.5],
					"texture": "#2"
				},
				"south": {
					"uv": [0.45, 0, 0.9, 1.5],
					"texture": "#2"
				},
				"west": {
					"uv": [0.5, 0, 1, 1.5],
					"texture": "#2"
				},
				"up": {
					"uv": [0, 0.45, 0.5, 0.9],
					"rotation": 90,
					"texture": "#2"
				},
				"down": {
					"uv": [0, 0.45, 0.5, 0.9],
					"rotation": 270,
					"texture": "#2"
				}
			}
		},
		{
			"from": [4.25, 7.575, 13.975],
			"to": [4.8, 9.825, 14.475],
			"rotation": {
				"angle": -22.5,
				"axis": "x",
				"origin": [5.4, 11.475, 14.975]
			},
			"faces": {
				"north": {
					"uv": [0.55, 0, 1.1, 2.25],
					"texture": "#2"
				},
				"east": {
					"uv": [0.5, 0, 1, 2.25],
					"texture": "#2"
				},
				"south": {
					"uv": [0.55, 0, 1.1, 2.25],
					"texture": "#2"
				},
				"west": {
					"uv": [0.5, 0, 1, 2.25],
					"texture": "#2"
				},
				"up": {
					"uv": [0, 0.55, 0.5, 1.1],
					"rotation": 90,
					"texture": "#2"
				},
				"down": {
					"uv": [0, 0.55, 0.5, 1.1],
					"rotation": 270,
					"texture": "#2"
				}
			}
		},
		{
			"from": [4.75, 7.075, 13.975],
			"to": [6.3, 9.825, 14.475],
			"rotation": {
				"angle": -22.5,
				"axis": "x",
				"origin": [5.9, 11.475, 14.975]
			},
			"faces": {
				"north": {
					"uv": [1.55, 0, 3.1, 2.75],
					"texture": "#2"
				},
				"east": {
					"uv": [0.5, 0, 1, 2.75],
					"texture": "#2"
				},
				"south": {
					"uv": [1.55, 0, 3.1, 2.75],
					"texture": "#2"
				},
				"west": {
					"uv": [0.5, 0, 1, 2.75],
					"texture": "#2"
				},
				"up": {
					"uv": [0, 1.55, 0.5, 3.1],
					"rotation": 90,
					"texture": "#2"
				},
				"down": {
					"uv": [0, 1.55, 0.5, 3.1],
					"rotation": 270,
					"texture": "#2"
				}
			}
		},
		{
			"from": [-3, 9.5, 12.45],
			"to": [-2.65, 10.8, 12.95],
			"rotation": {
				"angle": -22.5,
				"axis": "x",
				"origin": [-10.05, 15.15, 13.45]
			},
			"faces": {
				"north": {
					"uv": [0.35, 0, 0, 1.3],
					"texture": "#2"
				},
				"east": {
					"uv": [0.5, 0, 0, 1.3],
					"texture": "#2"
				},
				"south": {
					"uv": [0.35, 0, 0, 1.3],
					"texture": "#2"
				},
				"west": {
					"uv": [0.5, 0, 0, 1.3],
					"texture": "#2"
				},
				"up": {
					"uv": [0, 0.35, 0.5, 0],
					"rotation": 90,
					"texture": "#2"
				},
				"down": {
					"uv": [0, 0.35, 0.5, 0],
					"rotation": 270,
					"texture": "#2"
				}
			}
		},
		{
			"from": [0.7, 9.5, 12.45],
			"to": [1.9, 13.25, 12.95],
			"rotation": {
				"angle": -22.5,
				"axis": "x",
				"origin": [-5.5, 15.15, 13.45]
			},
			"faces": {
				"north": {
					"uv": [1.2, 0, 0, 3.75],
					"texture": "#2"
				},
				"east": {
					"uv": [0.5, 0, 0, 3.75],
					"texture": "#2"
				},
				"south": {
					"uv": [1.2, 0, 0, 3.75],
					"texture": "#2"
				},
				"west": {
					"uv": [0.5, 0, 0, 3.75],
					"texture": "#2"
				},
				"up": {
					"uv": [0, 1.2, 0.5, 0],
					"rotation": 90,
					"texture": "#2"
				},
				"down": {
					"uv": [0, 1.2, 0.5, 0],
					"rotation": 270,
					"texture": "#2"
				}
			}
		},
		{
			"from": [-2.95, 13.15, 8],
			"to": [2.05, 13.65, 13.25],
			"rotation": {
				"angle": 22.5,
				"axis": "z",
				"origin": [2.35, 13.3, 8.75]
			},
			"faces": {
				"north": {
					"uv": [5, 0, 0, 0.5],
					"texture": "#2"
				},
				"east": {
					"uv": [5.25, 0, 0, 0.5],
					"texture": "#2"
				},
				"south": {
					"uv": [5, 0, 0, 0.5],
					"texture": "#2"
				},
				"west": {
					"uv": [5.25, 0, 0, 0.5],
					"texture": "#2"
				},
				"up": {
					"uv": [0, 5, 5.25, 0],
					"rotation": 90,
					"texture": "#2"
				},
				"down": {
					"uv": [0, 5, 5.25, 0],
					"rotation": 270,
					"texture": "#2"
				}
			}
		},
		{
			"from": [-0.5, 9.5, 12.45],
			"to": [0.7, 12.55, 12.95],
			"rotation": {
				"angle": -22.5,
				"axis": "x",
				"origin": [-6.7, 15.15, 13.45]
			},
			"faces": {
				"north": {
					"uv": [1.2, 0, 0, 3.05],
					"texture": "#2"
				},
				"east": {
					"uv": [0.5, 0, 0, 3.05],
					"texture": "#2"
				},
				"south": {
					"uv": [1.2, 0, 0, 3.05],
					"texture": "#2"
				},
				"west": {
					"uv": [0.5, 0, 0, 3.05],
					"texture": "#2"
				},
				"up": {
					"uv": [0, 1.2, 0.5, 0],
					"rotation": 90,
					"texture": "#2"
				},
				"down": {
					"uv": [0, 1.2, 0.5, 0],
					"rotation": 270,
					"texture": "#2"
				}
			}
		},
		{
			"from": [-1.7, 9.5, 12.45],
			"to": [-0.5, 12.05, 12.95],
			"rotation": {
				"angle": -22.5,
				"axis": "x",
				"origin": [-7.9, 15.15, 13.45]
			},
			"faces": {
				"north": {
					"uv": [1.2, 0, 0, 2.55],
					"texture": "#2"
				},
				"east": {
					"uv": [0.5, 0, 0, 2.55],
					"texture": "#2"
				},
				"south": {
					"uv": [1.2, 0, 0, 2.55],
					"texture": "#2"
				},
				"west": {
					"uv": [0.5, 0, 0, 2.55],
					"texture": "#2"
				},
				"up": {
					"uv": [0, 1.2, 0.5, 0],
					"rotation": 90,
					"texture": "#2"
				},
				"down": {
					"uv": [0, 1.2, 0.5, 0],
					"rotation": 270,
					"texture": "#2"
				}
			}
		},
		{
			"from": [-2.95, 13.15, 13.25],
			"to": [0.8, 13.65, 13.75],
			"rotation": {
				"angle": 22.5,
				"axis": "z",
				"origin": [2.35, 13.3, 14]
			},
			"faces": {
				"north": {
					"uv": [3.75, 0, 0, 0.5],
					"texture": "#2"
				},
				"east": {
					"uv": [0.5, 0, 0, 0.5],
					"texture": "#2"
				},
				"south": {
					"uv": [3.75, 0, 0, 0.5],
					"texture": "#2"
				},
				"west": {
					"uv": [0.5, 0, 0, 0.5],
					"texture": "#2"
				},
				"up": {
					"uv": [0, 3.75, 0.5, 0],
					"rotation": 90,
					"texture": "#2"
				},
				"down": {
					"uv": [0, 3.75, 0.5, 0],
					"rotation": 270,
					"texture": "#2"
				}
			}
		},
		{
			"from": [2.75, 7.075, 13.975],
			"to": [4.3, 9.825, 14.475],
			"rotation": {
				"angle": -22.5,
				"axis": "x",
				"origin": [3.9, 11.475, 14.975]
			},
			"faces": {
				"north": {
					"uv": [1.55, 0, 3.1, 2.75],
					"texture": "#2"
				},
				"east": {
					"uv": [0.5, 0, 1, 2.75],
					"texture": "#2"
				},
				"south": {
					"uv": [1.55, 0, 3.1, 2.75],
					"texture": "#2"
				},
				"west": {
					"uv": [0.5, 0, 1, 2.75],
					"texture": "#2"
				},
				"up": {
					"uv": [0, 1.55, 0.5, 3.1],
					"rotation": 90,
					"texture": "#2"
				},
				"down": {
					"uv": [0, 1.55, 0.5, 3.1],
					"rotation": 270,
					"texture": "#2"
				}
			}
		},
		{
			"from": [-1.75, 9.075, 13.975],
			"to": [-0.2, 9.825, 14.475],
			"rotation": {
				"angle": -22.5,
				"axis": "x",
				"origin": [-0.6, 11.475, 14.975]
			},
			"faces": {
				"north": {
					"uv": [1.55, 0, 3.1, 0.75],
					"texture": "#2"
				},
				"east": {
					"uv": [0.5, 0, 1, 0.75],
					"texture": "#2"
				},
				"south": {
					"uv": [1.55, 0, 3.1, 0.75],
					"texture": "#2"
				},
				"west": {
					"uv": [0.5, 0, 1, 0.75],
					"texture": "#2"
				},
				"up": {
					"uv": [0, 1.55, 0.5, 3.1],
					"rotation": 90,
					"texture": "#2"
				},
				"down": {
					"uv": [0, 1.55, 0.5, 3.1],
					"rotation": 270,
					"texture": "#2"
				}
			}
		},
		{
			"from": [2, 7.325, 13.975],
			"to": [2.8, 9.825, 14.475],
			"rotation": {
				"angle": -22.5,
				"axis": "x",
				"origin": [2.4, 11.475, 14.975]
			},
			"faces": {
				"north": {
					"uv": [0.8, 0, 1.6, 2.5],
					"texture": "#2"
				},
				"east": {
					"uv": [0.5, 0, 1, 2.5],
					"texture": "#2"
				},
				"south": {
					"uv": [0.8, 0, 1.6, 2.5],
					"texture": "#2"
				},
				"west": {
					"uv": [0.5, 0, 1, 2.5],
					"texture": "#2"
				},
				"up": {
					"uv": [0, 0.8, 0.5, 1.6],
					"rotation": 90,
					"texture": "#2"
				},
				"down": {
					"uv": [0, 0.8, 0.5, 1.6],
					"rotation": 270,
					"texture": "#2"
				}
			}
		},
		{
			"from": [0.5, 8.075, 13.975],
			"to": [2.05, 9.825, 14.475],
			"rotation": {
				"angle": -22.5,
				"axis": "x",
				"origin": [1.65, 11.475, 14.975]
			},
			"faces": {
				"north": {
					"uv": [1.55, 0, 3.1, 1.75],
					"texture": "#2"
				},
				"east": {
					"uv": [0.5, 0, 1, 1.75],
					"texture": "#2"
				},
				"south": {
					"uv": [1.55, 0, 3.1, 1.75],
					"texture": "#2"
				},
				"west": {
					"uv": [0.5, 0, 1, 1.75],
					"texture": "#2"
				},
				"up": {
					"uv": [0, 1.55, 0.5, 3.1],
					"rotation": 90,
					"texture": "#2"
				},
				"down": {
					"uv": [0, 1.55, 0.5, 3.1],
					"rotation": 270,
					"texture": "#2"
				}
			}
		},
		{
			"from": [-2.65, 9.5, 12.45],
			"to": [-1.7, 11.55, 12.95],
			"rotation": {
				"angle": -22.5,
				"axis": "x",
				"origin": [-9.1, 15.15, 13.45]
			},
			"faces": {
				"north": {
					"uv": [0.95, 0, 0, 2.05],
					"texture": "#2"
				},
				"east": {
					"uv": [0.5, 0, 0, 2.05],
					"texture": "#2"
				},
				"south": {
					"uv": [0.95, 0, 0, 2.05],
					"texture": "#2"
				},
				"west": {
					"uv": [0.5, 0, 0, 2.05],
					"texture": "#2"
				},
				"up": {
					"uv": [0, 0.95, 0.5, 0],
					"rotation": 90,
					"texture": "#2"
				},
				"down": {
					"uv": [0, 0.95, 0.5, 0],
					"rotation": 270,
					"texture": "#2"
				}
			}
		},
		{
			"from": [18.125, 10.175, 13.25],
			"to": [18.625, 11.425, 14.25],
			"rotation": {
				"angle": 22.5,
				"axis": "z",
				"origin": [18.275, 11.725, 14.75]
			},
			"faces": {
				"north": {
					"uv": [0, 1, 1.25, 0.5],
					"rotation": 270,
					"texture": "#2"
				},
				"east": {
					"uv": [8, 0, 7, 1.25],
					"rotation": 180,
					"texture": "#2"
				},
				"south": {
					"uv": [0, 1, 1.25, 0.5],
					"rotation": 90,
					"texture": "#2"
				},
				"west": {
					"uv": [8, 0, 7, 1.25],
					"texture": "#2"
				},
				"up": {
					"uv": [0, 1, 1, 0.5],
					"rotation": 90,
					"texture": "#2"
				},
				"down": {
					"uv": [0, 1, 1, 0.5],
					"rotation": 90,
					"texture": "#2"
				}
			}
		},
		{
			"from": [18.125, 9.425, 12.25],
			"to": [18.625, 11.425, 13.25],
			"rotation": {
				"angle": 22.5,
				"axis": "z",
				"origin": [18.275, 11.725, 13.75]
			},
			"faces": {
				"north": {
					"uv": [0, 1, 2, 0.5],
					"rotation": 270,
					"texture": "#2"
				},
				"east": {
					"uv": [8, 0, 7, 2],
					"rotation": 180,
					"texture": "#2"
				},
				"south": {
					"uv": [0, 1, 2, 0.5],
					"rotation": 90,
					"texture": "#2"
				},
				"west": {
					"uv": [8, 0, 7, 2],
					"texture": "#2"
				},
				"up": {
					"uv": [0, 1, 1, 0.5],
					"rotation": 90,
					"texture": "#2"
				},
				"down": {
					"uv": [0, 1, 1, 0.5],
					"rotation": 90,
					"texture": "#2"
				}
			}
		},
		{
			"from": [-0.55, 16.8, 8.85],
			"to": [0.95, 17.3, 9.6],
			"rotation": {
				"angle": -22.5,
				"axis": "z",
				"origin": [3.55, 23.45, 11.85]
			},
			"faces": {
				"north": {
					"uv": [1.5, 0, 0, 0.5],
					"texture": "#2"
				},
				"east": {
					"uv": [0.75, 0, 0, 0.5],
					"texture": "#2"
				},
				"south": {
					"uv": [1.5, 0, 0, 0.5],
					"texture": "#2"
				},
				"west": {
					"uv": [0.75, 0, 0, 0.5],
					"texture": "#2"
				},
				"up": {
					"uv": [0, 1.5, 0.75, 0],
					"rotation": 90,
					"texture": "#2"
				},
				"down": {
					"uv": [0, 1.5, 0.75, 0],
					"rotation": 270,
					"texture": "#2"
				}
			}
		},
		{
			"from": [6.15, 9.35, 5.85],
			"to": [7.65, 9.85, 11.85],
			"rotation": {
				"angle": -45,
				"axis": "z",
				"origin": [10.25, 16, 11.85]
			},
			"faces": {
				"north": {
					"uv": [1.5, 0, 0, 0.5],
					"texture": "#2"
				},
				"east": {
					"uv": [6, 0, 0, 0.5],
					"texture": "#2"
				},
				"south": {
					"uv": [1.5, 0, 0, 0.5],
					"texture": "#2"
				},
				"west": {
					"uv": [6, 0, 0, 0.5],
					"texture": "#2"
				},
				"up": {
					"uv": [0, 1.5, 6, 0],
					"rotation": 90,
					"texture": "#2"
				},
				"down": {
					"uv": [0, 1.5, 6, 0],
					"rotation": 270,
					"texture": "#2"
				}
			}
		},
		{
			"from": [5.1, 10.4, 7.1],
			"to": [6.6, 10.9, 11.35],
			"rotation": {
				"angle": -45,
				"axis": "z",
				"origin": [9.2, 17.05, 11.85]
			},
			"faces": {
				"north": {
					"uv": [1.5, 0, 0, 0.5],
					"texture": "#2"
				},
				"east": {
					"uv": [4.25, 0, 0, 0.5],
					"texture": "#2"
				},
				"south": {
					"uv": [1.5, 0, 0, 0.5],
					"texture": "#2"
				},
				"west": {
					"uv": [4.25, 0, 0, 0.5],
					"texture": "#2"
				},
				"up": {
					"uv": [0, 1.5, 4.25, 0],
					"rotation": 90,
					"texture": "#2"
				},
				"down": {
					"uv": [0, 1.5, 4.25, 0],
					"rotation": 270,
					"texture": "#2"
				}
			}
		},
		{
			"from": [4.05, 11.45, 7.6],
			"to": [5.55, 11.95, 10.85],
			"rotation": {
				"angle": -45,
				"axis": "z",
				"origin": [8.15, 18.1, 11.85]
			},
			"faces": {
				"north": {
					"uv": [1.5, 0, 0, 0.5],
					"texture": "#2"
				},
				"east": {
					"uv": [3.25, 0, 0, 0.5],
					"texture": "#2"
				},
				"south": {
					"uv": [1.5, 0, 0, 0.5],
					"texture": "#2"
				},
				"west": {
					"uv": [3.25, 0, 0, 0.5],
					"texture": "#2"
				},
				"up": {
					"uv": [0, 1.5, 3.25, 0],
					"rotation": 90,
					"texture": "#2"
				},
				"down": {
					"uv": [0, 1.5, 3.25, 0],
					"rotation": 270,
					"texture": "#2"
				}
			}
		},
		{
			"from": [3, 12.5, 8.1],
			"to": [4.5, 13, 10.35],
			"rotation": {
				"angle": -45,
				"axis": "z",
				"origin": [7.1, 19.15, 11.85]
			},
			"faces": {
				"north": {
					"uv": [1.5, 0, 0, 0.5],
					"texture": "#2"
				},
				"east": {
					"uv": [2.25, 0, 0, 0.5],
					"texture": "#2"
				},
				"south": {
					"uv": [1.5, 0, 0, 0.5],
					"texture": "#2"
				},
				"west": {
					"uv": [2.25, 0, 0, 0.5],
					"texture": "#2"
				},
				"up": {
					"uv": [0, 1.5, 2.25, 0],
					"rotation": 90,
					"texture": "#2"
				},
				"down": {
					"uv": [0, 1.5, 2.25, 0],
					"rotation": 270,
					"texture": "#2"
				}
			}
		},
		{
			"from": [1.95, 13.55, 8.6],
			"to": [3.45, 14.05, 9.85],
			"rotation": {
				"angle": -45,
				"axis": "z",
				"origin": [6.05, 20.2, 11.85]
			},
			"faces": {
				"north": {
					"uv": [1.5, 0, 0, 0.5],
					"texture": "#2"
				},
				"east": {
					"uv": [1.25, 0, 0, 0.5],
					"texture": "#2"
				},
				"south": {
					"uv": [1.5, 0, 0, 0.5],
					"texture": "#2"
				},
				"west": {
					"uv": [1.25, 0, 0, 0.5],
					"texture": "#2"
				},
				"up": {
					"uv": [0, 1.5, 1.25, 0],
					"rotation": 90,
					"texture": "#2"
				},
				"down": {
					"uv": [0, 1.5, 1.25, 0],
					"rotation": 270,
					"texture": "#2"
				}
			}
		},
		{
			"from": [1.9, 8.05, 6],
			"to": [4.15, 13, 6.25],
			"rotation": {
				"angle": 0,
				"axis": "y",
				"origin": [6.7, 14.65, 6.75]
			},
			"faces": {
				"north": {
					"uv": [2.25, 0, 0, 4.95],
					"texture": "#2"
				},
				"east": {
					"uv": [0.25, 0, 0, 4.95],
					"texture": "#2"
				},
				"south": {
					"uv": [2.25, 0, 0, 4.95],
					"texture": "#2"
				},
				"west": {
					"uv": [0.25, 0, 0, 4.95],
					"texture": "#2"
				},
				"up": {
					"uv": [0, 2.25, 0.25, 0],
					"rotation": 90,
					"texture": "#2"
				},
				"down": {
					"uv": [0, 2.25, 0.25, 0],
					"rotation": 270,
					"texture": "#2"
				}
			}
		},
		{
			"from": [0.175, 10, 5.75],
			"to": [2.425, 10.5, 6.25],
			"rotation": {
				"angle": -22.5,
				"axis": "y",
				"origin": [4.975, 11.65, 6.75]
			},
			"faces": {
				"north": {
					"uv": [2.25, 0, 0, 0.5],
					"texture": "#2"
				},
				"east": {
					"uv": [0.5, 0, 0, 0.5],
					"texture": "#2"
				},
				"south": {
					"uv": [2.25, 0, 0, 0.5],
					"texture": "#2"
				},
				"west": {
					"uv": [0.5, 0, 0, 0.5],
					"texture": "#2"
				},
				"up": {
					"uv": [0, 2.25, 0.5, 0],
					"rotation": 90,
					"texture": "#2"
				},
				"down": {
					"uv": [0, 2.25, 0.5, 0],
					"rotation": 270,
					"texture": "#2"
				}
			}
		},
		{
			"from": [-0.325, 12.25, 5.75],
			"to": [2.425, 12.75, 6.25],
			"rotation": {
				"angle": -22.5,
				"axis": "y",
				"origin": [4.975, 13.4, 6.75]
			},
			"faces": {
				"north": {
					"uv": [2.75, 0, 0, 0.5],
					"texture": "#2"
				},
				"east": {
					"uv": [0.5, 0, 0, 0.5],
					"texture": "#2"
				},
				"south": {
					"uv": [2.75, 0, 0, 0.5],
					"texture": "#2"
				},
				"west": {
					"uv": [0.5, 0, 0, 0.5],
					"texture": "#2"
				},
				"up": {
					"uv": [0, 2.75, 0.5, 0],
					"rotation": 90,
					"texture": "#2"
				},
				"down": {
					"uv": [0, 2.75, 0.5, 0],
					"rotation": 270,
					"texture": "#2"
				}
			}
		},
		{
			"from": [-1.075, 12.75, 5.75],
			"to": [2.425, 13.5, 6.25],
			"rotation": {
				"angle": -22.5,
				"axis": "y",
				"origin": [4.975, 14.65, 6.75]
			},
			"faces": {
				"north": {
					"uv": [3.5, 0, 0, 0.75],
					"texture": "#2"
				},
				"east": {
					"uv": [0.5, 0, 0, 0.75],
					"texture": "#2"
				},
				"south": {
					"uv": [3.5, 0, 0, 0.75],
					"texture": "#2"
				},
				"west": {
					"uv": [0.5, 0, 0, 0.75],
					"texture": "#2"
				},
				"up": {
					"uv": [0, 3.5, 0.5, 0],
					"rotation": 90,
					"texture": "#2"
				},
				"down": {
					"uv": [0, 3.5, 0.5, 0],
					"rotation": 270,
					"texture": "#2"
				}
			}
		},
		{
			"from": [-0.075, 12, 5.75],
			"to": [2.425, 12.25, 6.25],
			"rotation": {
				"angle": -22.5,
				"axis": "y",
				"origin": [4.975, 12.9, 6.75]
			},
			"faces": {
				"north": {
					"uv": [2.5, 0, 0, 0.25],
					"texture": "#2"
				},
				"east": {
					"uv": [0.5, 0, 0, 0.25],
					"texture": "#2"
				},
				"south": {
					"uv": [2.5, 0, 0, 0.25],
					"texture": "#2"
				},
				"west": {
					"uv": [0.5, 0, 0, 0.25],
					"texture": "#2"
				},
				"up": {
					"uv": [0, 2.5, 0.5, 0],
					"rotation": 90,
					"texture": "#2"
				},
				"down": {
					"uv": [0, 2.5, 0.5, 0],
					"rotation": 270,
					"texture": "#2"
				}
			}
		},
		{
			"from": [-0.575, 10.5, 5.75],
			"to": [2.425, 11.5, 6.25],
			"rotation": {
				"angle": -22.5,
				"axis": "y",
				"origin": [4.975, 12.65, 6.75]
			},
			"faces": {
				"north": {
					"uv": [3, 0, 0, 1],
					"texture": "#2"
				},
				"east": {
					"uv": [0.5, 0, 0, 1],
					"texture": "#2"
				},
				"south": {
					"uv": [3, 0, 0, 1],
					"texture": "#2"
				},
				"west": {
					"uv": [0.5, 0, 0, 1],
					"texture": "#2"
				},
				"up": {
					"uv": [0, 3, 0.5, 0],
					"rotation": 90,
					"texture": "#2"
				},
				"down": {
					"uv": [0, 3, 0.5, 0],
					"rotation": 270,
					"texture": "#2"
				}
			}
		},
		{
			"from": [1.1, 8, 7.45],
			"to": [2.6, 13.5, 7.95],
			"rotation": {
				"angle": -45,
				"axis": "y",
				"origin": [5.15, 14.65, 8.45]
			},
			"faces": {
				"north": {
					"uv": [1.5, 0, 0, 5.5],
					"texture": "#2"
				},
				"east": {
					"uv": [0.5, 0, 0, 5.5],
					"texture": "#2"
				},
				"south": {
					"uv": [1.5, 0, 0, 5.5],
					"texture": "#2"
				},
				"west": {
					"uv": [0.5, 0, 0, 5.5],
					"texture": "#2"
				},
				"up": {
					"uv": [0, 1.5, 0.5, 0],
					"rotation": 90,
					"texture": "#2"
				},
				"down": {
					"uv": [0, 1.5, 0.5, 0],
					"rotation": 270,
					"texture": "#2"
				}
			}
		},
		{
			"from": [-0.325, 9, 5.75],
			"to": [2.425, 10, 6.25],
			"rotation": {
				"angle": -22.5,
				"axis": "y",
				"origin": [4.975, 11.15, 6.75]
			},
			"faces": {
				"north": {
					"uv": [2.75, 0, 0, 1],
					"texture": "#2"
				},
				"east": {
					"uv": [0.5, 0, 0, 1],
					"texture": "#2"
				},
				"south": {
					"uv": [2.75, 0, 0, 1],
					"texture": "#2"
				},
				"west": {
					"uv": [0.5, 0, 0, 1],
					"texture": "#2"
				},
				"up": {
					"uv": [0, 2.75, 0.5, 0],
					"rotation": 90,
					"texture": "#2"
				},
				"down": {
					"uv": [0, 2.75, 0.5, 0],
					"rotation": 270,
					"texture": "#2"
				}
			}
		},
		{
			"from": [0.425, 8, 5.75],
			"to": [2.425, 9, 6.25],
			"rotation": {
				"angle": -22.5,
				"axis": "y",
				"origin": [4.975, 10.15, 6.75]
			},
			"faces": {
				"north": {
					"uv": [2, 0, 0, 1],
					"texture": "#2"
				},
				"east": {
					"uv": [0.5, 0, 0, 1],
					"texture": "#2"
				},
				"south": {
					"uv": [2, 0, 0, 1],
					"texture": "#2"
				},
				"west": {
					"uv": [0.5, 0, 0, 1],
					"texture": "#2"
				},
				"up": {
					"uv": [0, 2, 0.5, 0],
					"rotation": 90,
					"texture": "#2"
				},
				"down": {
					"uv": [0, 2, 0.5, 0],
					"rotation": 270,
					"texture": "#2"
				}
			}
		},
		{
			"from": [4.4, 15.55, 6.7],
			"to": [4.7, 17.3, 11.75],
			"rotation": {
				"angle": 45,
				"axis": "z",
				"origin": [7.25, 15.55, 7.7]
			},
			"faces": {
				"north": {
					"uv": [14.13333, 3.25, 15.43333, 4.75],
					"texture": "#2"
				},
				"east": {
					"uv": [13.53333, 3, 16, 5.08333],
					"texture": "#2"
				},
				"south": {
					"uv": [14.13333, 3.25, 15.43333, 4.75],
					"texture": "#2"
				},
				"west": {
					"uv": [13.53333, 3, 16, 5.08333],
					"texture": "#2"
				},
				"up": {
					"uv": [13.86667, 3, 16, 4.88333],
					"texture": "#2"
				},
				"down": {
					"uv": [13.86667, 3, 16, 4.88333],
					"texture": "#2"
				}
			}
		},
		{
			"from": [4.5, 13, 5.95],
			"to": [5.15, 13.25, 11.3],
			"rotation": {
				"angle": 0,
				"axis": "y",
				"origin": [7.7, 13, 7.7]
			},
			"faces": {
				"north": {
					"uv": [14.98333, 8.75, 14.33333, 9],
					"texture": "#2"
				},
				"east": {
					"uv": [16, 8.75, 13.65, 10.08333],
					"texture": "#2"
				},
				"south": {
					"uv": [14.98333, 8.75, 14.33333, 9],
					"texture": "#2"
				},
				"west": {
					"uv": [16, 8.75, 13.65, 10.08333],
					"texture": "#2"
				},
				"up": {
					"uv": [14.9, 8.5, 13.91667, 10.18333],
					"texture": "#2"
				},
				"down": {
					"uv": [14.9, 8.5, 13.91667, 10.18333],
					"texture": "#2"
				}
			}
		},
		{
			"from": [4.5, 12.5, 6],
			"to": [6.9, 13, 6.25],
			"rotation": {
				"angle": 0,
				"axis": "y",
				"origin": [5.8, 9.5, 1]
			},
			"faces": {
				"north": {
					"uv": [16, 8.5, 13.6, 9],
					"texture": "#2"
				},
				"east": {
					"uv": [14.58333, 8.75, 14.33333, 9.25],
					"texture": "#2"
				},
				"south": {
					"uv": [16, 8.5, 13.6, 9],
					"texture": "#2"
				},
				"west": {
					"uv": [14.58333, 8.75, 14.33333, 9.25],
					"texture": "#2"
				},
				"up": {
					"uv": [16, 8.5, 13.6, 8.75],
					"texture": "#2"
				},
				"down": {
					"uv": [16, 8.5, 13.6, 8.75],
					"texture": "#2"
				}
			}
		},
		{
			"from": [5.15, 13, 6.7],
			"to": [5.45, 13.75, 10.7],
			"rotation": {
				"angle": 0,
				"axis": "y",
				"origin": [8, 13, 7.7]
			},
			"faces": {
				"north": {
					"uv": [0.3, 0, 0, 0.75],
					"texture": "#2"
				},
				"east": {
					"uv": [14.3, 3.41667, 13.8, 4.66667],
					"texture": "#2"
				},
				"south": {
					"uv": [0.3, 0, 0, 0.75],
					"texture": "#2"
				},
				"west": {
					"uv": [14.3, 3.41667, 13.8, 4.66667],
					"texture": "#2"
				},
				"up": {
					"uv": [15.66667, 3.25, 13.83333, 4],
					"texture": "#2"
				},
				"down": {
					"uv": [15.66667, 3.25, 13.83333, 4],
					"texture": "#2"
				}
			}
		}
	]
}