{
	"textures": {
		"2": "animated_java:blueprint/jack_model/jack",
		"particle": "minecraft:item/pufferfish"
	},
	"display": {
		"head": {
			"rotation": [0, 180, 0]
		}
	},
	"elements": [
		{
			"from": [4, 3, 6.25],
			"to": [12, 8, 9.75],
			"rotation": {
				"angle": 0,
				"axis": "y",
				"origin": [8, 3, 8.75]
			},
			"faces": {
				"north": {
					"uv": [0, 8.16667, 5.08333, 13.08333],
					"texture": "#2"
				},
				"east": {
					"uv": [0.25, 8.25, 4, 13],
					"texture": "#2"
				},
				"south": {
					"uv": [0, 8.16667, 5.08333, 13.08333],
					"texture": "#2"
				},
				"west": {
					"uv": [0.25, 8.25, 4, 13],
					"texture": "#2"
				},
				"up": {
					"uv": [0, 8.16667, 5, 13.08333],
					"texture": "#2"
				},
				"down": {
					"uv": [0, 8.16667, 5, 13.08333],
					"texture": "#2"
				}
			}
		},
		{
			"from": [4, 3.7, 6.525],
			"to": [12, 8.625, 10.025],
			"rotation": {
				"angle": 45,
				"axis": "x",
				"origin": [8, 3.7, 9.025]
			},
			"faces": {
				"north": {
					"uv": [0, 0, 8, 4.925],
					"texture": "#2"
				},
				"east": {
					"uv": [0, 0, 3.5, 4.925],
					"texture": "#2"
				},
				"south": {
					"uv": [0, 0, 8, 4.925],
					"texture": "#2"
				},
				"west": {
					"uv": [0, 0, 3.5, 4.925],
					"texture": "#2"
				},
				"up": {
					"uv": [0, 0, 8, 3.5],
					"texture": "#2"
				},
				"down": {
					"uv": [0, 0, 8, 3.5],
					"texture": "#2"
				}
			}
		},
		{
			"from": [4, 6.5, 9.725],
			"to": [12, 8.5, 13.225],
			"rotation": {
				"angle": 0,
				"axis": "y",
				"origin": [8, 6.5, 12.225]
			},
			"faces": {
				"north": {
					"uv": [0, 0, 8, 2],
					"texture": "#2"
				},
				"east": {
					"uv": [0, 0, 3.5, 2],
					"texture": "#2"
				},
				"south": {
					"uv": [0, 0, 8, 2],
					"texture": "#2"
				},
				"west": {
					"uv": [0, 0, 3.5, 2],
					"texture": "#2"
				},
				"up": {
					"uv": [0, 0, 8, 3.5],
					"texture": "#2"
				},
				"down": {
					"uv": [0, 0, 8, 3.5],
					"texture": "#2"
				}
			}
		},
		{
			"from": [4.15, 2.225, 6.25],
			"to": [6.15, 7.675, 9.75],
			"rotation": {
				"angle": 22.5,
				"axis": "z",
				"origin": [2.15, 2.225, 8.75]
			},
			"faces": {
				"north": {
					"uv": [0, 0, 2, 5.45],
					"texture": "#2"
				},
				"east": {
					"uv": [0, 0, 3.5, 5.45],
					"texture": "#2"
				},
				"south": {
					"uv": [0, 0, 2, 5.45],
					"texture": "#2"
				},
				"west": {
					"uv": [0, 0, 3.5, 5.45],
					"texture": "#2"
				},
				"up": {
					"uv": [0, 0, 2, 3.5],
					"texture": "#2"
				},
				"down": {
					"uv": [0, 0, 2, 3.5],
					"texture": "#2"
				}
			}
		},
		{
			"from": [10.3, 4.525, 6.25],
			"to": [12.3, 9.975, 9.75],
			"rotation": {
				"angle": -22.5,
				"axis": "z",
				"origin": [8.3, 4.525, 8.75]
			},
			"faces": {
				"north": {
					"uv": [0.33333, 8.08333, 2.5, 13.03333],
					"texture": "#2"
				},
				"east": {
					"uv": [0.33333, 8.08333, 4, 13.03333],
					"texture": "#2"
				},
				"south": {
					"uv": [0.33333, 8.08333, 2.5, 13.03333],
					"texture": "#2"
				},
				"west": {
					"uv": [0.33333, 8.08333, 4, 13.03333],
					"texture": "#2"
				},
				"up": {
					"uv": [0.33333, 8.08333, 2.5, 11.08333],
					"texture": "#2"
				},
				"down": {
					"uv": [0.33333, 8.08333, 2.5, 11.08333],
					"texture": "#2"
				}
			}
		},
		{
			"from": [1.05, 5.9, 13],
			"to": [1.55, 8.1, 13.25],
			"rotation": {
				"angle": 22.5,
				"axis": "z",
				"origin": [2.05, 8.9, 15.75]
			},
			"faces": {
				"north": {
					"uv": [0, 0, 0.5, 2.2],
					"texture": "#2"
				},
				"east": {
					"uv": [0, 0, 0.25, 2.2],
					"texture": "#2"
				},
				"south": {
					"uv": [0, 0, 0.5, 2.2],
					"texture": "#2"
				},
				"west": {
					"uv": [0, 0, 0.25, 2.2],
					"texture": "#2"
				},
				"up": {
					"uv": [0, 0, 0.5, 0.25],
					"texture": "#2"
				},
				"down": {
					"uv": [0, 0, 0.5, 0.25],
					"texture": "#2"
				}
			}
		},
		{
			"from": [1.05, 5.65, 12.75],
			"to": [1.55, 8.1, 13],
			"rotation": {
				"angle": 22.5,
				"axis": "z",
				"origin": [2.05, 8.9, 15.5]
			},
			"faces": {
				"north": {
					"uv": [0, 0, 0.5, 2.45],
					"texture": "#2"
				},
				"east": {
					"uv": [0, 0, 0.25, 2.45],
					"texture": "#2"
				},
				"south": {
					"uv": [0, 0, 0.5, 2.45],
					"texture": "#2"
				},
				"west": {
					"uv": [0, 0, 0.25, 2.45],
					"texture": "#2"
				},
				"up": {
					"uv": [0, 0, 0.5, 0.25],
					"texture": "#2"
				},
				"down": {
					"uv": [0, 0, 0.5, 0.25],
					"texture": "#2"
				}
			}
		},
		{
			"from": [1.05, 5.4, 12.5],
			"to": [1.55, 8.1, 12.75],
			"rotation": {
				"angle": 22.5,
				"axis": "z",
				"origin": [2.05, 8.9, 15.25]
			},
			"faces": {
				"north": {
					"uv": [0, 0, 0.5, 2.7],
					"texture": "#2"
				},
				"east": {
					"uv": [0, 0, 0.25, 2.7],
					"texture": "#2"
				},
				"south": {
					"uv": [0, 0, 0.5, 2.7],
					"texture": "#2"
				},
				"west": {
					"uv": [0, 0, 0.25, 2.7],
					"texture": "#2"
				},
				"up": {
					"uv": [0, 0, 0.5, 0.25],
					"texture": "#2"
				},
				"down": {
					"uv": [0, 0, 0.5, 0.25],
					"texture": "#2"
				}
			}
		},
		{
			"from": [1.05, 5.15, 12.25],
			"to": [1.55, 8.1, 12.5],
			"rotation": {
				"angle": 22.5,
				"axis": "z",
				"origin": [2.05, 8.9, 15]
			},
			"faces": {
				"north": {
					"uv": [0, 0, 0.5, 2.95],
					"texture": "#2"
				},
				"east": {
					"uv": [0, 0, 0.25, 2.95],
					"texture": "#2"
				},
				"south": {
					"uv": [0, 0, 0.5, 2.95],
					"texture": "#2"
				},
				"west": {
					"uv": [0, 0, 0.25, 2.95],
					"texture": "#2"
				},
				"up": {
					"uv": [0, 0, 0.5, 0.25],
					"texture": "#2"
				},
				"down": {
					"uv": [0, 0, 0.5, 0.25],
					"texture": "#2"
				}
			}
		},
		{
			"from": [1.05, 4.9, 12],
			"to": [1.55, 8.1, 12.25],
			"rotation": {
				"angle": 22.5,
				"axis": "z",
				"origin": [2.05, 8.9, 14.75]
			},
			"faces": {
				"north": {
					"uv": [0, 0, 0.5, 3.2],
					"texture": "#2"
				},
				"east": {
					"uv": [0, 0, 0.25, 3.2],
					"texture": "#2"
				},
				"south": {
					"uv": [0, 0, 0.5, 3.2],
					"texture": "#2"
				},
				"west": {
					"uv": [0, 0, 0.25, 3.2],
					"texture": "#2"
				},
				"up": {
					"uv": [0, 0, 0.5, 0.25],
					"texture": "#2"
				},
				"down": {
					"uv": [0, 0, 0.5, 0.25],
					"texture": "#2"
				}
			}
		},
		{
			"from": [1.05, 4.65, 11.75],
			"to": [1.55, 8.1, 12],
			"rotation": {
				"angle": 22.5,
				"axis": "z",
				"origin": [2.05, 8.9, 14.5]
			},
			"faces": {
				"north": {
					"uv": [0, 0, 0.5, 3.45],
					"texture": "#2"
				},
				"east": {
					"uv": [0, 0, 0.25, 3.45],
					"texture": "#2"
				},
				"south": {
					"uv": [0, 0, 0.5, 3.45],
					"texture": "#2"
				},
				"west": {
					"uv": [0, 0, 0.25, 3.45],
					"texture": "#2"
				},
				"up": {
					"uv": [0, 0, 0.5, 0.25],
					"texture": "#2"
				},
				"down": {
					"uv": [0, 0, 0.5, 0.25],
					"texture": "#2"
				}
			}
		},
		{
			"from": [1.05, 4.4, 11.5],
			"to": [1.55, 8.1, 11.75],
			"rotation": {
				"angle": 22.5,
				"axis": "z",
				"origin": [2.05, 8.9, 14.25]
			},
			"faces": {
				"north": {
					"uv": [0, 0, 0.5, 3.7],
					"texture": "#2"
				},
				"east": {
					"uv": [0, 0, 0.25, 3.7],
					"texture": "#2"
				},
				"south": {
					"uv": [0, 0, 0.5, 3.7],
					"texture": "#2"
				},
				"west": {
					"uv": [0, 0, 0.25, 3.7],
					"texture": "#2"
				},
				"up": {
					"uv": [0, 0, 0.5, 0.25],
					"texture": "#2"
				},
				"down": {
					"uv": [0, 0, 0.5, 0.25],
					"texture": "#2"
				}
			}
		},
		{
			"from": [1.05, 3.9, 11.25],
			"to": [1.55, 8.1, 11.5],
			"rotation": {
				"angle": 22.5,
				"axis": "z",
				"origin": [2.05, 8.9, 14]
			},
			"faces": {
				"north": {
					"uv": [0, 0, 0.5, 4.2],
					"texture": "#2"
				},
				"east": {
					"uv": [0, 0, 0.25, 4.2],
					"texture": "#2"
				},
				"south": {
					"uv": [0, 0, 0.5, 4.2],
					"texture": "#2"
				},
				"west": {
					"uv": [0, 0, 0.25, 4.2],
					"texture": "#2"
				},
				"up": {
					"uv": [0, 0, 0.5, 0.25],
					"texture": "#2"
				},
				"down": {
					"uv": [0, 0, 0.5, 0.25],
					"texture": "#2"
				}
			}
		},
		{
			"from": [1.05, 3.65, 11],
			"to": [1.55, 8.1, 11.25],
			"rotation": {
				"angle": 22.5,
				"axis": "z",
				"origin": [2.05, 8.9, 13.75]
			},
			"faces": {
				"north": {
					"uv": [0, 0, 0.5, 4.45],
					"texture": "#2"
				},
				"east": {
					"uv": [0, 0, 0.25, 4.45],
					"texture": "#2"
				},
				"south": {
					"uv": [0, 0, 0.5, 4.45],
					"texture": "#2"
				},
				"west": {
					"uv": [0, 0, 0.25, 4.45],
					"texture": "#2"
				},
				"up": {
					"uv": [0, 0, 0.5, 0.25],
					"texture": "#2"
				},
				"down": {
					"uv": [0, 0, 0.5, 0.25],
					"texture": "#2"
				}
			}
		},
		{
			"from": [1.05, 3.4, 10.75],
			"to": [1.55, 8.1, 11],
			"rotation": {
				"angle": 22.5,
				"axis": "z",
				"origin": [2.05, 8.9, 13.5]
			},
			"faces": {
				"north": {
					"uv": [0, 0, 0.5, 4.7],
					"texture": "#2"
				},
				"east": {
					"uv": [0, 0, 0.25, 4.7],
					"texture": "#2"
				},
				"south": {
					"uv": [0, 0, 0.5, 4.7],
					"texture": "#2"
				},
				"west": {
					"uv": [0, 0, 0.25, 4.7],
					"texture": "#2"
				},
				"up": {
					"uv": [0, 0, 0.5, 0.25],
					"texture": "#2"
				},
				"down": {
					"uv": [0, 0, 0.5, 0.25],
					"texture": "#2"
				}
			}
		},
		{
			"from": [1.05, 3.15, 10.5],
			"to": [1.55, 8.1, 10.75],
			"rotation": {
				"angle": 22.5,
				"axis": "z",
				"origin": [2.05, 8.9, 13.25]
			},
			"faces": {
				"north": {
					"uv": [0, 0, 0.5, 4.95],
					"texture": "#2"
				},
				"east": {
					"uv": [0, 0, 0.25, 4.95],
					"texture": "#2"
				},
				"south": {
					"uv": [0, 0, 0.5, 4.95],
					"texture": "#2"
				},
				"west": {
					"uv": [0, 0, 0.25, 4.95],
					"texture": "#2"
				},
				"up": {
					"uv": [0, 0, 0.5, 0.25],
					"texture": "#2"
				},
				"down": {
					"uv": [0, 0, 0.5, 0.25],
					"texture": "#2"
				}
			}
		},
		{
			"from": [1.05, 2.9, 10.25],
			"to": [1.55, 8.1, 10.5],
			"rotation": {
				"angle": 22.5,
				"axis": "z",
				"origin": [2.05, 8.9, 13]
			},
			"faces": {
				"north": {
					"uv": [0, 0, 0.5, 5.2],
					"texture": "#2"
				},
				"east": {
					"uv": [0, 0, 0.25, 5.2],
					"texture": "#2"
				},
				"south": {
					"uv": [0, 0, 0.5, 5.2],
					"texture": "#2"
				},
				"west": {
					"uv": [0, 0, 0.25, 5.2],
					"texture": "#2"
				},
				"up": {
					"uv": [0, 0, 0.5, 0.25],
					"texture": "#2"
				},
				"down": {
					"uv": [0, 0, 0.5, 0.25],
					"texture": "#2"
				}
			}
		},
		{
			"from": [1.05, 2.65, 6],
			"to": [1.55, 8.1, 10.25],
			"rotation": {
				"angle": 22.5,
				"axis": "z",
				"origin": [2.05, 8.9, 8.75]
			},
			"faces": {
				"north": {
					"uv": [0, 0, 0.5, 5.45],
					"texture": "#2"
				},
				"east": {
					"uv": [0, 0, 4.25, 5.45],
					"texture": "#2"
				},
				"south": {
					"uv": [0, 0, 0.5, 5.45],
					"texture": "#2"
				},
				"west": {
					"uv": [0, 0, 4.25, 5.45],
					"texture": "#2"
				},
				"up": {
					"uv": [0, 0, 0.5, 4.25],
					"texture": "#2"
				},
				"down": {
					"uv": [0, 0, 0.5, 4.25],
					"texture": "#2"
				}
			}
		},
		{
			"from": [3.5, 0.35, 13.75],
			"to": [12.5, 5.675, 14.25],
			"rotation": {
				"angle": 45,
				"axis": "x",
				"origin": [9.3, 6.6, 14.75]
			},
			"faces": {
				"north": {
					"uv": [0, 0, 9, 5.325],
					"texture": "#2"
				},
				"east": {
					"uv": [0, 0, 0.5, 5.325],
					"texture": "#2"
				},
				"south": {
					"uv": [0, 0, 9, 5.325],
					"texture": "#2"
				},
				"west": {
					"uv": [0, 0, 0.5, 5.325],
					"texture": "#2"
				},
				"up": {
					"uv": [0, 0, 1.58333, 4.5],
					"rotation": 90,
					"texture": "#2"
				},
				"down": {
					"uv": [0, 0, 1.58333, 4.5],
					"rotation": 270,
					"texture": "#2"
				}
			}
		},
		{
			"from": [12.5, 2.6, 13.75],
			"to": [13, 5.675, 14.25],
			"rotation": {
				"angle": 45,
				"axis": "x",
				"origin": [18.3, 6.6, 14.75]
			},
			"faces": {
				"north": {
					"uv": [0, 0, 0.5, 3.075],
					"texture": "#2"
				},
				"east": {
					"uv": [0, 0, 0.5, 3.075],
					"texture": "#2"
				},
				"south": {
					"uv": [0, 0, 0.5, 3.075],
					"texture": "#2"
				},
				"west": {
					"uv": [0, 0, 0.5, 3.075],
					"texture": "#2"
				},
				"up": {
					"uv": [0, 0, 0.5, 0.5],
					"rotation": 90,
					"texture": "#2"
				},
				"down": {
					"uv": [0, 0, 0.5, 0.5],
					"rotation": 270,
					"texture": "#2"
				}
			}
		},
		{
			"from": [13, 4.35, 13.75],
			"to": [13.5, 5.675, 14.25],
			"rotation": {
				"angle": 45,
				"axis": "x",
				"origin": [18.8, 6.6, 14.75]
			},
			"faces": {
				"north": {
					"uv": [0, 0, 0.5, 1.325],
					"texture": "#2"
				},
				"east": {
					"uv": [0, 0, 0.5, 1.325],
					"texture": "#2"
				},
				"south": {
					"uv": [0, 0, 0.5, 1.325],
					"texture": "#2"
				},
				"west": {
					"uv": [0, 0, 0.5, 1.325],
					"texture": "#2"
				},
				"up": {
					"uv": [0, 0, 0.5, 0.5],
					"rotation": 90,
					"texture": "#2"
				},
				"down": {
					"uv": [0, 0, 0.5, 0.5],
					"rotation": 270,
					"texture": "#2"
				}
			}
		},
		{
			"from": [2.5, 4.35, 13.75],
			"to": [3, 5.675, 14.25],
			"rotation": {
				"angle": 45,
				"axis": "x",
				"origin": [8.3, 6.6, 14.75]
			},
			"faces": {
				"north": {
					"uv": [0, 0, 0.5, 1.325],
					"texture": "#2"
				},
				"east": {
					"uv": [0, 0, 0.5, 1.325],
					"texture": "#2"
				},
				"south": {
					"uv": [0, 0, 0.5, 1.325],
					"texture": "#2"
				},
				"west": {
					"uv": [0, 0, 0.5, 1.325],
					"texture": "#2"
				},
				"up": {
					"uv": [0, 0, 0.5, 0.5],
					"rotation": 90,
					"texture": "#2"
				},
				"down": {
					"uv": [0, 0, 0.5, 0.5],
					"rotation": 270,
					"texture": "#2"
				}
			}
		},
		{
			"from": [3, 2.6, 13.75],
			"to": [3.5, 5.675, 14.25],
			"rotation": {
				"angle": 45,
				"axis": "x",
				"origin": [8.8, 6.6, 14.75]
			},
			"faces": {
				"north": {
					"uv": [0, 0, 0.5, 3.075],
					"texture": "#2"
				},
				"east": {
					"uv": [0, 0, 0.5, 3.075],
					"texture": "#2"
				},
				"south": {
					"uv": [0, 0, 0.5, 3.075],
					"texture": "#2"
				},
				"west": {
					"uv": [0, 0, 0.5, 3.075],
					"texture": "#2"
				},
				"up": {
					"uv": [0, 0, 0.5, 0.5],
					"rotation": 90,
					"texture": "#2"
				},
				"down": {
					"uv": [0, 0, 0.5, 0.5],
					"rotation": 270,
					"texture": "#2"
				}
			}
		},
		{
			"from": [2.25, 6.3, 13.25],
			"to": [13.75, 7, 13.75],
			"rotation": {
				"angle": 0,
				"axis": "y",
				"origin": [9.3, 12.65, 14.25]
			},
			"faces": {
				"north": {
					"uv": [0, 0, 10.41667, 1.2],
					"texture": "#2"
				},
				"east": {
					"uv": [0, 0, 0.5, 0.7],
					"texture": "#2"
				},
				"south": {
					"uv": [0, 0, 10.41667, 1.2],
					"texture": "#2"
				},
				"west": {
					"uv": [0, 0, 0.5, 0.7],
					"texture": "#2"
				},
				"up": {
					"uv": [0, 0, 1.58333, 7],
					"rotation": 90,
					"texture": "#2"
				},
				"down": {
					"uv": [0, 0, 1.58333, 7],
					"rotation": 270,
					"texture": "#2"
				}
			}
		},
		{
			"from": [1.9, 7, 13.25],
			"to": [14.1, 8, 13.75],
			"rotation": {
				"angle": 0,
				"axis": "y",
				"origin": [9.3, 13.65, 14.25]
			},
			"faces": {
				"north": {
					"uv": [0, 0, 10.28333, 1.33333],
					"texture": "#2"
				},
				"east": {
					"uv": [0, 0, 0.5, 1],
					"texture": "#2"
				},
				"south": {
					"uv": [0, 0, 10.28333, 1.33333],
					"texture": "#2"
				},
				"west": {
					"uv": [0, 0, 0.5, 1],
					"texture": "#2"
				},
				"up": {
					"uv": [0, 0, 1.58333, 7.7],
					"rotation": 90,
					"texture": "#2"
				},
				"down": {
					"uv": [0, 0, 1.58333, 7.7],
					"rotation": 270,
					"texture": "#2"
				}
			}
		},
		{
			"from": [12.85, 5.55, 6],
			"to": [15.1, 9.75, 6.25],
			"rotation": {
				"angle": -22.5,
				"axis": "z",
				"origin": [10.3, 11.4, 6.75]
			},
			"faces": {
				"north": {
					"uv": [0, 0, 2.25, 4.2],
					"texture": "#2"
				},
				"east": {
					"uv": [0, 0, 0.25, 4.2],
					"texture": "#2"
				},
				"south": {
					"uv": [0, 0, 2.25, 4.2],
					"texture": "#2"
				},
				"west": {
					"uv": [0, 0, 0.25, 4.2],
					"texture": "#2"
				},
				"up": {
					"uv": [0, 0, 0.25, 2.25],
					"rotation": 90,
					"texture": "#2"
				},
				"down": {
					"uv": [0, 0, 0.25, 2.25],
					"rotation": 270,
					"texture": "#2"
				}
			}
		},
		{
			"from": [9.1, 1.8, 6],
			"to": [11.1, 3.65, 6.25],
			"rotation": {
				"angle": 22.5,
				"axis": "z",
				"origin": [6.3, 7.65, 6.75]
			},
			"faces": {
				"north": {
					"uv": [0, 0, 2, 1.85],
					"texture": "#2"
				},
				"east": {
					"uv": [0, 0, 0.25, 1.85],
					"texture": "#2"
				},
				"south": {
					"uv": [0, 0, 2, 1.85],
					"texture": "#2"
				},
				"west": {
					"uv": [0, 0, 0.25, 1.85],
					"texture": "#2"
				},
				"up": {
					"uv": [0, 0, 0.25, 2],
					"rotation": 90,
					"texture": "#2"
				},
				"down": {
					"uv": [0, 0, 0.25, 2],
					"rotation": 270,
					"texture": "#2"
				}
			}
		},
		{
			"from": [9.85, 1, 6],
			"to": [11.2, 1.65, 6.25],
			"rotation": {
				"angle": 22.5,
				"axis": "z",
				"origin": [6.3, 5.65, 6.75]
			},
			"faces": {
				"north": {
					"uv": [0, 0, 1.35, 0.65],
					"texture": "#2"
				},
				"east": {
					"uv": [0, 0, 0.25, 0.65],
					"texture": "#2"
				},
				"south": {
					"uv": [0, 0, 1.35, 0.65],
					"texture": "#2"
				},
				"west": {
					"uv": [0, 0, 0.25, 0.65],
					"texture": "#2"
				},
				"up": {
					"uv": [0, 0, 0.25, 1.35],
					"rotation": 90,
					"texture": "#2"
				},
				"down": {
					"uv": [0, 0, 0.25, 1.35],
					"rotation": 270,
					"texture": "#2"
				}
			}
		},
		{
			"from": [10.075, -0.25, 6],
			"to": [10.8, 0.975, 6.25],
			"rotation": {
				"angle": 22.5,
				"axis": "z",
				"origin": [6.3, 5.05, 6.75]
			},
			"faces": {
				"north": {
					"uv": [0, 0, 0.725, 1.225],
					"texture": "#2"
				},
				"east": {
					"uv": [0, 0, 0.25, 1.225],
					"texture": "#2"
				},
				"south": {
					"uv": [0, 0, 0.725, 1.225],
					"texture": "#2"
				},
				"west": {
					"uv": [0, 0, 0.25, 1.225],
					"texture": "#2"
				},
				"up": {
					"uv": [0, 0, 0.25, 0.725],
					"rotation": 90,
					"texture": "#2"
				},
				"down": {
					"uv": [0, 0, 0.25, 0.725],
					"rotation": 270,
					"texture": "#2"
				}
			}
		},
		{
			"from": [10.55, -0.8, 6],
			"to": [10.9, -0.3, 6.25],
			"rotation": {
				"angle": 22.5,
				"axis": "z",
				"origin": [6.4, 3.8, 6.75]
			},
			"faces": {
				"north": {
					"uv": [0, 0, 0.35, 0.5],
					"texture": "#2"
				},
				"east": {
					"uv": [0, 0, 0.25, 0.5],
					"texture": "#2"
				},
				"south": {
					"uv": [0, 0, 0.35, 0.5],
					"texture": "#2"
				},
				"west": {
					"uv": [0, 0, 0.25, 0.5],
					"texture": "#2"
				},
				"up": {
					"uv": [0, 0, 0.25, 0.35],
					"rotation": 90,
					"texture": "#2"
				},
				"down": {
					"uv": [0, 0, 0.25, 0.35],
					"rotation": 270,
					"texture": "#2"
				}
			}
		},
		{
			"from": [5.1, -0.8, 6],
			"to": [5.45, -0.3, 6.25],
			"rotation": {
				"angle": -22.5,
				"axis": "z",
				"origin": [9.6, 3.8, 6.75]
			},
			"faces": {
				"north": {
					"uv": [0.35, 0, 0, 0.5],
					"texture": "#2"
				},
				"east": {
					"uv": [0.25, 0, 0, 0.5],
					"texture": "#2"
				},
				"south": {
					"uv": [0.35, 0, 0, 0.5],
					"texture": "#2"
				},
				"west": {
					"uv": [0.25, 0, 0, 0.5],
					"texture": "#2"
				},
				"up": {
					"uv": [0, 0.35, 0.25, 0],
					"rotation": 90,
					"texture": "#2"
				},
				"down": {
					"uv": [0, 0.35, 0.25, 0],
					"rotation": 270,
					"texture": "#2"
				}
			}
		},
		{
			"from": [5.2, -0.25, 6],
			"to": [5.925, 0.975, 6.25],
			"rotation": {
				"angle": -22.5,
				"axis": "z",
				"origin": [9.7, 5.05, 6.75]
			},
			"faces": {
				"north": {
					"uv": [0.725, 0, 0, 1.225],
					"texture": "#2"
				},
				"east": {
					"uv": [0.25, 0, 0, 1.225],
					"texture": "#2"
				},
				"south": {
					"uv": [0.725, 0, 0, 1.225],
					"texture": "#2"
				},
				"west": {
					"uv": [0.25, 0, 0, 1.225],
					"texture": "#2"
				},
				"up": {
					"uv": [0, 0.725, 0.25, 0],
					"rotation": 90,
					"texture": "#2"
				},
				"down": {
					"uv": [0, 0.725, 0.25, 0],
					"rotation": 270,
					"texture": "#2"
				}
			}
		},
		{
			"from": [4.8, 1, 6],
			"to": [6.15, 1.65, 6.25],
			"rotation": {
				"angle": -22.5,
				"axis": "z",
				"origin": [9.7, 5.65, 6.75]
			},
			"faces": {
				"north": {
					"uv": [1.35, 0, 0, 0.65],
					"texture": "#2"
				},
				"east": {
					"uv": [0.25, 0, 0, 0.65],
					"texture": "#2"
				},
				"south": {
					"uv": [1.35, 0, 0, 0.65],
					"texture": "#2"
				},
				"west": {
					"uv": [0.25, 0, 0, 0.65],
					"texture": "#2"
				},
				"up": {
					"uv": [0, 1.35, 0.25, 0],
					"rotation": 90,
					"texture": "#2"
				},
				"down": {
					"uv": [0, 1.35, 0.25, 0],
					"rotation": 270,
					"texture": "#2"
				}
			}
		},
		{
			"from": [4.9, 1.8, 6],
			"to": [6.9, 3.65, 6.25],
			"rotation": {
				"angle": -22.5,
				"axis": "z",
				"origin": [9.7, 7.65, 6.75]
			},
			"faces": {
				"north": {
					"uv": [2, 0, 0, 1.85],
					"texture": "#2"
				},
				"east": {
					"uv": [0.25, 0, 0, 1.85],
					"texture": "#2"
				},
				"south": {
					"uv": [2, 0, 0, 1.85],
					"texture": "#2"
				},
				"west": {
					"uv": [0.25, 0, 0, 1.85],
					"texture": "#2"
				},
				"up": {
					"uv": [0, 2, 0.25, 0],
					"rotation": 90,
					"texture": "#2"
				},
				"down": {
					"uv": [0, 2, 0.25, 0],
					"rotation": 270,
					"texture": "#2"
				}
			}
		},
		{
			"from": [0.9, 5.55, 6],
			"to": [3.15, 9.75, 6.25],
			"rotation": {
				"angle": 22.5,
				"axis": "z",
				"origin": [5.7, 11.4, 6.75]
			},
			"faces": {
				"north": {
					"uv": [2.25, 0, 0, 4.2],
					"texture": "#2"
				},
				"east": {
					"uv": [0.25, 0, 0, 4.2],
					"texture": "#2"
				},
				"south": {
					"uv": [2.25, 0, 0, 4.2],
					"texture": "#2"
				},
				"west": {
					"uv": [0.25, 0, 0, 4.2],
					"texture": "#2"
				},
				"up": {
					"uv": [0, 2.25, 0.25, 0],
					"rotation": 90,
					"texture": "#2"
				},
				"down": {
					"uv": [0, 2.25, 0.25, 0],
					"rotation": 270,
					"texture": "#2"
				}
			}
		},
		{
			"from": [7.6, 2.95, 6.2],
			"to": [11.85, 7, 6.25],
			"rotation": {
				"angle": 0,
				"axis": "y",
				"origin": [7.05, 9.65, 6.75]
			},
			"faces": {
				"north": {
					"uv": [13.5, 2.91667, 16, 5.05],
					"texture": "#2"
				},
				"east": {
					"uv": [13.83333, 3.25, 15.55, 4.05],
					"texture": "#2"
				},
				"south": {
					"uv": [13.5, 2.91667, 16, 5.05],
					"texture": "#2"
				},
				"west": {
					"uv": [13.83333, 3.25, 15.55, 4.05],
					"texture": "#2"
				},
				"up": {
					"uv": [13.83333, 3.25, 15.55, 4.25],
					"rotation": 90,
					"texture": "#2"
				},
				"down": {
					"uv": [13.83333, 3.25, 15.55, 4.25],
					"rotation": 270,
					"texture": "#2"
				}
			}
		},
		{
			"from": [9.6, 6.95, 6.2],
			"to": [11.85, 8.1, 6.25],
			"rotation": {
				"angle": 0,
				"axis": "y",
				"origin": [7.05, 10.75, 6.75]
			},
			"faces": {
				"north": {
					"uv": [13.75, 3.5, 16, 4.65],
					"texture": "#2"
				},
				"east": {
					"uv": [13.83333, 3.25, 14.88333, 4.15],
					"texture": "#2"
				},
				"south": {
					"uv": [13.75, 3.5, 16, 4.65],
					"texture": "#2"
				},
				"west": {
					"uv": [13.83333, 3.25, 14.88333, 4.15],
					"texture": "#2"
				},
				"up": {
					"uv": [13.83333, 3.25, 14.88333, 5.25],
					"rotation": 90,
					"texture": "#2"
				},
				"down": {
					"uv": [13.83333, 3.25, 14.88333, 5.25],
					"rotation": 270,
					"texture": "#2"
				}
			}
		},
		{
			"from": [4.1, 6.95, 6.2],
			"to": [6.35, 8.1, 6.25],
			"rotation": {
				"angle": 0,
				"axis": "y",
				"origin": [1.55, 10.75, 6.75]
			},
			"faces": {
				"north": {
					"uv": [13.75, 3.5, 16, 4.65],
					"texture": "#2"
				},
				"east": {
					"uv": [13.83333, 3.25, 14.88333, 4.15],
					"texture": "#2"
				},
				"south": {
					"uv": [13.75, 3.5, 16, 4.65],
					"texture": "#2"
				},
				"west": {
					"uv": [13.83333, 3.25, 14.88333, 4.15],
					"texture": "#2"
				},
				"up": {
					"uv": [13.83333, 3.25, 14.88333, 5.25],
					"rotation": 90,
					"texture": "#2"
				},
				"down": {
					"uv": [13.83333, 3.25, 14.88333, 5.25],
					"rotation": 270,
					"texture": "#2"
				}
			}
		},
		{
			"from": [4.6, 2.95, 6.175],
			"to": [8.85, 7, 6.225],
			"rotation": {
				"angle": 0,
				"axis": "y",
				"origin": [4.05, 9.65, 6.725]
			},
			"faces": {
				"north": {
					"uv": [13.5, 2.91667, 16, 5.05],
					"texture": "#2"
				},
				"east": {
					"uv": [13.83333, 3.25, 15.55, 4.05],
					"texture": "#2"
				},
				"south": {
					"uv": [13.5, 2.91667, 16, 5.05],
					"texture": "#2"
				},
				"west": {
					"uv": [13.83333, 3.25, 15.55, 4.05],
					"texture": "#2"
				},
				"up": {
					"uv": [13.83333, 3.25, 15.55, 4.25],
					"rotation": 90,
					"texture": "#2"
				},
				"down": {
					"uv": [13.83333, 3.25, 15.55, 4.25],
					"rotation": 270,
					"texture": "#2"
				}
			}
		},
		{
			"from": [13.15, 7.5, 7.45],
			"to": [14.65, 8, 7.95],
			"rotation": {
				"angle": 45,
				"axis": "y",
				"origin": [10.6, 9.15, 8.45]
			},
			"faces": {
				"north": {
					"uv": [0, 0, 1.5, 0.5],
					"texture": "#2"
				},
				"east": {
					"uv": [0, 0, 0.5, 0.5],
					"texture": "#2"
				},
				"south": {
					"uv": [0, 0, 1.5, 0.5],
					"texture": "#2"
				},
				"west": {
					"uv": [0, 0, 0.5, 0.5],
					"texture": "#2"
				},
				"up": {
					"uv": [0, 0, 0.5, 1.5],
					"rotation": 90,
					"texture": "#2"
				},
				"down": {
					"uv": [0, 0, 0.5, 1.5],
					"rotation": 270,
					"texture": "#2"
				}
			}
		},
		{
			"from": [12.9, 7, 7.45],
			"to": [14.4, 7.5, 7.95],
			"rotation": {
				"angle": 45,
				"axis": "y",
				"origin": [10.35, 8.65, 8.45]
			},
			"faces": {
				"north": {
					"uv": [0, 0, 1.5, 0.5],
					"texture": "#2"
				},
				"east": {
					"uv": [0, 0, 0.5, 0.5],
					"texture": "#2"
				},
				"south": {
					"uv": [0, 0, 1.5, 0.5],
					"texture": "#2"
				},
				"west": {
					"uv": [0, 0, 0.5, 0.5],
					"texture": "#2"
				},
				"up": {
					"uv": [0, 0, 0.5, 1.5],
					"rotation": 90,
					"texture": "#2"
				},
				"down": {
					"uv": [0, 0, 0.5, 1.5],
					"rotation": 270,
					"texture": "#2"
				}
			}
		},
		{
			"from": [12.65, 6.5, 7.45],
			"to": [14.15, 7, 7.95],
			"rotation": {
				"angle": 45,
				"axis": "y",
				"origin": [10.1, 8.15, 8.45]
			},
			"faces": {
				"north": {
					"uv": [0, 0, 1.5, 0.5],
					"texture": "#2"
				},
				"east": {
					"uv": [0, 0, 0.5, 0.5],
					"texture": "#2"
				},
				"south": {
					"uv": [0, 0, 1.5, 0.5],
					"texture": "#2"
				},
				"west": {
					"uv": [0, 0, 0.5, 0.5],
					"texture": "#2"
				},
				"up": {
					"uv": [0, 0, 0.5, 1.5],
					"rotation": 90,
					"texture": "#2"
				},
				"down": {
					"uv": [0, 0, 0.5, 1.5],
					"rotation": 270,
					"texture": "#2"
				}
			}
		},
		{
			"from": [12.4, 6, 7.45],
			"to": [13.9, 6.5, 7.95],
			"rotation": {
				"angle": 45,
				"axis": "y",
				"origin": [9.85, 7.65, 8.45]
			},
			"faces": {
				"north": {
					"uv": [0, 0, 1.5, 0.5],
					"texture": "#2"
				},
				"east": {
					"uv": [0, 0, 0.5, 0.5],
					"texture": "#2"
				},
				"south": {
					"uv": [0, 0, 1.5, 0.5],
					"texture": "#2"
				},
				"west": {
					"uv": [0, 0, 0.5, 0.5],
					"texture": "#2"
				},
				"up": {
					"uv": [0, 0, 0.5, 1.5],
					"rotation": 90,
					"texture": "#2"
				},
				"down": {
					"uv": [0, 0, 0.5, 1.5],
					"rotation": 270,
					"texture": "#2"
				}
			}
		},
		{
			"from": [12.15, 5.5, 7.45],
			"to": [13.65, 6, 7.95],
			"rotation": {
				"angle": 45,
				"axis": "y",
				"origin": [9.6, 7.15, 8.45]
			},
			"faces": {
				"north": {
					"uv": [0, 0, 1.5, 0.5],
					"texture": "#2"
				},
				"east": {
					"uv": [0, 0, 0.5, 0.5],
					"texture": "#2"
				},
				"south": {
					"uv": [0, 0, 1.5, 0.5],
					"texture": "#2"
				},
				"west": {
					"uv": [0, 0, 0.5, 0.5],
					"texture": "#2"
				},
				"up": {
					"uv": [0, 0, 0.5, 1.5],
					"rotation": 90,
					"texture": "#2"
				},
				"down": {
					"uv": [0, 0, 0.5, 1.5],
					"rotation": 270,
					"texture": "#2"
				}
			}
		},
		{
			"from": [11.9, 5, 7.45],
			"to": [13.4, 5.5, 7.95],
			"rotation": {
				"angle": 45,
				"axis": "y",
				"origin": [9.35, 6.65, 8.45]
			},
			"faces": {
				"north": {
					"uv": [0, 0, 1.5, 0.5],
					"texture": "#2"
				},
				"east": {
					"uv": [0, 0, 0.5, 0.5],
					"texture": "#2"
				},
				"south": {
					"uv": [0, 0, 1.5, 0.5],
					"texture": "#2"
				},
				"west": {
					"uv": [0, 0, 0.5, 0.5],
					"texture": "#2"
				},
				"up": {
					"uv": [0, 0, 0.5, 1.5],
					"rotation": 90,
					"texture": "#2"
				},
				"down": {
					"uv": [0, 0, 0.5, 1.5],
					"rotation": 270,
					"texture": "#2"
				}
			}
		},
		{
			"from": [13.325, 7.5, 5.75],
			"to": [15.325, 8, 6.25],
			"rotation": {
				"angle": 22.5,
				"axis": "y",
				"origin": [10.775, 9.15, 6.75]
			},
			"faces": {
				"north": {
					"uv": [0, 0, 2, 0.5],
					"texture": "#2"
				},
				"east": {
					"uv": [0, 0, 0.5, 0.5],
					"texture": "#2"
				},
				"south": {
					"uv": [0, 0, 2, 0.5],
					"texture": "#2"
				},
				"west": {
					"uv": [0, 0, 0.5, 0.5],
					"texture": "#2"
				},
				"up": {
					"uv": [0, 0, 0.5, 2],
					"rotation": 90,
					"texture": "#2"
				},
				"down": {
					"uv": [0, 0, 0.5, 2],
					"rotation": 270,
					"texture": "#2"
				}
			}
		},
		{
			"from": [13.075, 7, 5.75],
			"to": [14.825, 7.5, 6.25],
			"rotation": {
				"angle": 22.5,
				"axis": "y",
				"origin": [10.525, 8.65, 6.75]
			},
			"faces": {
				"north": {
					"uv": [0, 0, 1.75, 0.5],
					"texture": "#2"
				},
				"east": {
					"uv": [0, 0, 0.5, 0.5],
					"texture": "#2"
				},
				"south": {
					"uv": [0, 0, 1.75, 0.5],
					"texture": "#2"
				},
				"west": {
					"uv": [0, 0, 0.5, 0.5],
					"texture": "#2"
				},
				"up": {
					"uv": [0, 0, 0.5, 1.75],
					"rotation": 90,
					"texture": "#2"
				},
				"down": {
					"uv": [0, 0, 0.5, 1.75],
					"rotation": 270,
					"texture": "#2"
				}
			}
		},
		{
			"from": [12.825, 6.5, 5.75],
			"to": [14.325, 7, 6.25],
			"rotation": {
				"angle": 22.5,
				"axis": "y",
				"origin": [10.275, 8.15, 6.75]
			},
			"faces": {
				"north": {
					"uv": [0, 0, 1.5, 0.5],
					"texture": "#2"
				},
				"east": {
					"uv": [0, 0, 0.5, 0.5],
					"texture": "#2"
				},
				"south": {
					"uv": [0, 0, 1.5, 0.5],
					"texture": "#2"
				},
				"west": {
					"uv": [0, 0, 0.5, 0.5],
					"texture": "#2"
				},
				"up": {
					"uv": [0, 0, 0.5, 1.5],
					"rotation": 90,
					"texture": "#2"
				},
				"down": {
					"uv": [0, 0, 0.5, 1.5],
					"rotation": 270,
					"texture": "#2"
				}
			}
		},
		{
			"from": [12.575, 6, 5.75],
			"to": [13.825, 6.5, 6.25],
			"rotation": {
				"angle": 22.5,
				"axis": "y",
				"origin": [10.025, 7.65, 6.75]
			},
			"faces": {
				"north": {
					"uv": [0, 0, 1.25, 0.5],
					"texture": "#2"
				},
				"east": {
					"uv": [0, 0, 0.5, 0.5],
					"texture": "#2"
				},
				"south": {
					"uv": [0, 0, 1.25, 0.5],
					"texture": "#2"
				},
				"west": {
					"uv": [0, 0, 0.5, 0.5],
					"texture": "#2"
				},
				"up": {
					"uv": [0, 0, 0.5, 1.25],
					"rotation": 90,
					"texture": "#2"
				},
				"down": {
					"uv": [0, 0, 0.5, 1.25],
					"rotation": 270,
					"texture": "#2"
				}
			}
		},
		{
			"from": [12.325, 5.5, 5.75],
			"to": [13.325, 6, 6.25],
			"rotation": {
				"angle": 22.5,
				"axis": "y",
				"origin": [9.775, 7.15, 6.75]
			},
			"faces": {
				"north": {
					"uv": [0, 0, 1, 0.5],
					"texture": "#2"
				},
				"east": {
					"uv": [0, 0, 0.5, 0.5],
					"texture": "#2"
				},
				"south": {
					"uv": [0, 0, 1, 0.5],
					"texture": "#2"
				},
				"west": {
					"uv": [0, 0, 0.5, 0.5],
					"texture": "#2"
				},
				"up": {
					"uv": [0, 0, 0.5, 1],
					"rotation": 90,
					"texture": "#2"
				},
				"down": {
					"uv": [0, 0, 0.5, 1],
					"rotation": 270,
					"texture": "#2"
				}
			}
		},
		{
			"from": [12.075, 5, 5.75],
			"to": [12.825, 5.5, 6.25],
			"rotation": {
				"angle": 22.5,
				"axis": "y",
				"origin": [9.525, 6.65, 6.75]
			},
			"faces": {
				"north": {
					"uv": [0, 0, 0.75, 0.5],
					"texture": "#2"
				},
				"east": {
					"uv": [0, 0, 0.5, 0.5],
					"texture": "#2"
				},
				"south": {
					"uv": [0, 0, 0.75, 0.5],
					"texture": "#2"
				},
				"west": {
					"uv": [0, 0, 0.5, 0.5],
					"texture": "#2"
				},
				"up": {
					"uv": [0, 0, 0.5, 0.75],
					"rotation": 90,
					"texture": "#2"
				},
				"down": {
					"uv": [0, 0, 0.5, 0.75],
					"rotation": 270,
					"texture": "#2"
				}
			}
		},
		{
			"from": [2.6, 5, 7.45],
			"to": [4.1, 5.5, 7.95],
			"rotation": {
				"angle": -45,
				"axis": "y",
				"origin": [6.65, 6.65, 8.45]
			},
			"faces": {
				"north": {
					"uv": [1.5, 0, 0, 0.5],
					"texture": "#2"
				},
				"east": {
					"uv": [0.5, 0, 0, 0.5],
					"texture": "#2"
				},
				"south": {
					"uv": [1.5, 0, 0, 0.5],
					"texture": "#2"
				},
				"west": {
					"uv": [0.5, 0, 0, 0.5],
					"texture": "#2"
				},
				"up": {
					"uv": [0, 1.5, 0.5, 0],
					"rotation": 90,
					"texture": "#2"
				},
				"down": {
					"uv": [0, 1.5, 0.5, 0],
					"rotation": 270,
					"texture": "#2"
				}
			}
		},
		{
			"from": [3.175, 5, 5.75],
			"to": [3.925, 5.5, 6.25],
			"rotation": {
				"angle": -22.5,
				"axis": "y",
				"origin": [6.475, 6.65, 6.75]
			},
			"faces": {
				"north": {
					"uv": [0.75, 0, 0, 0.5],
					"texture": "#2"
				},
				"east": {
					"uv": [0.5, 0, 0, 0.5],
					"texture": "#2"
				},
				"south": {
					"uv": [0.75, 0, 0, 0.5],
					"texture": "#2"
				},
				"west": {
					"uv": [0.5, 0, 0, 0.5],
					"texture": "#2"
				},
				"up": {
					"uv": [0, 0.75, 0.5, 0],
					"rotation": 90,
					"texture": "#2"
				},
				"down": {
					"uv": [0, 0.75, 0.5, 0],
					"rotation": 270,
					"texture": "#2"
				}
			}
		},
		{
			"from": [1.35, 7.5, 7.45],
			"to": [2.85, 8, 7.95],
			"rotation": {
				"angle": -45,
				"axis": "y",
				"origin": [5.4, 9.15, 8.45]
			},
			"faces": {
				"north": {
					"uv": [1.5, 0, 0, 0.5],
					"texture": "#2"
				},
				"east": {
					"uv": [0.5, 0, 0, 0.5],
					"texture": "#2"
				},
				"south": {
					"uv": [1.5, 0, 0, 0.5],
					"texture": "#2"
				},
				"west": {
					"uv": [0.5, 0, 0, 0.5],
					"texture": "#2"
				},
				"up": {
					"uv": [0, 1.5, 0.5, 0],
					"rotation": 90,
					"texture": "#2"
				},
				"down": {
					"uv": [0, 1.5, 0.5, 0],
					"rotation": 270,
					"texture": "#2"
				}
			}
		},
		{
			"from": [1.6, 7, 7.45],
			"to": [3.1, 7.5, 7.95],
			"rotation": {
				"angle": -45,
				"axis": "y",
				"origin": [5.65, 8.65, 8.45]
			},
			"faces": {
				"north": {
					"uv": [1.5, 0, 0, 0.5],
					"texture": "#2"
				},
				"east": {
					"uv": [0.5, 0, 0, 0.5],
					"texture": "#2"
				},
				"south": {
					"uv": [1.5, 0, 0, 0.5],
					"texture": "#2"
				},
				"west": {
					"uv": [0.5, 0, 0, 0.5],
					"texture": "#2"
				},
				"up": {
					"uv": [0, 1.5, 0.5, 0],
					"rotation": 90,
					"texture": "#2"
				},
				"down": {
					"uv": [0, 1.5, 0.5, 0],
					"rotation": 270,
					"texture": "#2"
				}
			}
		},
		{
			"from": [1.85, 6.5, 7.45],
			"to": [3.35, 7, 7.95],
			"rotation": {
				"angle": -45,
				"axis": "y",
				"origin": [5.9, 8.15, 8.45]
			},
			"faces": {
				"north": {
					"uv": [1.5, 0, 0, 0.5],
					"texture": "#2"
				},
				"east": {
					"uv": [0.5, 0, 0, 0.5],
					"texture": "#2"
				},
				"south": {
					"uv": [1.5, 0, 0, 0.5],
					"texture": "#2"
				},
				"west": {
					"uv": [0.5, 0, 0, 0.5],
					"texture": "#2"
				},
				"up": {
					"uv": [0, 1.5, 0.5, 0],
					"rotation": 90,
					"texture": "#2"
				},
				"down": {
					"uv": [0, 1.5, 0.5, 0],
					"rotation": 270,
					"texture": "#2"
				}
			}
		},
		{
			"from": [2.1, 6, 7.45],
			"to": [3.6, 6.5, 7.95],
			"rotation": {
				"angle": -45,
				"axis": "y",
				"origin": [6.15, 7.65, 8.45]
			},
			"faces": {
				"north": {
					"uv": [1.5, 0, 0, 0.5],
					"texture": "#2"
				},
				"east": {
					"uv": [0.5, 0, 0, 0.5],
					"texture": "#2"
				},
				"south": {
					"uv": [1.5, 0, 0, 0.5],
					"texture": "#2"
				},
				"west": {
					"uv": [0.5, 0, 0, 0.5],
					"texture": "#2"
				},
				"up": {
					"uv": [0, 1.5, 0.5, 0],
					"rotation": 90,
					"texture": "#2"
				},
				"down": {
					"uv": [0, 1.5, 0.5, 0],
					"rotation": 270,
					"texture": "#2"
				}
			}
		},
		{
			"from": [2.35, 5.5, 7.45],
			"to": [3.85, 6, 7.95],
			"rotation": {
				"angle": -45,
				"axis": "y",
				"origin": [6.4, 7.15, 8.45]
			},
			"faces": {
				"north": {
					"uv": [1.5, 0, 0, 0.5],
					"texture": "#2"
				},
				"east": {
					"uv": [0.5, 0, 0, 0.5],
					"texture": "#2"
				},
				"south": {
					"uv": [1.5, 0, 0, 0.5],
					"texture": "#2"
				},
				"west": {
					"uv": [0.5, 0, 0, 0.5],
					"texture": "#2"
				},
				"up": {
					"uv": [0, 1.5, 0.5, 0],
					"rotation": 90,
					"texture": "#2"
				},
				"down": {
					"uv": [0, 1.5, 0.5, 0],
					"rotation": 270,
					"texture": "#2"
				}
			}
		},
		{
			"from": [0.675, 7.5, 5.75],
			"to": [2.675, 8, 6.25],
			"rotation": {
				"angle": -22.5,
				"axis": "y",
				"origin": [5.225, 9.15, 6.75]
			},
			"faces": {
				"north": {
					"uv": [2, 0, 0, 0.5],
					"texture": "#2"
				},
				"east": {
					"uv": [0.5, 0, 0, 0.5],
					"texture": "#2"
				},
				"south": {
					"uv": [2, 0, 0, 0.5],
					"texture": "#2"
				},
				"west": {
					"uv": [0.5, 0, 0, 0.5],
					"texture": "#2"
				},
				"up": {
					"uv": [0, 2, 0.5, 0],
					"rotation": 90,
					"texture": "#2"
				},
				"down": {
					"uv": [0, 2, 0.5, 0],
					"rotation": 270,
					"texture": "#2"
				}
			}
		},
		{
			"from": [1.175, 7, 5.75],
			"to": [2.925, 7.5, 6.25],
			"rotation": {
				"angle": -22.5,
				"axis": "y",
				"origin": [5.475, 8.65, 6.75]
			},
			"faces": {
				"north": {
					"uv": [1.75, 0, 0, 0.5],
					"texture": "#2"
				},
				"east": {
					"uv": [0.5, 0, 0, 0.5],
					"texture": "#2"
				},
				"south": {
					"uv": [1.75, 0, 0, 0.5],
					"texture": "#2"
				},
				"west": {
					"uv": [0.5, 0, 0, 0.5],
					"texture": "#2"
				},
				"up": {
					"uv": [0, 1.75, 0.5, 0],
					"rotation": 90,
					"texture": "#2"
				},
				"down": {
					"uv": [0, 1.75, 0.5, 0],
					"rotation": 270,
					"texture": "#2"
				}
			}
		},
		{
			"from": [1.675, 6.5, 5.75],
			"to": [3.175, 7, 6.25],
			"rotation": {
				"angle": -22.5,
				"axis": "y",
				"origin": [5.725, 8.15, 6.75]
			},
			"faces": {
				"north": {
					"uv": [1.5, 0, 0, 0.5],
					"texture": "#2"
				},
				"east": {
					"uv": [0.5, 0, 0, 0.5],
					"texture": "#2"
				},
				"south": {
					"uv": [1.5, 0, 0, 0.5],
					"texture": "#2"
				},
				"west": {
					"uv": [0.5, 0, 0, 0.5],
					"texture": "#2"
				},
				"up": {
					"uv": [0, 1.5, 0.5, 0],
					"rotation": 90,
					"texture": "#2"
				},
				"down": {
					"uv": [0, 1.5, 0.5, 0],
					"rotation": 270,
					"texture": "#2"
				}
			}
		},
		{
			"from": [2.175, 6, 5.75],
			"to": [3.425, 6.5, 6.25],
			"rotation": {
				"angle": -22.5,
				"axis": "y",
				"origin": [5.975, 7.65, 6.75]
			},
			"faces": {
				"north": {
					"uv": [1.25, 0, 0, 0.5],
					"texture": "#2"
				},
				"east": {
					"uv": [0.5, 0, 0, 0.5],
					"texture": "#2"
				},
				"south": {
					"uv": [1.25, 0, 0, 0.5],
					"texture": "#2"
				},
				"west": {
					"uv": [0.5, 0, 0, 0.5],
					"texture": "#2"
				},
				"up": {
					"uv": [0, 1.25, 0.5, 0],
					"rotation": 90,
					"texture": "#2"
				},
				"down": {
					"uv": [0, 1.25, 0.5, 0],
					"rotation": 270,
					"texture": "#2"
				}
			}
		},
		{
			"from": [2.675, 5.5, 5.75],
			"to": [3.675, 6, 6.25],
			"rotation": {
				"angle": -22.5,
				"axis": "y",
				"origin": [6.225, 7.15, 6.75]
			},
			"faces": {
				"north": {
					"uv": [1, 0, 0, 0.5],
					"texture": "#2"
				},
				"east": {
					"uv": [0.5, 0, 0, 0.5],
					"texture": "#2"
				},
				"south": {
					"uv": [1, 0, 0, 0.5],
					"texture": "#2"
				},
				"west": {
					"uv": [0.5, 0, 0, 0.5],
					"texture": "#2"
				},
				"up": {
					"uv": [0, 1, 0.5, 0],
					"rotation": 90,
					"texture": "#2"
				},
				"down": {
					"uv": [0, 1, 0.5, 0],
					"rotation": 270,
					"texture": "#2"
				}
			}
		},
		{
			"from": [14.45, 2.65, 6],
			"to": [14.95, 8.1, 10.25],
			"rotation": {
				"angle": -22.5,
				"axis": "z",
				"origin": [13.95, 8.9, 8.75]
			},
			"faces": {
				"north": {
					"uv": [0.5, 0, 0, 5.45],
					"texture": "#2"
				},
				"east": {
					"uv": [4.25, 0, 0, 5.45],
					"texture": "#2"
				},
				"south": {
					"uv": [0.5, 0, 0, 5.45],
					"texture": "#2"
				},
				"west": {
					"uv": [4.25, 0, 0, 5.45],
					"texture": "#2"
				},
				"up": {
					"uv": [0.5, 0, 0, 4.25],
					"texture": "#2"
				},
				"down": {
					"uv": [0.5, 0, 0, 4.25],
					"texture": "#2"
				}
			}
		},
		{
			"from": [14.45, 5.9, 13],
			"to": [14.95, 8.1, 13.25],
			"rotation": {
				"angle": -22.5,
				"axis": "z",
				"origin": [13.95, 8.9, 15.75]
			},
			"faces": {
				"north": {
					"uv": [0.5, 0, 0, 2.2],
					"texture": "#2"
				},
				"east": {
					"uv": [0.25, 0, 0, 2.2],
					"texture": "#2"
				},
				"south": {
					"uv": [0.5, 0, 0, 2.2],
					"texture": "#2"
				},
				"west": {
					"uv": [0.25, 0, 0, 2.2],
					"texture": "#2"
				},
				"up": {
					"uv": [0.5, 0, 0, 0.25],
					"texture": "#2"
				},
				"down": {
					"uv": [0.5, 0, 0, 0.25],
					"texture": "#2"
				}
			}
		},
		{
			"from": [14.45, 5.4, 12.5],
			"to": [14.95, 8.1, 12.75],
			"rotation": {
				"angle": -22.5,
				"axis": "z",
				"origin": [13.95, 8.9, 15.25]
			},
			"faces": {
				"north": {
					"uv": [0.5, 0, 0, 2.7],
					"texture": "#2"
				},
				"east": {
					"uv": [0.25, 0, 0, 2.7],
					"texture": "#2"
				},
				"south": {
					"uv": [0.5, 0, 0, 2.7],
					"texture": "#2"
				},
				"west": {
					"uv": [0.25, 0, 0, 2.7],
					"texture": "#2"
				},
				"up": {
					"uv": [0.5, 0, 0, 0.25],
					"texture": "#2"
				},
				"down": {
					"uv": [0.5, 0, 0, 0.25],
					"texture": "#2"
				}
			}
		},
		{
			"from": [14.45, 5.65, 12.75],
			"to": [14.95, 8.1, 13],
			"rotation": {
				"angle": -22.5,
				"axis": "z",
				"origin": [13.95, 8.9, 15.5]
			},
			"faces": {
				"north": {
					"uv": [0.5, 0, 0, 2.45],
					"texture": "#2"
				},
				"east": {
					"uv": [0.25, 0, 0, 2.45],
					"texture": "#2"
				},
				"south": {
					"uv": [0.5, 0, 0, 2.45],
					"texture": "#2"
				},
				"west": {
					"uv": [0.25, 0, 0, 2.45],
					"texture": "#2"
				},
				"up": {
					"uv": [0.5, 0, 0, 0.25],
					"texture": "#2"
				},
				"down": {
					"uv": [0.5, 0, 0, 0.25],
					"texture": "#2"
				}
			}
		},
		{
			"from": [14.45, 5.15, 12.25],
			"to": [14.95, 8.1, 12.5],
			"rotation": {
				"angle": -22.5,
				"axis": "z",
				"origin": [13.95, 8.9, 15]
			},
			"faces": {
				"north": {
					"uv": [0.5, 0, 0, 2.95],
					"texture": "#2"
				},
				"east": {
					"uv": [0.25, 0, 0, 2.95],
					"texture": "#2"
				},
				"south": {
					"uv": [0.5, 0, 0, 2.95],
					"texture": "#2"
				},
				"west": {
					"uv": [0.25, 0, 0, 2.95],
					"texture": "#2"
				},
				"up": {
					"uv": [0.5, 0, 0, 0.25],
					"texture": "#2"
				},
				"down": {
					"uv": [0.5, 0, 0, 0.25],
					"texture": "#2"
				}
			}
		},
		{
			"from": [14.45, 4.9, 12],
			"to": [14.95, 8.1, 12.25],
			"rotation": {
				"angle": -22.5,
				"axis": "z",
				"origin": [13.95, 8.9, 14.75]
			},
			"faces": {
				"north": {
					"uv": [0.5, 0, 0, 3.2],
					"texture": "#2"
				},
				"east": {
					"uv": [0.25, 0, 0, 3.2],
					"texture": "#2"
				},
				"south": {
					"uv": [0.5, 0, 0, 3.2],
					"texture": "#2"
				},
				"west": {
					"uv": [0.25, 0, 0, 3.2],
					"texture": "#2"
				},
				"up": {
					"uv": [0.5, 0, 0, 0.25],
					"texture": "#2"
				},
				"down": {
					"uv": [0.5, 0, 0, 0.25],
					"texture": "#2"
				}
			}
		},
		{
			"from": [14.45, 4.65, 11.75],
			"to": [14.95, 8.1, 12],
			"rotation": {
				"angle": -22.5,
				"axis": "z",
				"origin": [13.95, 8.9, 14.5]
			},
			"faces": {
				"north": {
					"uv": [0.5, 0, 0, 3.45],
					"texture": "#2"
				},
				"east": {
					"uv": [0.25, 0, 0, 3.45],
					"texture": "#2"
				},
				"south": {
					"uv": [0.5, 0, 0, 3.45],
					"texture": "#2"
				},
				"west": {
					"uv": [0.25, 0, 0, 3.45],
					"texture": "#2"
				},
				"up": {
					"uv": [0.5, 0, 0, 0.25],
					"texture": "#2"
				},
				"down": {
					"uv": [0.5, 0, 0, 0.25],
					"texture": "#2"
				}
			}
		},
		{
			"from": [14.45, 4.4, 11.5],
			"to": [14.95, 8.1, 11.75],
			"rotation": {
				"angle": -22.5,
				"axis": "z",
				"origin": [13.95, 8.9, 14.25]
			},
			"faces": {
				"north": {
					"uv": [0.5, 0, 0, 3.7],
					"texture": "#2"
				},
				"east": {
					"uv": [0.25, 0, 0, 3.7],
					"texture": "#2"
				},
				"south": {
					"uv": [0.5, 0, 0, 3.7],
					"texture": "#2"
				},
				"west": {
					"uv": [0.25, 0, 0, 3.7],
					"texture": "#2"
				},
				"up": {
					"uv": [0.5, 0, 0, 0.25],
					"texture": "#2"
				},
				"down": {
					"uv": [0.5, 0, 0, 0.25],
					"texture": "#2"
				}
			}
		},
		{
			"from": [14.45, 3.9, 11.25],
			"to": [14.95, 8.1, 11.5],
			"rotation": {
				"angle": -22.5,
				"axis": "z",
				"origin": [13.95, 8.9, 14]
			},
			"faces": {
				"north": {
					"uv": [0.5, 0, 0, 4.2],
					"texture": "#2"
				},
				"east": {
					"uv": [0.25, 0, 0, 4.2],
					"texture": "#2"
				},
				"south": {
					"uv": [0.5, 0, 0, 4.2],
					"texture": "#2"
				},
				"west": {
					"uv": [0.25, 0, 0, 4.2],
					"texture": "#2"
				},
				"up": {
					"uv": [0.5, 0, 0, 0.25],
					"texture": "#2"
				},
				"down": {
					"uv": [0.5, 0, 0, 0.25],
					"texture": "#2"
				}
			}
		},
		{
			"from": [14.45, 3.65, 11],
			"to": [14.95, 8.1, 11.25],
			"rotation": {
				"angle": -22.5,
				"axis": "z",
				"origin": [13.95, 8.9, 13.75]
			},
			"faces": {
				"north": {
					"uv": [0.5, 0, 0, 4.45],
					"texture": "#2"
				},
				"east": {
					"uv": [0.25, 0, 0, 4.45],
					"texture": "#2"
				},
				"south": {
					"uv": [0.5, 0, 0, 4.45],
					"texture": "#2"
				},
				"west": {
					"uv": [0.25, 0, 0, 4.45],
					"texture": "#2"
				},
				"up": {
					"uv": [0.5, 0, 0, 0.25],
					"texture": "#2"
				},
				"down": {
					"uv": [0.5, 0, 0, 0.25],
					"texture": "#2"
				}
			}
		},
		{
			"from": [14.45, 3.4, 10.75],
			"to": [14.95, 8.1, 11],
			"rotation": {
				"angle": -22.5,
				"axis": "z",
				"origin": [13.95, 8.9, 13.5]
			},
			"faces": {
				"north": {
					"uv": [0.5, 0, 0, 4.7],
					"texture": "#2"
				},
				"east": {
					"uv": [0.25, 0, 0, 4.7],
					"texture": "#2"
				},
				"south": {
					"uv": [0.5, 0, 0, 4.7],
					"texture": "#2"
				},
				"west": {
					"uv": [0.25, 0, 0, 4.7],
					"texture": "#2"
				},
				"up": {
					"uv": [0.5, 0, 0, 0.25],
					"texture": "#2"
				},
				"down": {
					"uv": [0.5, 0, 0, 0.25],
					"texture": "#2"
				}
			}
		},
		{
			"from": [14.45, 3.15, 10.5],
			"to": [14.95, 8.1, 10.75],
			"rotation": {
				"angle": -22.5,
				"axis": "z",
				"origin": [13.95, 8.9, 13.25]
			},
			"faces": {
				"north": {
					"uv": [0.5, 0, 0, 4.95],
					"texture": "#2"
				},
				"east": {
					"uv": [0.25, 0, 0, 4.95],
					"texture": "#2"
				},
				"south": {
					"uv": [0.5, 0, 0, 4.95],
					"texture": "#2"
				},
				"west": {
					"uv": [0.25, 0, 0, 4.95],
					"texture": "#2"
				},
				"up": {
					"uv": [0.5, 0, 0, 0.25],
					"texture": "#2"
				},
				"down": {
					"uv": [0.5, 0, 0, 0.25],
					"texture": "#2"
				}
			}
		},
		{
			"from": [14.45, 2.9, 10.25],
			"to": [14.95, 8.1, 10.5],
			"rotation": {
				"angle": -22.5,
				"axis": "z",
				"origin": [13.95, 8.9, 13]
			},
			"faces": {
				"north": {
					"uv": [0.5, 0, 0, 5.2],
					"texture": "#2"
				},
				"east": {
					"uv": [0.25, 0, 0, 5.2],
					"texture": "#2"
				},
				"south": {
					"uv": [0.5, 0, 0, 5.2],
					"texture": "#2"
				},
				"west": {
					"uv": [0.25, 0, 0, 5.2],
					"texture": "#2"
				},
				"up": {
					"uv": [0.5, 0, 0, 0.25],
					"texture": "#2"
				},
				"down": {
					"uv": [0.5, 0, 0, 0.25],
					"texture": "#2"
				}
			}
		}
	]
}