{
	"textures": {
		"1": "minecraft:item/weapon_jack",
		"particle": "minecraft:item/pufferfish"
	},
	"display": {
		"head": {
			"rotation": [0, 180, 0]
		}
	},
	"elements": [
		{
			"from": [7.525, 7.475, 5.5],
			"to": [8.525, 8.475, 8],
			"rotation": {
				"angle": 0,
				"axis": "y",
				"origin": [6.875, 7.475, 8]
			},
			"faces": {
				"north": {
					"uv": [9, 0, 16, 4.5],
					"rotation": 180,
					"texture": "#1"
				},
				"east": {
					"uv": [9, 0, 16, 6],
					"rotation": 90,
					"texture": "#1"
				},
				"south": {
					"uv": [9, 0, 16, 4.5],
					"texture": "#1"
				},
				"west": {
					"uv": [9, 0, 16, 6],
					"rotation": 270,
					"texture": "#1"
				},
				"up": {
					"uv": [9, 0, 16, 6],
					"texture": "#1"
				},
				"down": {
					"uv": [9, 0, 16, 6],
					"rotation": 180,
					"texture": "#1"
				}
			}
		},
		{
			"from": [7.85, 7.525, 3],
			"to": [8.15, 8.425, 5.5],
			"rotation": {
				"angle": 0,
				"axis": "y",
				"origin": [6.85, 7.375, 5.5]
			},
			"faces": {
				"north": {
					"uv": [0, 0, 6.3, 14.2],
					"rotation": 180,
					"texture": "#1"
				},
				"east": {
					"uv": [0, 0, 6.7, 16],
					"rotation": 90,
					"texture": "#1"
				},
				"south": {
					"uv": [0, 0, 6.3, 14.2],
					"texture": "#1"
				},
				"west": {
					"uv": [0, 0, 6.7, 16],
					"rotation": 270,
					"texture": "#1"
				},
				"up": {
					"uv": [0, 0, 6.3, 16],
					"texture": "#1"
				},
				"down": {
					"uv": [0, 0, 6.3, 16],
					"rotation": 180,
					"texture": "#1"
				}
			}
		},
		{
			"from": [7.85, 7.375, 1.85],
			"to": [8.15, 8.375, 2.85],
			"rotation": {
				"angle": 45,
				"axis": "x",
				"origin": [6.85, 7.225, 2.75]
			},
			"faces": {
				"north": {
					"uv": [0, 0, 6.3, 14.3],
					"rotation": 180,
					"texture": "#1"
				},
				"east": {
					"uv": [0, 0, 6.8, 14.3],
					"rotation": 90,
					"texture": "#1"
				},
				"south": {
					"uv": [0, 0, 6.3, 14.3],
					"texture": "#1"
				},
				"west": {
					"uv": [0, 0, 6.8, 14.3],
					"rotation": 270,
					"texture": "#1"
				},
				"up": {
					"uv": [0, 0, 6.3, 14.3],
					"texture": "#1"
				},
				"down": {
					"uv": [0, 0, 6.3, 14.3],
					"rotation": 180,
					"texture": "#1"
				}
			}
		},
		{
			"from": [7.85, 7.625, 0.75],
			"to": [8.15, 8.325, 2.75],
			"rotation": {
				"angle": 0,
				"axis": "y",
				"origin": [6.85, 7.375, 2.75]
			},
			"faces": {
				"north": {
					"uv": [0, 0, 6.3, 14],
					"rotation": 180,
					"texture": "#1"
				},
				"east": {
					"uv": [0, 0, 6.5, 15.5],
					"rotation": 90,
					"texture": "#1"
				},
				"south": {
					"uv": [0, 0, 6.3, 14],
					"texture": "#1"
				},
				"west": {
					"uv": [0, 0, 6.5, 15.5],
					"rotation": 270,
					"texture": "#1"
				},
				"up": {
					"uv": [0, 0, 6.3, 15.5],
					"texture": "#1"
				},
				"down": {
					"uv": [0, 0, 6.3, 15.5],
					"rotation": 180,
					"texture": "#1"
				}
			}
		},
		{
			"from": [7.85, 8.225, -1.025],
			"to": [8.15, 8.575, 0.575],
			"rotation": {
				"angle": -45,
				"axis": "x",
				"origin": [6.85, 7.625, 0.575]
			},
			"faces": {
				"north": {
					"uv": [0, 0, 6.3, 13.65],
					"rotation": 180,
					"texture": "#1"
				},
				"east": {
					"uv": [0, 0, 6.15, 15.1],
					"rotation": 90,
					"texture": "#1"
				},
				"south": {
					"uv": [0, 0, 6.3, 13.65],
					"texture": "#1"
				},
				"west": {
					"uv": [0, 0, 6.15, 15.1],
					"rotation": 270,
					"texture": "#1"
				},
				"up": {
					"uv": [0, 0, 6.3, 15.1],
					"texture": "#1"
				},
				"down": {
					"uv": [0, 0, 6.3, 15.1],
					"rotation": 180,
					"texture": "#1"
				}
			}
		},
		{
			"from": [7.85, 7.725, -0.925],
			"to": [8.15, 8.075, 1.075],
			"rotation": {
				"angle": -22.5,
				"axis": "x",
				"origin": [6.85, 7.125, 1.075]
			},
			"faces": {
				"north": {
					"uv": [0, 0, 6.3, 13.65],
					"rotation": 180,
					"texture": "#1"
				},
				"east": {
					"uv": [0, 0, 6.15, 15.5],
					"rotation": 90,
					"texture": "#1"
				},
				"south": {
					"uv": [0, 0, 6.3, 13.65],
					"texture": "#1"
				},
				"west": {
					"uv": [0, 0, 6.15, 15.5],
					"rotation": 270,
					"texture": "#1"
				},
				"up": {
					"uv": [0, 0, 6.3, 15.5],
					"texture": "#1"
				},
				"down": {
					"uv": [0, 0, 6.3, 15.5],
					"rotation": 180,
					"texture": "#1"
				}
			}
		},
		{
			"from": [7.85, 7.625, 0],
			"to": [8.15, 8.325, 0.75],
			"rotation": {
				"angle": 0,
				"axis": "y",
				"origin": [6.85, 7.375, 0.75]
			},
			"faces": {
				"north": {
					"uv": [0, 0, 6.3, 14],
					"rotation": 180,
					"texture": "#1"
				},
				"east": {
					"uv": [0, 0, 6.5, 14.25],
					"rotation": 90,
					"texture": "#1"
				},
				"south": {
					"uv": [0, 0, 6.3, 14],
					"texture": "#1"
				},
				"west": {
					"uv": [0, 0, 6.5, 14.25],
					"rotation": 270,
					"texture": "#1"
				},
				"up": {
					"uv": [0, 0, 6.3, 14.25],
					"texture": "#1"
				},
				"down": {
					"uv": [0, 0, 6.3, 14.25],
					"rotation": 180,
					"texture": "#1"
				}
			}
		},
		{
			"from": [7.85, 7.5, -0.2],
			"to": [8.15, 8.15, 0.3],
			"rotation": {
				"angle": 0,
				"axis": "y",
				"origin": [6.85, 7.2, 0.5]
			},
			"faces": {
				"north": {
					"uv": [0, 0, 6.3, 13.95],
					"rotation": 180,
					"texture": "#1"
				},
				"east": {
					"uv": [0, 0, 6.45, 14],
					"rotation": 90,
					"texture": "#1"
				},
				"south": {
					"uv": [0, 0, 6.3, 13.95],
					"texture": "#1"
				},
				"west": {
					"uv": [0, 0, 6.45, 14],
					"rotation": 270,
					"texture": "#1"
				},
				"up": {
					"uv": [0, 0, 6.3, 14],
					"texture": "#1"
				},
				"down": {
					"uv": [0, 0, 6.3, 14],
					"rotation": 180,
					"texture": "#1"
				}
			}
		},
		{
			"from": [7.85, 7.4, -0.4],
			"to": [8.15, 7.95, 0.05],
			"rotation": {
				"angle": 0,
				"axis": "y",
				"origin": [6.85, 7.05, 0.25]
			},
			"faces": {
				"north": {
					"uv": [0, 0, 6.3, 13.85],
					"rotation": 180,
					"texture": "#1"
				},
				"east": {
					"uv": [0, 0, 6.35, 13.95],
					"rotation": 90,
					"texture": "#1"
				},
				"south": {
					"uv": [0, 0, 6.3, 13.85],
					"texture": "#1"
				},
				"west": {
					"uv": [0, 0, 6.35, 13.95],
					"rotation": 270,
					"texture": "#1"
				},
				"up": {
					"uv": [0, 0, 6.3, 13.95],
					"texture": "#1"
				},
				"down": {
					"uv": [0, 0, 6.3, 13.95],
					"rotation": 180,
					"texture": "#1"
				}
			}
		},
		{
			"from": [7.85, 7.275, -0.55],
			"to": [8.15, 7.8, -0.2],
			"rotation": {
				"angle": 0,
				"axis": "y",
				"origin": [6.85, 6.9, 0]
			},
			"faces": {
				"north": {
					"uv": [0, 0, 6.3, 13.825],
					"rotation": 180,
					"texture": "#1"
				},
				"east": {
					"uv": [0, 0, 6.325, 13.85],
					"rotation": 90,
					"texture": "#1"
				},
				"south": {
					"uv": [0, 0, 6.3, 13.825],
					"texture": "#1"
				},
				"west": {
					"uv": [0, 0, 6.325, 13.85],
					"rotation": 270,
					"texture": "#1"
				},
				"up": {
					"uv": [0, 0, 6.3, 13.85],
					"texture": "#1"
				},
				"down": {
					"uv": [0, 0, 6.3, 13.85],
					"rotation": 180,
					"texture": "#1"
				}
			}
		},
		{
			"from": [7.85, 7.175, -0.75],
			"to": [8.15, 7.6, -0.45],
			"rotation": {
				"angle": 0,
				"axis": "y",
				"origin": [6.85, 6.75, -0.25]
			},
			"faces": {
				"north": {
					"uv": [0, 0, 6.3, 13.725],
					"rotation": 180,
					"texture": "#1"
				},
				"east": {
					"uv": [0, 0, 6.225, 13.8],
					"rotation": 90,
					"texture": "#1"
				},
				"south": {
					"uv": [0, 0, 6.3, 13.725],
					"texture": "#1"
				},
				"west": {
					"uv": [0, 0, 6.225, 13.8],
					"rotation": 270,
					"texture": "#1"
				},
				"up": {
					"uv": [0, 0, 6.3, 13.8],
					"texture": "#1"
				},
				"down": {
					"uv": [0, 0, 6.3, 13.8],
					"rotation": 180,
					"texture": "#1"
				}
			}
		}
	]
}