{
	"textures": {
		"1": "minecraft:item/weapon_jack",
		"particle": "minecraft:item/pufferfish"
	},
	"display": {
		"head": {
			"rotation": [0, 180, 0]
		}
	},
	"elements": [
		{
			"from": [7.65, 7.45, 5.5],
			"to": [8.65, 8.45, 8],
			"rotation": {
				"angle": 0,
				"axis": "y",
				"origin": [7.3, 9.2, 8.5]
			},
			"faces": {
				"north": {
					"uv": [9, 0, 16, 4.5],
					"rotation": 90,
					"texture": "#1"
				},
				"east": {
					"uv": [9, 0, 16, 6],
					"rotation": 90,
					"texture": "#1"
				},
				"south": {
					"uv": [9, 0, 16, 4.5],
					"rotation": 90,
					"texture": "#1"
				},
				"west": {
					"uv": [9, 0, 16, 6],
					"rotation": 270,
					"texture": "#1"
				},
				"up": {
					"uv": [9, 0, 16, 6],
					"texture": "#1"
				},
				"down": {
					"uv": [9, 0, 16, 6],
					"rotation": 180,
					"texture": "#1"
				}
			}
		},
		{
			"from": [7.7, 7.8, 3],
			"to": [8.6, 8.1, 5.5],
			"rotation": {
				"angle": 0,
				"axis": "y",
				"origin": [7.4, 9.2, 8.5]
			},
			"faces": {
				"north": {
					"uv": [0, 0, 6.3, 14.2],
					"rotation": 90,
					"texture": "#1"
				},
				"east": {
					"uv": [0, 0, 6.3, 16],
					"rotation": 90,
					"texture": "#1"
				},
				"south": {
					"uv": [0, 0, 6.3, 14.2],
					"rotation": 90,
					"texture": "#1"
				},
				"west": {
					"uv": [0, 0, 6.3, 16],
					"rotation": 270,
					"texture": "#1"
				},
				"up": {
					"uv": [0, 0, 6.7, 16],
					"texture": "#1"
				},
				"down": {
					"uv": [0, 0, 6.7, 16],
					"rotation": 180,
					"texture": "#1"
				}
			}
		},
		{
			"from": [9.73695, 7.8, -0.7416],
			"to": [10.73695, 8.1, 0.2584],
			"rotation": {
				"angle": 45,
				"axis": "y",
				"origin": [12.975, 9.2, 3.9]
			},
			"faces": {
				"north": {
					"uv": [0, 0, 6.3, 14.3],
					"rotation": 90,
					"texture": "#1"
				},
				"east": {
					"uv": [0, 0, 6.3, 14.3],
					"rotation": 90,
					"texture": "#1"
				},
				"south": {
					"uv": [0, 0, 6.3, 14.3],
					"rotation": 90,
					"texture": "#1"
				},
				"west": {
					"uv": [0, 0, 6.3, 14.3],
					"rotation": 270,
					"texture": "#1"
				},
				"up": {
					"uv": [0, 0, 6.8, 14.3],
					"texture": "#1"
				},
				"down": {
					"uv": [0, 0, 6.8, 14.3],
					"rotation": 180,
					"texture": "#1"
				}
			}
		},
		{
			"from": [7.8, 7.8, 0.75],
			"to": [8.5, 8.1, 2.75],
			"rotation": {
				"angle": 0,
				"axis": "y",
				"origin": [7.4, 9.2, 8.5]
			},
			"faces": {
				"north": {
					"uv": [0, 0, 6.3, 14],
					"rotation": 90,
					"texture": "#1"
				},
				"east": {
					"uv": [0, 0, 6.3, 15.5],
					"rotation": 90,
					"texture": "#1"
				},
				"south": {
					"uv": [0, 0, 6.3, 14],
					"rotation": 90,
					"texture": "#1"
				},
				"west": {
					"uv": [0, 0, 6.3, 15.5],
					"rotation": 270,
					"texture": "#1"
				},
				"up": {
					"uv": [0, 0, 6.5, 15.5],
					"texture": "#1"
				},
				"down": {
					"uv": [0, 0, 6.5, 15.5],
					"rotation": 180,
					"texture": "#1"
				}
			}
		},
		{
			"from": [13.85737, 7.8, 1.64973],
			"to": [14.20737, 8.1, 3.24973],
			"rotation": {
				"angle": 45,
				"axis": "y",
				"origin": [7.4, 9.2, 8.5]
			},
			"faces": {
				"north": {
					"uv": [0, 0, 6.3, 13.65],
					"rotation": 90,
					"texture": "#1"
				},
				"east": {
					"uv": [0, 0, 6.3, 15.1],
					"rotation": 90,
					"texture": "#1"
				},
				"south": {
					"uv": [0, 0, 6.3, 13.65],
					"rotation": 90,
					"texture": "#1"
				},
				"west": {
					"uv": [0, 0, 6.3, 15.1],
					"rotation": 270,
					"texture": "#1"
				},
				"up": {
					"uv": [0, 0, 6.15, 15.1],
					"texture": "#1"
				},
				"down": {
					"uv": [0, 0, 6.15, 15.1],
					"rotation": 180,
					"texture": "#1"
				}
			}
		},
		{
			"from": [10.74142, 7.8, -0.3598],
			"to": [11.09142, 8.1, 1.6402],
			"rotation": {
				"angle": 22.5,
				"axis": "y",
				"origin": [7.4, 9.2, 8.5]
			},
			"faces": {
				"north": {
					"uv": [0, 0, 6.3, 13.65],
					"rotation": 90,
					"texture": "#1"
				},
				"east": {
					"uv": [0, 0, 6.3, 15.5],
					"rotation": 90,
					"texture": "#1"
				},
				"south": {
					"uv": [0, 0, 6.3, 13.65],
					"rotation": 90,
					"texture": "#1"
				},
				"west": {
					"uv": [0, 0, 6.3, 15.5],
					"rotation": 270,
					"texture": "#1"
				},
				"up": {
					"uv": [0, 0, 6.15, 15.5],
					"texture": "#1"
				},
				"down": {
					"uv": [0, 0, 6.15, 15.5],
					"rotation": 180,
					"texture": "#1"
				}
			}
		},
		{
			"from": [7.8, 7.8, 0],
			"to": [8.5, 8.1, 0.75],
			"rotation": {
				"angle": 0,
				"axis": "y",
				"origin": [7.4, 9.2, 8.5]
			},
			"faces": {
				"north": {
					"uv": [0, 0, 6.3, 14],
					"rotation": 90,
					"texture": "#1"
				},
				"east": {
					"uv": [0, 0, 6.3, 14.25],
					"rotation": 90,
					"texture": "#1"
				},
				"south": {
					"uv": [0, 0, 6.3, 14],
					"rotation": 90,
					"texture": "#1"
				},
				"west": {
					"uv": [0, 0, 6.3, 14.25],
					"rotation": 270,
					"texture": "#1"
				},
				"up": {
					"uv": [0, 0, 6.5, 14.25],
					"texture": "#1"
				},
				"down": {
					"uv": [0, 0, 6.5, 14.25],
					"rotation": 180,
					"texture": "#1"
				}
			}
		},
		{
			"from": [7.675, 7.8, -0.2],
			"to": [8.325, 8.1, 0.3],
			"rotation": {
				"angle": 0,
				"axis": "y",
				"origin": [7.4, 9.2, 8.5]
			},
			"faces": {
				"north": {
					"uv": [0, 0, 6.3, 13.95],
					"rotation": 90,
					"texture": "#1"
				},
				"east": {
					"uv": [0, 0, 6.3, 14],
					"rotation": 90,
					"texture": "#1"
				},
				"south": {
					"uv": [0, 0, 6.3, 13.95],
					"rotation": 90,
					"texture": "#1"
				},
				"west": {
					"uv": [0, 0, 6.3, 14],
					"rotation": 270,
					"texture": "#1"
				},
				"up": {
					"uv": [0, 0, 6.45, 14],
					"texture": "#1"
				},
				"down": {
					"uv": [0, 0, 6.45, 14],
					"rotation": 180,
					"texture": "#1"
				}
			}
		},
		{
			"from": [7.575, 7.8, -0.4],
			"to": [8.125, 8.1, 0.05],
			"rotation": {
				"angle": 0,
				"axis": "y",
				"origin": [7.4, 9.2, 8.5]
			},
			"faces": {
				"north": {
					"uv": [0, 0, 6.3, 13.85],
					"rotation": 90,
					"texture": "#1"
				},
				"east": {
					"uv": [0, 0, 6.3, 13.95],
					"rotation": 90,
					"texture": "#1"
				},
				"south": {
					"uv": [0, 0, 6.3, 13.85],
					"rotation": 90,
					"texture": "#1"
				},
				"west": {
					"uv": [0, 0, 6.3, 13.95],
					"rotation": 270,
					"texture": "#1"
				},
				"up": {
					"uv": [0, 0, 6.35, 13.95],
					"texture": "#1"
				},
				"down": {
					"uv": [0, 0, 6.35, 13.95],
					"rotation": 180,
					"texture": "#1"
				}
			}
		},
		{
			"from": [7.45, 7.8, -0.55],
			"to": [7.975, 8.1, -0.2],
			"rotation": {
				"angle": 0,
				"axis": "y",
				"origin": [7.4, 9.2, 8.5]
			},
			"faces": {
				"north": {
					"uv": [0, 0, 6.3, 13.825],
					"rotation": 90,
					"texture": "#1"
				},
				"east": {
					"uv": [0, 0, 6.3, 13.85],
					"rotation": 90,
					"texture": "#1"
				},
				"south": {
					"uv": [0, 0, 6.3, 13.825],
					"rotation": 90,
					"texture": "#1"
				},
				"west": {
					"uv": [0, 0, 6.3, 13.85],
					"rotation": 270,
					"texture": "#1"
				},
				"up": {
					"uv": [0, 0, 6.325, 13.85],
					"texture": "#1"
				},
				"down": {
					"uv": [0, 0, 6.325, 13.85],
					"rotation": 180,
					"texture": "#1"
				}
			}
		},
		{
			"from": [7.35, 7.8, -0.75],
			"to": [7.775, 8.1, -0.45],
			"rotation": {
				"angle": 0,
				"axis": "y",
				"origin": [7.4, 9.2, 8.5]
			},
			"faces": {
				"north": {
					"uv": [0, 0, 6.3, 13.725],
					"rotation": 90,
					"texture": "#1"
				},
				"east": {
					"uv": [0, 0, 6.3, 13.8],
					"rotation": 90,
					"texture": "#1"
				},
				"south": {
					"uv": [0, 0, 6.3, 13.725],
					"rotation": 90,
					"texture": "#1"
				},
				"west": {
					"uv": [0, 0, 6.3, 13.8],
					"rotation": 270,
					"texture": "#1"
				},
				"up": {
					"uv": [0, 0, 6.225, 13.8],
					"texture": "#1"
				},
				"down": {
					"uv": [0, 0, 6.225, 13.8],
					"rotation": 180,
					"texture": "#1"
				}
			}
		}
	]
}