{
	"textures": {
		"2": "animated_java:blueprint/jack_model/jack",
		"particle": "minecraft:item/pufferfish"
	},
	"display": {
		"head": {
			"rotation": [0, 180, 0]
		}
	},
	"elements": [
		{
			"from": [7, 8, 7],
			"to": [9, 9, 9],
			"rotation": {
				"angle": 0,
				"axis": "y",
				"origin": [8, 8, 8]
			},
			"faces": {
				"north": {
					"uv": [14, 0.16667, 16, 1.16667],
					"texture": "#2"
				},
				"east": {
					"uv": [14, 0.16667, 16, 1.16667],
					"texture": "#2"
				},
				"south": {
					"uv": [14, 0.16667, 16, 1.16667],
					"texture": "#2"
				},
				"west": {
					"uv": [14, 0.16667, 16, 1.16667],
					"texture": "#2"
				},
				"up": {
					"uv": [14, 0.16667, 16, 2.16667],
					"texture": "#2"
				},
				"down": {
					"uv": [14, 0.16667, 16, 2.16667],
					"texture": "#2"
				}
			}
		},
		{
			"from": [5.75, 9, 4.5],
			"to": [10.25, 17, 9],
			"rotation": {
				"angle": 0,
				"axis": "y",
				"origin": [8, 9, 8]
			},
			"faces": {
				"north": {
					"uv": [13.5, 0, 16, 2.41667],
					"texture": "#2"
				},
				"east": {
					"uv": [13.5, 0, 16, 2.41667],
					"texture": "#2"
				},
				"south": {
					"uv": [13.5, 0, 16, 2.41667],
					"texture": "#2"
				},
				"west": {
					"uv": [13.5, 0, 16, 2.41667],
					"texture": "#2"
				},
				"up": {
					"uv": [13.58333, 0, 16, 2.41667],
					"texture": "#2"
				},
				"down": {
					"uv": [13.58333, 0, 16, 2.41667],
					"texture": "#2"
				}
			}
		},
		{
			"from": [5.75, 9, 4.3],
			"to": [10.25, 17, 4.5],
			"rotation": {
				"angle": 0,
				"axis": "y",
				"origin": [8, 9, 3.5]
			},
			"faces": {
				"north": {
					"uv": [13.5, 2.91667, 16, 5.16667],
					"texture": "#2"
				},
				"east": {
					"uv": [13.63333, 3, 16, 4.66667],
					"texture": "#2"
				},
				"south": {
					"uv": [13.5, 2.91667, 16, 5.16667],
					"texture": "#2"
				},
				"west": {
					"uv": [13.63333, 3, 16, 4.66667],
					"texture": "#2"
				},
				"up": {
					"uv": [13.66667, 3.16667, 15.5, 4.86667],
					"texture": "#2"
				},
				"down": {
					"uv": [13.66667, 3.16667, 15.5, 4.86667],
					"texture": "#2"
				}
			}
		},
		{
			"from": [8.75, 13.65, 4.2],
			"to": [9.6, 14.5, 4.4],
			"rotation": {
				"angle": 0,
				"axis": "y",
				"origin": [8, 9, 3.4]
			},
			"faces": {
				"north": {
					"uv": [14.5, 8.83333, 15.35, 9.68333],
					"texture": "#2"
				},
				"east": {
					"uv": [14.5, 8.83333, 14.7, 9.68333],
					"texture": "#2"
				},
				"south": {
					"uv": [14.5, 8.83333, 15.35, 9.68333],
					"texture": "#2"
				},
				"west": {
					"uv": [14.5, 8.83333, 14.7, 9.68333],
					"texture": "#2"
				},
				"up": {
					"uv": [14.5, 8.83333, 15.35, 9.03333],
					"texture": "#2"
				},
				"down": {
					"uv": [14.5, 8.83333, 15.35, 9.03333],
					"texture": "#2"
				}
			}
		},
		{
			"from": [6.4, 13.65, 4.2],
			"to": [7.25, 14.5, 4.4],
			"rotation": {
				"angle": 0,
				"axis": "y",
				"origin": [5.5, 9, 3.4]
			},
			"faces": {
				"north": {
					"uv": [14.5, 8.83333, 15.35, 9.68333],
					"texture": "#2"
				},
				"east": {
					"uv": [14.5, 8.83333, 14.7, 9.68333],
					"texture": "#2"
				},
				"south": {
					"uv": [14.5, 8.83333, 15.35, 9.68333],
					"texture": "#2"
				},
				"west": {
					"uv": [14.5, 8.83333, 14.7, 9.68333],
					"texture": "#2"
				},
				"up": {
					"uv": [14.5, 8.83333, 15.35, 9.03333],
					"texture": "#2"
				},
				"down": {
					"uv": [14.5, 8.83333, 15.35, 9.03333],
					"texture": "#2"
				}
			}
		},
		{
			"from": [5.75, 14.8, 9],
			"to": [10.25, 15, 9.2],
			"rotation": {
				"angle": 0,
				"axis": "y",
				"origin": [8, 9, 8.2]
			},
			"faces": {
				"north": {
					"uv": [13.68333, 6.08333, 15.6, 7.45],
					"texture": "#2"
				},
				"east": {
					"uv": [13.71667, 5.58333, 16, 7.7],
					"texture": "#2"
				},
				"south": {
					"uv": [13.68333, 6.08333, 15.6, 7.45],
					"texture": "#2"
				},
				"west": {
					"uv": [13.71667, 5.58333, 16, 7.7],
					"texture": "#2"
				},
				"up": {
					"uv": [13.68333, 6.08333, 15.6, 7.45],
					"texture": "#2"
				},
				"down": {
					"uv": [13.68333, 6.08333, 15.6, 7.45],
					"texture": "#2"
				}
			}
		},
		{
			"from": [10.25, 14.8, 4.3],
			"to": [10.45, 15, 9.2],
			"rotation": {
				"angle": 0,
				"axis": "y",
				"origin": [12.5, 9, 8.2]
			},
			"faces": {
				"north": {
					"uv": [13.71667, 5.58333, 16, 7.7],
					"texture": "#2"
				},
				"east": {
					"uv": [13.68333, 6.08333, 16, 7.45],
					"texture": "#2"
				},
				"south": {
					"uv": [13.71667, 5.58333, 16, 7.7],
					"texture": "#2"
				},
				"west": {
					"uv": [13.68333, 6.08333, 16, 7.45],
					"texture": "#2"
				},
				"up": {
					"uv": [13.55, 5.66667, 16, 7.65],
					"texture": "#2"
				},
				"down": {
					"uv": [13.55, 5.66667, 16, 7.65],
					"texture": "#2"
				}
			}
		},
		{
			"from": [5.55, 14.8, 4.3],
			"to": [5.75, 15, 9.2],
			"rotation": {
				"angle": 0,
				"axis": "y",
				"origin": [7.8, 9, 8.2]
			},
			"faces": {
				"north": {
					"uv": [13.71667, 5.58333, 16, 7.7],
					"texture": "#2"
				},
				"east": {
					"uv": [13.68333, 6.08333, 16, 7.45],
					"texture": "#2"
				},
				"south": {
					"uv": [13.71667, 5.58333, 16, 7.7],
					"texture": "#2"
				},
				"west": {
					"uv": [13.68333, 6.08333, 16, 7.45],
					"texture": "#2"
				},
				"up": {
					"uv": [13.55, 5.66667, 16, 7.65],
					"texture": "#2"
				},
				"down": {
					"uv": [13.55, 5.66667, 16, 7.65],
					"texture": "#2"
				}
			}
		},
		{
			"from": [6.5, 17.25, 5.25],
			"to": [9.5, 25, 8.25],
			"rotation": {
				"angle": 0,
				"axis": "y",
				"origin": [8, 17, 7.75]
			},
			"faces": {
				"north": {
					"uv": [10.83333, 13.58333, 13.16667, 16],
					"texture": "#2"
				},
				"east": {
					"uv": [10.83333, 13.58333, 13.16667, 16],
					"texture": "#2"
				},
				"south": {
					"uv": [10.83333, 13.58333, 13.16667, 16],
					"texture": "#2"
				},
				"west": {
					"uv": [10.83333, 13.58333, 13.16667, 16],
					"texture": "#2"
				},
				"up": {
					"uv": [10.83333, 13.5, 13.08333, 16],
					"texture": "#2"
				},
				"down": {
					"uv": [10.83333, 13.5, 13.08333, 16],
					"texture": "#2"
				}
			}
		},
		{
			"from": [6.5, 24.25, 5],
			"to": [9.5, 25, 5.25],
			"rotation": {
				"angle": 0,
				"axis": "y",
				"origin": [8, 18, 7.5]
			},
			"faces": {
				"north": {
					"uv": [11.16667, 14.08333, 12.91667, 15.33333],
					"texture": "#2"
				},
				"east": {
					"uv": [10.91667, 14.16667, 12.83333, 15.91667],
					"texture": "#2"
				},
				"south": {
					"uv": [11.16667, 14.08333, 12.91667, 15.33333],
					"texture": "#2"
				},
				"west": {
					"uv": [10.91667, 14.16667, 12.83333, 15.91667],
					"texture": "#2"
				},
				"up": {
					"uv": [11.16667, 13.91667, 12.75, 15.83333],
					"texture": "#2"
				},
				"down": {
					"uv": [11.16667, 13.91667, 12.75, 15.83333],
					"texture": "#2"
				}
			}
		},
		{
			"from": [6.5, 24.25, 8.25],
			"to": [9.5, 25, 8.5],
			"rotation": {
				"angle": 0,
				"axis": "y",
				"origin": [8, 18, 10.75]
			},
			"faces": {
				"north": {
					"uv": [11.16667, 14.08333, 12.91667, 15.33333],
					"texture": "#2"
				},
				"east": {
					"uv": [10.91667, 14.16667, 12.83333, 15.91667],
					"texture": "#2"
				},
				"south": {
					"uv": [11.16667, 14.08333, 12.91667, 15.33333],
					"texture": "#2"
				},
				"west": {
					"uv": [10.91667, 14.16667, 12.83333, 15.91667],
					"texture": "#2"
				},
				"up": {
					"uv": [11.16667, 13.91667, 12.75, 15.83333],
					"texture": "#2"
				},
				"down": {
					"uv": [11.16667, 13.91667, 12.75, 15.83333],
					"texture": "#2"
				}
			}
		},
		{
			"from": [9.5, 24.25, 5.25],
			"to": [9.75, 25, 8.25],
			"rotation": {
				"angle": 0,
				"axis": "y",
				"origin": [11, 18, 10.75]
			},
			"faces": {
				"north": {
					"uv": [10.91667, 14.16667, 12.83333, 15.91667],
					"texture": "#2"
				},
				"east": {
					"uv": [11.16667, 14.08333, 12.91667, 15.33333],
					"texture": "#2"
				},
				"south": {
					"uv": [10.91667, 14.16667, 12.83333, 15.91667],
					"texture": "#2"
				},
				"west": {
					"uv": [11.16667, 14.08333, 12.91667, 15.33333],
					"texture": "#2"
				},
				"up": {
					"uv": [11.16667, 13.75, 12, 16],
					"texture": "#2"
				},
				"down": {
					"uv": [11.16667, 13.75, 12, 16],
					"texture": "#2"
				}
			}
		},
		{
			"from": [6.5, 22.825, 5.15],
			"to": [9.5, 25.825, 6.15],
			"rotation": {
				"angle": -22.5,
				"axis": "x",
				"origin": [8, 22.575, 7.65]
			},
			"faces": {
				"north": {
					"uv": [10.83333, 13.5, 13.08333, 16],
					"texture": "#2"
				},
				"east": {
					"uv": [11.16667, 13.75, 12.75, 16],
					"texture": "#2"
				},
				"south": {
					"uv": [10.83333, 13.5, 13.08333, 16],
					"texture": "#2"
				},
				"west": {
					"uv": [11.16667, 13.75, 12.75, 16],
					"texture": "#2"
				},
				"up": {
					"uv": [11.16667, 14.08333, 12.91667, 15.58333],
					"texture": "#2"
				},
				"down": {
					"uv": [11.16667, 14.08333, 12.91667, 15.58333],
					"texture": "#2"
				}
			}
		},
		{
			"from": [6.5, 21.3, 7.05],
			"to": [9.5, 24.3, 8.05],
			"rotation": {
				"angle": 22.5,
				"axis": "x",
				"origin": [8, 21.05, 9.55]
			},
			"faces": {
				"north": {
					"uv": [10.83333, 13.5, 13.08333, 16],
					"texture": "#2"
				},
				"east": {
					"uv": [11.16667, 13.75, 12.75, 16],
					"texture": "#2"
				},
				"south": {
					"uv": [10.83333, 13.5, 13.08333, 16],
					"texture": "#2"
				},
				"west": {
					"uv": [11.16667, 13.75, 12.75, 16],
					"texture": "#2"
				},
				"up": {
					"uv": [11.16667, 14.08333, 12.91667, 15.58333],
					"texture": "#2"
				},
				"down": {
					"uv": [11.16667, 14.08333, 12.91667, 15.58333],
					"texture": "#2"
				}
			}
		},
		{
			"from": [8.3, 21.3, 5.25],
			"to": [9.3, 24.3, 8.25],
			"rotation": {
				"angle": -22.5,
				"axis": "z",
				"origin": [10.8, 21.05, 6.75]
			},
			"faces": {
				"north": {
					"uv": [11.16667, 13.75, 12.75, 16],
					"texture": "#2"
				},
				"east": {
					"uv": [10.83333, 13.5, 13.08333, 16],
					"texture": "#2"
				},
				"south": {
					"uv": [11.16667, 13.75, 12.75, 16],
					"texture": "#2"
				},
				"west": {
					"uv": [10.83333, 13.5, 13.08333, 16],
					"texture": "#2"
				},
				"up": {
					"uv": [11.16667, 14.08333, 12.91667, 15.58333],
					"rotation": 270,
					"texture": "#2"
				},
				"down": {
					"uv": [11.16667, 14.08333, 12.91667, 15.58333],
					"rotation": 90,
					"texture": "#2"
				}
			}
		},
		{
			"from": [6.4, 17.25, 5.15],
			"to": [9.6, 19, 8.35],
			"rotation": {
				"angle": 0,
				"axis": "y",
				"origin": [8, 17, 7.75]
			},
			"faces": {
				"north": {
					"uv": [13.46667, 13.63333, 16, 14.55],
					"texture": "#2"
				},
				"east": {
					"uv": [13.46667, 13.63333, 16, 14.55],
					"texture": "#2"
				},
				"south": {
					"uv": [13.46667, 13.63333, 16, 14.55],
					"texture": "#2"
				},
				"west": {
					"uv": [13.46667, 13.63333, 16, 14.55],
					"texture": "#2"
				},
				"up": {
					"uv": [13.46667, 13.63333, 16, 16],
					"texture": "#2"
				},
				"down": {
					"uv": [13.46667, 13.63333, 16, 16],
					"texture": "#2"
				}
			}
		},
		{
			"from": [5.5, 17, 4.25],
			"to": [10.5, 17.25, 9.25],
			"rotation": {
				"angle": 0,
				"axis": "y",
				"origin": [8, 16.75, 8]
			},
			"faces": {
				"north": {
					"uv": [10.91667, 13.5, 13.08333, 16],
					"texture": "#2"
				},
				"east": {
					"uv": [10.91667, 13.5, 13.08333, 16],
					"texture": "#2"
				},
				"south": {
					"uv": [10.91667, 13.5, 13.08333, 16],
					"texture": "#2"
				},
				"west": {
					"uv": [10.91667, 13.5, 13.08333, 16],
					"texture": "#2"
				},
				"up": {
					"uv": [10.91667, 13.58333, 13.16667, 16],
					"texture": "#2"
				},
				"down": {
					"uv": [10.91667, 13.58333, 13.16667, 16],
					"texture": "#2"
				}
			}
		},
		{
			"from": [6.7, 21.3, 5.25],
			"to": [7.7, 24.3, 8.25],
			"rotation": {
				"angle": 22.5,
				"axis": "z",
				"origin": [5.2, 21.05, 6.75]
			},
			"faces": {
				"north": {
					"uv": [11.41667, 13.83333, 12.58333, 16],
					"texture": "#2"
				},
				"east": {
					"uv": [10.83333, 13.66667, 13.08333, 16],
					"texture": "#2"
				},
				"south": {
					"uv": [11.41667, 13.83333, 12.58333, 16],
					"texture": "#2"
				},
				"west": {
					"uv": [10.83333, 13.66667, 13.08333, 16],
					"texture": "#2"
				},
				"up": {
					"uv": [10.83333, 14.5, 13.08333, 15],
					"rotation": 270,
					"texture": "#2"
				},
				"down": {
					"uv": [10.83333, 14.5, 13.08333, 15],
					"rotation": 90,
					"texture": "#2"
				}
			}
		},
		{
			"from": [6.25, 24.25, 5.25],
			"to": [6.5, 25, 8.25],
			"rotation": {
				"angle": 0,
				"axis": "y",
				"origin": [5, 18, 10.75]
			},
			"faces": {
				"north": {
					"uv": [11.16667, 14.16667, 13.08333, 15.91667],
					"texture": "#2"
				},
				"east": {
					"uv": [10.91667, 13.66667, 13.08333, 15.83333],
					"texture": "#2"
				},
				"south": {
					"uv": [11.16667, 14.16667, 13.08333, 15.91667],
					"texture": "#2"
				},
				"west": {
					"uv": [10.91667, 13.66667, 13.08333, 15.83333],
					"texture": "#2"
				},
				"up": {
					"uv": [11.41667, 13.75, 12.25, 16],
					"texture": "#2"
				},
				"down": {
					"uv": [11.41667, 13.75, 12.25, 16],
					"texture": "#2"
				}
			}
		}
	]
}