{
	"textures": {
		"2": "animated_java:blueprint/jack_model/jack",
		"particle": "minecraft:item/pufferfish"
	},
	"display": {
		"head": {
			"rotation": [0, 180, 0]
		}
	},
	"elements": [
		{
			"from": [6.25, 6, 6.25],
			"to": [9.75, 8, 9.75],
			"rotation": {
				"angle": 0,
				"axis": "y",
				"origin": [8.75, 6, 8.25]
			},
			"faces": {
				"north": {
					"uv": [10.91667, 10.83333, 13.08333, 13.08333],
					"texture": "#2"
				},
				"east": {
					"uv": [10.91667, 10.83333, 13.08333, 13.08333],
					"texture": "#2"
				},
				"south": {
					"uv": [10.91667, 10.83333, 13.08333, 13.08333],
					"texture": "#2"
				},
				"west": {
					"uv": [10.91667, 10.83333, 13.08333, 13.08333],
					"texture": "#2"
				},
				"up": {
					"uv": [10.83333, 10.83333, 13.25, 13.25],
					"texture": "#2"
				},
				"down": {
					"uv": [10.83333, 10.83333, 13.25, 13.25],
					"texture": "#2"
				}
			}
		},
		{
			"from": [6.25, 6, 4.25],
			"to": [9.75, 7.35, 6.25],
			"rotation": {
				"angle": 0,
				"axis": "y",
				"origin": [8.75, 6.5, 4.25]
			},
			"faces": {
				"north": {
					"uv": [10.91667, 10.83333, 13.08333, 12.43333],
					"texture": "#2"
				},
				"east": {
					"uv": [11, 11.16667, 13, 12.51667],
					"texture": "#2"
				},
				"south": {
					"uv": [10.91667, 10.83333, 13.08333, 12.43333],
					"texture": "#2"
				},
				"west": {
					"uv": [11, 11.16667, 13, 12.51667],
					"texture": "#2"
				},
				"up": {
					"uv": [11.25, 11.83333, 13.08333, 13.16667],
					"texture": "#2"
				},
				"down": {
					"uv": [10.91667, 10.83333, 13.08333, 13.08333],
					"texture": "#2"
				}
			}
		},
		{
			"from": [7.375, 6, 1.525],
			"to": [8.625, 7.35, 4.25],
			"rotation": {
				"angle": 0,
				"axis": "y",
				"origin": [8.75, 6.5, 2.25]
			},
			"faces": {
				"north": {
					"uv": [10.83333, 10.91667, 12.33333, 12.6],
					"texture": "#2"
				},
				"east": {
					"uv": [10.91667, 10.83333, 12.30833, 12.43333],
					"texture": "#2"
				},
				"south": {
					"uv": [10.83333, 10.91667, 12.33333, 12.6],
					"texture": "#2"
				},
				"west": {
					"uv": [10.91667, 10.83333, 12.30833, 12.43333],
					"texture": "#2"
				},
				"up": {
					"uv": [11.66667, 12.58333, 13.16667, 13.225],
					"texture": "#2"
				},
				"down": {
					"uv": [11, 10.91667, 12.33333, 12.89167],
					"texture": "#2"
				}
			}
		},
		{
			"from": [6.8, 6, 2.4],
			"to": [8.3, 7.3, 5.4],
			"rotation": {
				"angle": -22.5,
				"axis": "y",
				"origin": [9.3, 6.5, 3.4]
			},
			"faces": {
				"north": {
					"uv": [10.83333, 10.91667, 12.58333, 12.6],
					"texture": "#2"
				},
				"east": {
					"uv": [10.91667, 10.83333, 12.58333, 12.43333],
					"texture": "#2"
				},
				"south": {
					"uv": [10.83333, 10.91667, 12.58333, 12.6],
					"texture": "#2"
				},
				"west": {
					"uv": [10.91667, 10.83333, 12.58333, 12.43333],
					"texture": "#2"
				},
				"up": {
					"uv": [11.41667, 12.41667, 13.16667, 13.16667],
					"texture": "#2"
				},
				"down": {
					"uv": [11, 10.91667, 12.58333, 13.16667],
					"texture": "#2"
				}
			}
		},
		{
			"from": [7.425, 6, 1.05],
			"to": [8.925, 7.3, 4.05],
			"rotation": {
				"angle": 22.5,
				"axis": "y",
				"origin": [9.925, 6.5, 2.05]
			},
			"faces": {
				"north": {
					"uv": [10.83333, 10.91667, 12.58333, 12.6],
					"texture": "#2"
				},
				"east": {
					"uv": [10.91667, 10.83333, 12.58333, 12.43333],
					"texture": "#2"
				},
				"south": {
					"uv": [10.83333, 10.91667, 12.58333, 12.6],
					"texture": "#2"
				},
				"west": {
					"uv": [10.91667, 10.83333, 12.58333, 12.43333],
					"texture": "#2"
				},
				"up": {
					"uv": [11.41667, 12.41667, 13.16667, 13.16667],
					"texture": "#2"
				},
				"down": {
					"uv": [11, 10.91667, 12.58333, 13.16667],
					"texture": "#2"
				}
			}
		},
		{
			"from": [6.25, 6.5, 4.9],
			"to": [9.75, 7.25, 6.6],
			"rotation": {
				"angle": -22.5,
				"axis": "x",
				"origin": [8.75, 6.75, 4.6]
			},
			"faces": {
				"north": {
					"uv": [10.91667, 10.91667, 12.91667, 13.08333],
					"texture": "#2"
				},
				"east": {
					"uv": [11, 11.16667, 12.7, 11.91667],
					"texture": "#2"
				},
				"south": {
					"uv": [10.91667, 10.91667, 12.91667, 13.08333],
					"texture": "#2"
				},
				"west": {
					"uv": [11, 11.16667, 12.7, 11.91667],
					"texture": "#2"
				},
				"up": {
					"uv": [10.83333, 12.16667, 13.08333, 12.78333],
					"texture": "#2"
				},
				"down": {
					"uv": [10.91667, 10.83333, 13.08333, 12.78333],
					"texture": "#2"
				}
			}
		}
	]
}