{
	"textures": {
		"2": "animated_java:blueprint/jack_model/jack",
		"particle": "minecraft:item/pufferfish"
	},
	"display": {
		"head": {
			"rotation": [0, 180, 0]
		}
	},
	"elements": [
		{
			"from": [6.5, -3, 6.5],
			"to": [9.5, -2, 9.5],
			"rotation": {
				"angle": 0,
				"axis": "y",
				"origin": [7.25, -4, 8.75]
			},
			"faces": {
				"north": {
					"uv": [13.25, 8.16667, 11, 9.08333],
					"texture": "#2"
				},
				"east": {
					"uv": [13.25, 8.16667, 11, 9.08333],
					"texture": "#2"
				},
				"south": {
					"uv": [13.25, 8.16667, 11, 9.08333],
					"texture": "#2"
				},
				"west": {
					"uv": [13.25, 8.16667, 10.91667, 9.08333],
					"texture": "#2"
				},
				"up": {
					"uv": [13.25, 8.16667, 10.83333, 10.66667],
					"texture": "#2"
				},
				"down": {
					"uv": [13.25, 8.16667, 10.83333, 10.66667],
					"texture": "#2"
				}
			}
		},
		{
			"from": [6.25, -2, 6.25],
			"to": [9.75, 8, 9.75],
			"rotation": {
				"angle": 0,
				"axis": "y",
				"origin": [7.25, -3, 8.75]
			},
			"faces": {
				"north": {
					"uv": [10.41667, 8.25, 5.5, 13.16667],
					"texture": "#2"
				},
				"east": {
					"uv": [10.41667, 8.25, 5.5, 13.16667],
					"texture": "#2"
				},
				"south": {
					"uv": [10.41667, 8.25, 5.5, 13.16667],
					"texture": "#2"
				},
				"west": {
					"uv": [10.41667, 8.25, 5.5, 13.16667],
					"texture": "#2"
				},
				"up": {
					"uv": [9.75, 8.33333, 6.16667, 11.5],
					"texture": "#2"
				},
				"down": {
					"uv": [9.75, 8.33333, 6.16667, 11.5],
					"texture": "#2"
				}
			}
		}
	]
}