{
	"textures": {
		"2": "animated_java:blueprint/jack_model/jack",
		"particle": "minecraft:item/pufferfish"
	},
	"display": {
		"head": {
			"rotation": [0, 180, 0]
		}
	},
	"elements": [
		{
			"from": [7.5, -3.25, 6],
			"to": [8, 8, 9.75],
			"rotation": {
				"angle": 0,
				"axis": "y",
				"origin": [8.5, 3, 8.75]
			},
			"faces": {
				"north": {
					"uv": [0, 0, 9.41327, 1.09524],
					"rotation": 90,
					"texture": "#2"
				},
				"east": {
					"uv": [0, 0, 10.25, 4.58333],
					"rotation": 90,
					"texture": "#2"
				},
				"south": {
					"uv": [0, 0, 9.41327, 1.09524],
					"rotation": 90,
					"texture": "#2"
				},
				"west": {
					"uv": [0, 0, 10.25, 4.58333],
					"rotation": 90,
					"texture": "#2"
				},
				"up": {
					"uv": [0, 0, 0.5, 3.75],
					"texture": "#2"
				},
				"down": {
					"uv": [0, 0, 0.5, 3.75],
					"texture": "#2"
				}
			}
		},
		{
			"from": [7.5, -3.25, 9.75],
			"to": [8, 4, 11.25],
			"rotation": {
				"angle": 0,
				"axis": "y",
				"origin": [8.5, 3, 12.25]
			},
			"faces": {
				"north": {
					"uv": [0, 0, 0.5, 7.25],
					"texture": "#2"
				},
				"east": {
					"uv": [0, 0, 1.5, 7.25],
					"texture": "#2"
				},
				"south": {
					"uv": [0, 0, 0.5, 7.25],
					"texture": "#2"
				},
				"west": {
					"uv": [0, 0, 1.5, 7.25],
					"texture": "#2"
				},
				"up": {
					"uv": [0, 0, 0.5, 1.5],
					"texture": "#2"
				},
				"down": {
					"uv": [0, 0, 0.5, 1.5],
					"texture": "#2"
				}
			}
		},
		{
			"from": [7.5, -4, 11.25],
			"to": [8, 0.5, 12.75],
			"rotation": {
				"angle": 0,
				"axis": "y",
				"origin": [8.5, 3, 13.75]
			},
			"faces": {
				"north": {
					"uv": [0, 0, 0.5, 4.5],
					"texture": "#2"
				},
				"east": {
					"uv": [0, 0, 1.5, 4.5],
					"texture": "#2"
				},
				"south": {
					"uv": [0, 0, 0.5, 4.5],
					"texture": "#2"
				},
				"west": {
					"uv": [0, 0, 1.5, 4.5],
					"texture": "#2"
				},
				"up": {
					"uv": [0, 0, 0.5, 1.5],
					"texture": "#2"
				},
				"down": {
					"uv": [0, 0, 0.5, 1.5],
					"texture": "#2"
				}
			}
		},
		{
			"from": [7.5, -5, 10.75],
			"to": [8, -3.25, 11.25],
			"rotation": {
				"angle": 0,
				"axis": "y",
				"origin": [8.5, -8.25, 13.25]
			},
			"faces": {
				"north": {
					"uv": [0, 0, 0.5, 1.75],
					"texture": "#2"
				},
				"east": {
					"uv": [0, 0, 0.5, 1.75],
					"texture": "#2"
				},
				"south": {
					"uv": [0, 0, 0.5, 1.75],
					"texture": "#2"
				},
				"west": {
					"uv": [0, 0, 0.5, 1.75],
					"texture": "#2"
				},
				"up": {
					"uv": [0, 0, 0.5, 0.5],
					"texture": "#2"
				},
				"down": {
					"uv": [0, 0, 0.5, 0.5],
					"texture": "#2"
				}
			}
		},
		{
			"from": [7.5, -5.5, 10.25],
			"to": [8, -3.25, 10.75],
			"rotation": {
				"angle": 0,
				"axis": "y",
				"origin": [8.5, -8.25, 12.75]
			},
			"faces": {
				"north": {
					"uv": [0, 0, 0.5, 2.25],
					"texture": "#2"
				},
				"east": {
					"uv": [0, 0, 0.5, 2.25],
					"texture": "#2"
				},
				"south": {
					"uv": [0, 0, 0.5, 2.25],
					"texture": "#2"
				},
				"west": {
					"uv": [0, 0, 0.5, 2.25],
					"texture": "#2"
				},
				"up": {
					"uv": [0, 0, 0.5, 0.5],
					"texture": "#2"
				},
				"down": {
					"uv": [0, 0, 0.5, 0.5],
					"texture": "#2"
				}
			}
		},
		{
			"from": [7.5, -7.5, 8.25],
			"to": [8, -3.25, 8.75],
			"rotation": {
				"angle": 0,
				"axis": "y",
				"origin": [8.5, -8.25, 10.75]
			},
			"faces": {
				"north": {
					"uv": [0, 0, 0.5, 4.25],
					"texture": "#2"
				},
				"east": {
					"uv": [0, 0, 0.5, 4.25],
					"texture": "#2"
				},
				"south": {
					"uv": [0, 0, 0.5, 4.25],
					"texture": "#2"
				},
				"west": {
					"uv": [0, 0, 0.5, 4.25],
					"texture": "#2"
				},
				"up": {
					"uv": [0, 0, 0.5, 0.5],
					"texture": "#2"
				},
				"down": {
					"uv": [0, 0, 0.5, 0.5],
					"texture": "#2"
				}
			}
		},
		{
			"from": [7.5, -7, 8.75],
			"to": [8, -3.25, 9.25],
			"rotation": {
				"angle": 0,
				"axis": "y",
				"origin": [8.5, -8.25, 11.25]
			},
			"faces": {
				"north": {
					"uv": [0, 0, 0.5, 3.75],
					"texture": "#2"
				},
				"east": {
					"uv": [0, 0, 0.5, 3.75],
					"texture": "#2"
				},
				"south": {
					"uv": [0, 0, 0.5, 3.75],
					"texture": "#2"
				},
				"west": {
					"uv": [0, 0, 0.5, 3.75],
					"texture": "#2"
				},
				"up": {
					"uv": [0, 0, 0.5, 0.5],
					"texture": "#2"
				},
				"down": {
					"uv": [0, 0, 0.5, 0.5],
					"texture": "#2"
				}
			}
		},
		{
			"from": [7.5, -8, 7.75],
			"to": [8, -3.25, 8.25],
			"rotation": {
				"angle": 0,
				"axis": "y",
				"origin": [8.5, -8.25, 10.25]
			},
			"faces": {
				"north": {
					"uv": [0, 0, 0.5, 4.75],
					"texture": "#2"
				},
				"east": {
					"uv": [0, 0, 0.5, 4.75],
					"texture": "#2"
				},
				"south": {
					"uv": [0, 0, 0.5, 4.75],
					"texture": "#2"
				},
				"west": {
					"uv": [0, 0, 0.5, 4.75],
					"texture": "#2"
				},
				"up": {
					"uv": [0, 0, 0.5, 0.5],
					"texture": "#2"
				},
				"down": {
					"uv": [0, 0, 0.5, 0.5],
					"texture": "#2"
				}
			}
		},
		{
			"from": [7.5, -9, 6.75],
			"to": [8, -3.25, 7.25],
			"rotation": {
				"angle": 0,
				"axis": "y",
				"origin": [8.5, -8.25, 9.25]
			},
			"faces": {
				"north": {
					"uv": [0, 0, 0.5, 5.75],
					"texture": "#2"
				},
				"east": {
					"uv": [0, 0, 0.5, 5.75],
					"texture": "#2"
				},
				"south": {
					"uv": [0, 0, 0.5, 5.75],
					"texture": "#2"
				},
				"west": {
					"uv": [0, 0, 0.5, 5.75],
					"texture": "#2"
				},
				"up": {
					"uv": [0, 0, 0.5, 0.5],
					"texture": "#2"
				},
				"down": {
					"uv": [0, 0, 0.5, 0.5],
					"texture": "#2"
				}
			}
		},
		{
			"from": [7.5, -8.5, 7.25],
			"to": [8, -3.25, 7.75],
			"rotation": {
				"angle": 0,
				"axis": "y",
				"origin": [8.5, -8.25, 9.75]
			},
			"faces": {
				"north": {
					"uv": [0, 0, 0.5, 5.25],
					"texture": "#2"
				},
				"east": {
					"uv": [0, 0, 0.5, 5.25],
					"texture": "#2"
				},
				"south": {
					"uv": [0, 0, 0.5, 5.25],
					"texture": "#2"
				},
				"west": {
					"uv": [0, 0, 0.5, 5.25],
					"texture": "#2"
				},
				"up": {
					"uv": [0, 0, 0.5, 0.5],
					"texture": "#2"
				},
				"down": {
					"uv": [0, 0, 0.5, 0.5],
					"texture": "#2"
				}
			}
		},
		{
			"from": [7.5, -9.5, 6],
			"to": [8, -3.25, 6.75],
			"rotation": {
				"angle": 0,
				"axis": "y",
				"origin": [8.5, -8.25, 8.75]
			},
			"faces": {
				"north": {
					"uv": [0, 0, 0.5, 6.25],
					"texture": "#2"
				},
				"east": {
					"uv": [0, 0, 0.75, 6.25],
					"texture": "#2"
				},
				"south": {
					"uv": [0, 0, 0.5, 6.25],
					"texture": "#2"
				},
				"west": {
					"uv": [0, 0, 0.75, 6.25],
					"texture": "#2"
				},
				"up": {
					"uv": [0, 0, 0.5, 0.75],
					"texture": "#2"
				},
				"down": {
					"uv": [0, 0, 0.5, 0.75],
					"texture": "#2"
				}
			}
		},
		{
			"from": [7.5, -6.5, 9.25],
			"to": [8, -3.25, 9.75],
			"rotation": {
				"angle": 0,
				"axis": "y",
				"origin": [8.5, -8.25, 11.75]
			},
			"faces": {
				"north": {
					"uv": [0, 0, 0.5, 3.25],
					"texture": "#2"
				},
				"east": {
					"uv": [0, 0, 0.5, 3.25],
					"texture": "#2"
				},
				"south": {
					"uv": [0, 0, 0.5, 3.25],
					"texture": "#2"
				},
				"west": {
					"uv": [0, 0, 0.5, 3.25],
					"texture": "#2"
				},
				"up": {
					"uv": [0, 0, 0.5, 0.5],
					"texture": "#2"
				},
				"down": {
					"uv": [0, 0, 0.5, 0.5],
					"texture": "#2"
				}
			}
		},
		{
			"from": [7.5, -6, 9.75],
			"to": [8, -3.25, 10.25],
			"rotation": {
				"angle": 0,
				"axis": "y",
				"origin": [8.5, -8.25, 12.25]
			},
			"faces": {
				"north": {
					"uv": [0, 0, 0.5, 2.75],
					"texture": "#2"
				},
				"east": {
					"uv": [0, 0, 0.5, 2.75],
					"texture": "#2"
				},
				"south": {
					"uv": [0, 0, 0.5, 2.75],
					"texture": "#2"
				},
				"west": {
					"uv": [0, 0, 0.5, 2.75],
					"texture": "#2"
				},
				"up": {
					"uv": [0, 0, 0.5, 0.5],
					"texture": "#2"
				},
				"down": {
					"uv": [0, 0, 0.5, 0.5],
					"texture": "#2"
				}
			}
		}
	]
}